"id","name","code","reconcile","account_type","tag_ids","name@de"
"chart_skr49_0705","Geldtransit","0705","True","asset_current","l10n_de_skr49.account_tag_skr49_017,l10n_de_skr49.account_tag_skr49_094","chart_skr49_0705"
"chart_skr49_0010","Entgeltlich erworbene Konzessionen, gewerbliche Schutzrechte und ähnliche Rechte und Werte sowie Lizenzen an solchen Rechten und Werten","0010","False","asset_non_current","l10n_de_skr49.account_tag_skr49_012,l10n_de_skr49.account_tag_skr49_065","chart_skr49_0010"
"chart_skr49_0015","Konzessionen","0015","False","asset_non_current","l10n_de_skr49.account_tag_skr49_012,l10n_de_skr49.account_tag_skr49_065","chart_skr49_0015"
"chart_skr49_0016","Ablöse bezahlte Sportler","0016","False","asset_non_current","l10n_de_skr49.account_tag_skr49_012,l10n_de_skr49.account_tag_skr49_065","chart_skr49_0016"
"chart_skr49_0017","Ablöse unbezahlte Sportler bis 2.556 Euro","0017","False","asset_non_current","l10n_de_skr49.account_tag_skr49_012,l10n_de_skr49.account_tag_skr49_065","chart_skr49_0017"
"chart_skr49_0018","Ablöse unbezahlte Sportler über 2.556 Euro","0018","False","asset_non_current","l10n_de_skr49.account_tag_skr49_012,l10n_de_skr49.account_tag_skr49_065","chart_skr49_0018"
"chart_skr49_0020","Gewerbliche Schutzrechte","0020","False","asset_non_current","l10n_de_skr49.account_tag_skr49_012,l10n_de_skr49.account_tag_skr49_065","chart_skr49_0020"
"chart_skr49_0025","Ähnliche Rechte und Werte","0025","False","asset_non_current","l10n_de_skr49.account_tag_skr49_012,l10n_de_skr49.account_tag_skr49_065","chart_skr49_0025"
"chart_skr49_0026","Rechtswerte","0026","False","asset_non_current","l10n_de_skr49.account_tag_skr49_012,l10n_de_skr49.account_tag_skr49_065","chart_skr49_0026"
"chart_skr49_0027","EDV-Software","0027","False","asset_non_current","l10n_de_skr49.account_tag_skr49_012,l10n_de_skr49.account_tag_skr49_065","chart_skr49_0027"
"chart_skr49_0030","Lizenzen an gewerblichen Schutzrechten","0030","False","asset_non_current","l10n_de_skr49.account_tag_skr49_012,l10n_de_skr49.account_tag_skr49_065","chart_skr49_0030"
"chart_skr49_0035","Geschäfts- oder Firmenwert","0035","False","asset_non_current","l10n_de_skr49.account_tag_skr49_012,l10n_de_skr49.account_tag_skr49_066","chart_skr49_0035"
"chart_skr49_0038","Anzahlungen auf Geschäfts- oder Firmenwert","0038","False","asset_non_current","l10n_de_skr49.account_tag_skr49_012,l10n_de_skr49.account_tag_skr49_067","chart_skr49_0038"
"chart_skr49_0039","Geleistete Anzahlungen auf immaterielle Vermögensgegenstände","0039","False","asset_non_current","l10n_de_skr49.account_tag_skr49_012,l10n_de_skr49.account_tag_skr49_067","chart_skr49_0039"
"chart_skr49_0040","Verschmelzungsmehrwert","0040","False","asset_non_current","l10n_de_skr49.account_tag_skr49_012,l10n_de_skr49.account_tag_skr49_066","chart_skr49_0040"
"chart_skr49_0050","Unbebaute Grundstücke","0050","False","asset_non_current","l10n_de_skr49.account_tag_skr49_013,l10n_de_skr49.account_tag_skr49_068","chart_skr49_0050"
"chart_skr49_0055","Grundstückswerte eigener Grundstücke bebaut mit Gebäuden","0055","False","asset_non_current","l10n_de_skr49.account_tag_skr49_013,l10n_de_skr49.account_tag_skr49_068","chart_skr49_0055"
"chart_skr49_0060","Grundstückswerte eigener Grundstücke bebaut mit Anlagen","0060","False","asset_non_current","l10n_de_skr49.account_tag_skr49_013,l10n_de_skr49.account_tag_skr49_068","chart_skr49_0060"
"chart_skr49_0065","Grundstücke mit Substanzverzehr","0065","False","asset_non_current","l10n_de_skr49.account_tag_skr49_013,l10n_de_skr49.account_tag_skr49_068","chart_skr49_0065"
"chart_skr49_0070","Grundstücksgleiche Rechte (Erbbaurecht, Dauerwohnrecht, unbebaute Grundstücke)","0070","False","asset_non_current","l10n_de_skr49.account_tag_skr49_013,l10n_de_skr49.account_tag_skr49_068","chart_skr49_0070"
"chart_skr49_0100","Gebäude","0100","False","asset_non_current","l10n_de_skr49.account_tag_skr49_013,l10n_de_skr49.account_tag_skr49_069","chart_skr49_0100"
"chart_skr49_0110","Vereinsheim","0110","False","asset_non_current","l10n_de_skr49.account_tag_skr49_013,l10n_de_skr49.account_tag_skr49_069","chart_skr49_0110"
"chart_skr49_0111","Sporthallen","0111","False","asset_non_current","l10n_de_skr49.account_tag_skr49_013,l10n_de_skr49.account_tag_skr49_069","chart_skr49_0111"
"chart_skr49_0112","Sportanlagen","0112","False","asset_non_current","l10n_de_skr49.account_tag_skr49_013,l10n_de_skr49.account_tag_skr49_069","chart_skr49_0112"
"chart_skr49_0120","Vereinsgaststätte","0120","False","asset_non_current","l10n_de_skr49.account_tag_skr49_013,l10n_de_skr49.account_tag_skr49_069","chart_skr49_0120"
"chart_skr49_0125","Sonstige Vereinsgebäude","0125","False","asset_non_current","l10n_de_skr49.account_tag_skr49_013,l10n_de_skr49.account_tag_skr49_069","chart_skr49_0125"
"chart_skr49_0130","Geschäftsbauten","0130","False","asset_non_current","l10n_de_skr49.account_tag_skr49_013,l10n_de_skr49.account_tag_skr49_069","chart_skr49_0130"
"chart_skr49_0135","Fabrikbauten","0135","False","asset_non_current","l10n_de_skr49.account_tag_skr49_013,l10n_de_skr49.account_tag_skr49_069","chart_skr49_0135"
"chart_skr49_0150","Garagen","0150","False","asset_non_current","l10n_de_skr49.account_tag_skr49_013,l10n_de_skr49.account_tag_skr49_069","chart_skr49_0150"
"chart_skr49_0155","Außenanlagen","0155","False","asset_non_current","l10n_de_skr49.account_tag_skr49_013,l10n_de_skr49.account_tag_skr49_069","chart_skr49_0155"
"chart_skr49_0160","Hof- und Wegebefestigungen","0160","False","asset_non_current","l10n_de_skr49.account_tag_skr49_013,l10n_de_skr49.account_tag_skr49_069","chart_skr49_0160"
"chart_skr49_0165","Wohnbauten","0165","False","asset_non_current","l10n_de_skr49.account_tag_skr49_013,l10n_de_skr49.account_tag_skr49_069","chart_skr49_0165"
"chart_skr49_0170","Einrichtungen für Gebäude","0170","False","asset_non_current","l10n_de_skr49.account_tag_skr49_013,l10n_de_skr49.account_tag_skr49_069","chart_skr49_0170"
"chart_skr49_0175","Ausbauten, Anbauten und Zubauten","0175","False","asset_non_current","l10n_de_skr49.account_tag_skr49_013,l10n_de_skr49.account_tag_skr49_069","chart_skr49_0175"
"chart_skr49_0180","Einbauten Pachtgrundstück","0180","False","asset_non_current","l10n_de_skr49.account_tag_skr49_013,l10n_de_skr49.account_tag_skr49_069","chart_skr49_0180"
"chart_skr49_0185","Bauten auf fremden Grundstücken","0185","False","asset_non_current","l10n_de_skr49.account_tag_skr49_013,l10n_de_skr49.account_tag_skr49_069","chart_skr49_0185"
"chart_skr49_0200","Technische Anlagen","0200","False","asset_non_current","l10n_de_skr49.account_tag_skr49_013,l10n_de_skr49.account_tag_skr49_070","chart_skr49_0200"
"chart_skr49_0205","Maschinen","0205","False","asset_non_current","l10n_de_skr49.account_tag_skr49_013,l10n_de_skr49.account_tag_skr49_070","chart_skr49_0205"
"chart_skr49_0210","Betriebsvorrichtungen","0210","False","asset_non_current","l10n_de_skr49.account_tag_skr49_013,l10n_de_skr49.account_tag_skr49_070","chart_skr49_0210"
"chart_skr49_0215","Sportvorrichtungen","0215","False","asset_non_current","l10n_de_skr49.account_tag_skr49_013,l10n_de_skr49.account_tag_skr49_070","chart_skr49_0215"
"chart_skr49_0220","Vereinsheimausstattung","0220","False","asset_non_current","l10n_de_skr49.account_tag_skr49_013,l10n_de_skr49.account_tag_skr49_070","chart_skr49_0220"
"chart_skr49_0250","Kraftfahrzeuge, Transportmittel","0250","False","asset_non_current","l10n_de_skr49.account_tag_skr49_014,l10n_de_skr49.account_tag_skr49_071","chart_skr49_0250"
"chart_skr49_0255","Pkw","0255","False","asset_non_current","l10n_de_skr49.account_tag_skr49_014,l10n_de_skr49.account_tag_skr49_071","chart_skr49_0255"
"chart_skr49_0260","Anhänger","0260","False","asset_non_current","l10n_de_skr49.account_tag_skr49_014,l10n_de_skr49.account_tag_skr49_071","chart_skr49_0260"
"chart_skr49_0265","Pflegemaschinen","0265","False","asset_non_current","l10n_de_skr49.account_tag_skr49_014,l10n_de_skr49.account_tag_skr49_071","chart_skr49_0265"
"chart_skr49_0300","Vereinsausstattung","0300","False","asset_non_current","l10n_de_skr49.account_tag_skr49_014,l10n_de_skr49.account_tag_skr49_072","chart_skr49_0300"
"chart_skr49_0305","Vereinskleidung","0305","False","asset_non_current","l10n_de_skr49.account_tag_skr49_014,l10n_de_skr49.account_tag_skr49_072","chart_skr49_0305"
"chart_skr49_0310","Sportgeräte","0310","False","asset_non_current","l10n_de_skr49.account_tag_skr49_014,l10n_de_skr49.account_tag_skr49_072","chart_skr49_0310"
"chart_skr49_0315","Werkzeuge","0315","False","asset_non_current","l10n_de_skr49.account_tag_skr49_014,l10n_de_skr49.account_tag_skr49_072","chart_skr49_0315"
"chart_skr49_0320","Büroeinrichtung","0320","False","asset_non_current","l10n_de_skr49.account_tag_skr49_014,l10n_de_skr49.account_tag_skr49_072","chart_skr49_0320"
"chart_skr49_0335","Sonstiges Inventar","0335","False","asset_non_current","l10n_de_skr49.account_tag_skr49_014,l10n_de_skr49.account_tag_skr49_072","chart_skr49_0335"
"chart_skr49_0340","Geringwertige Wirtschaftsgüter","0340","False","asset_non_current","l10n_de_skr49.account_tag_skr49_014,l10n_de_skr49.account_tag_skr49_072","chart_skr49_0340"
"chart_skr49_0341","Wirtschaftsgüter (Sammelposten)","0341","False","asset_non_current","l10n_de_skr49.account_tag_skr49_014,l10n_de_skr49.account_tag_skr49_072","chart_skr49_0341"
"chart_skr49_0400","Sonstige Anlagen und Ausstattung","0400","False","asset_non_current","l10n_de_skr49.account_tag_skr49_014,l10n_de_skr49.account_tag_skr49_073","chart_skr49_0400"
"chart_skr49_0405","Betriebsausstattung","0405","False","asset_non_current","l10n_de_skr49.account_tag_skr49_014,l10n_de_skr49.account_tag_skr49_073","chart_skr49_0405"
"chart_skr49_0410","Geschäftsausstattung","0410","False","asset_non_current","l10n_de_skr49.account_tag_skr49_014,l10n_de_skr49.account_tag_skr49_073","chart_skr49_0410"
"chart_skr49_0415","Büroeinrichtung","0415","False","asset_non_current","l10n_de_skr49.account_tag_skr49_014,l10n_de_skr49.account_tag_skr49_073","chart_skr49_0415"
"chart_skr49_0420","Ladeneinrichtung","0420","False","asset_non_current","l10n_de_skr49.account_tag_skr49_014,l10n_de_skr49.account_tag_skr49_073","chart_skr49_0420"
"chart_skr49_0425","Werkzeuge","0425","False","asset_non_current","l10n_de_skr49.account_tag_skr49_014,l10n_de_skr49.account_tag_skr49_073","chart_skr49_0425"
"chart_skr49_0430","Einbauten","0430","False","asset_non_current","l10n_de_skr49.account_tag_skr49_014,l10n_de_skr49.account_tag_skr49_073","chart_skr49_0430"
"chart_skr49_0475","Geringwertige Wirtschaftsgüter","0475","False","asset_non_current","l10n_de_skr49.account_tag_skr49_014,l10n_de_skr49.account_tag_skr49_073","chart_skr49_0475"
"chart_skr49_0476","Wirtschaftsgüter (Sammelposten)","0476","False","asset_non_current","l10n_de_skr49.account_tag_skr49_014,l10n_de_skr49.account_tag_skr49_073","chart_skr49_0476"
"chart_skr49_0480","Geleistete Anzahlungen Grundstücke/Gebäude","0480","False","asset_non_current","l10n_de_skr49.account_tag_skr49_014,l10n_de_skr49.account_tag_skr49_074","chart_skr49_0480"
"chart_skr49_0485","Gebäude im Bau","0485","False","asset_non_current","l10n_de_skr49.account_tag_skr49_014,l10n_de_skr49.account_tag_skr49_074","chart_skr49_0485"
"chart_skr49_0490","Geleistete Anzahlungen sonstige Sachanlagen","0490","False","asset_non_current","l10n_de_skr49.account_tag_skr49_014,l10n_de_skr49.account_tag_skr49_074","chart_skr49_0490"
"chart_skr49_0495","Sonstige Sachanlagen im Bau","0495","False","asset_non_current","l10n_de_skr49.account_tag_skr49_014,l10n_de_skr49.account_tag_skr49_074","chart_skr49_0495"
"chart_skr49_0500","Anteile an verbundenen Unternehmen (Anlagevermögen)","0500","False","asset_non_current","l10n_de_skr49.account_tag_skr49_015,l10n_de_skr49.account_tag_skr49_075","chart_skr49_0500"
"chart_skr49_0504","Anteile an herrschender oder mit Mehrheit beteiligter Gesellschaft","0504","False","asset_non_current","l10n_de_skr49.account_tag_skr49_015,l10n_de_skr49.account_tag_skr49_075","chart_skr49_0504"
"chart_skr49_0505","Ausleihungen an verbundene Unternehmen","0505","False","asset_non_current","l10n_de_skr49.account_tag_skr49_015,l10n_de_skr49.account_tag_skr49_076","chart_skr49_0505"
"chart_skr49_0510","Beteiligungen","0510","False","asset_non_current","l10n_de_skr49.account_tag_skr49_015,l10n_de_skr49.account_tag_skr49_077","chart_skr49_0510"
"chart_skr49_0513","Typisch stille Beteiligungen","0513","False","asset_non_current","l10n_de_skr49.account_tag_skr49_015,l10n_de_skr49.account_tag_skr49_077","chart_skr49_0513"
"chart_skr49_0516","Atypisch stille Beteiligungen","0516","False","asset_non_current","l10n_de_skr49.account_tag_skr49_015,l10n_de_skr49.account_tag_skr49_077","chart_skr49_0516"
"chart_skr49_0517","Beteiligungen an Kapitalgesellschaften","0517","False","asset_non_current","l10n_de_skr49.account_tag_skr49_015,l10n_de_skr49.account_tag_skr49_077","chart_skr49_0517"
"chart_skr49_0518","Beteiligungen an Personengesellschaften","0518","False","asset_non_current","l10n_de_skr49.account_tag_skr49_015,l10n_de_skr49.account_tag_skr49_077","chart_skr49_0518"
"chart_skr49_0540","Ausleihungen an Unternehmen, mit denen ein Beteiligungsverhältnis besteht","0540","False","asset_non_current","l10n_de_skr49.account_tag_skr49_015,l10n_de_skr49.account_tag_skr49_078","chart_skr49_0540"
"chart_skr49_0545","Wertpapiere des Anlagevermögens","0545","False","asset_non_current","l10n_de_skr49.account_tag_skr49_015,l10n_de_skr49.account_tag_skr49_079","chart_skr49_0545"
"chart_skr49_0550","Sonstige Ausleihungen","0550","False","asset_non_current","l10n_de_skr49.account_tag_skr49_015,l10n_de_skr49.account_tag_skr49_080","chart_skr49_0550"
"chart_skr49_0555","Geleistete Kautionen","0555","False","asset_non_current","l10n_de_skr49.account_tag_skr49_015,l10n_de_skr49.account_tag_skr49_080","chart_skr49_0555"
"chart_skr49_0560","Darlehen","0560","False","asset_non_current","l10n_de_skr49.account_tag_skr49_015,l10n_de_skr49.account_tag_skr49_080","chart_skr49_0560"
"chart_skr49_0600","Roh-, Hilfs- und Betriebsstoffe (Bestand)","0600","False","asset_current","l10n_de_skr49.account_tag_skr49_016,l10n_de_skr49.account_tag_skr49_081","chart_skr49_0600"
"chart_skr49_0610","Unfertige Erzeugnisse, unfertige Leistungen (Bestand)","0610","False","asset_current","l10n_de_skr49.account_tag_skr49_016,l10n_de_skr49.account_tag_skr49_082","chart_skr49_0610"
"chart_skr49_0620","Waren (Bestand)","0620","False","asset_current","l10n_de_skr49.account_tag_skr49_016,l10n_de_skr49.account_tag_skr49_083","chart_skr49_0620"
"chart_skr49_0621","Fertige Erzeugnisse (Bestand)","0621","False","asset_current","l10n_de_skr49.account_tag_skr49_016,l10n_de_skr49.account_tag_skr49_083","chart_skr49_0621"
"chart_skr49_0625","Bestände Waren/Material aus Sachspenden","0625","False","asset_current","l10n_de_skr49.account_tag_skr49_016,l10n_de_skr49.account_tag_skr49_083","chart_skr49_0625"
"chart_skr49_0630","Geleistete Anzahlungen auf Vorräte","0630","False","asset_current","l10n_de_skr49.account_tag_skr49_016,l10n_de_skr49.account_tag_skr49_067","chart_skr49_0630"
"chart_skr49_0634","Erhaltene Anzahlungen auf Bestellungen (von Vorräten offen abgesetzt)","0634","False","asset_current","l10n_de_skr49.account_tag_skr49_016,l10n_de_skr49.account_tag_skr49_084","chart_skr49_0634"
"chart_skr49_0640","Ausstehende Einlagen auf das gezeichnete Kapital, eingefordert (Forderungen, nicht eingeforderte ausstehende Einlagen s. Konto 1144)","0640","False","asset_current","l10n_de_skr49.account_tag_skr49_016,l10n_de_skr49.account_tag_skr49_085","chart_skr49_0640"
"chart_skr49_0641","Nachschüsse (Forderungen, Gegenkonto 1149)","0641","False","asset_current","l10n_de_skr49.account_tag_skr49_016,l10n_de_skr49.account_tag_skr49_086","chart_skr49_0641"
"chart_skr49_0650","Forderungen aus Lieferungen und Leistungen","0650","True","asset_receivable","l10n_de_skr49.account_tag_skr49_017,l10n_de_skr49.account_tag_skr49_087","chart_skr49_0650"
"chart_skr49_0651","Forderungen aus Lieferungen und Leistungen","0651","True","asset_receivable","l10n_de_skr49.account_tag_skr49_017,l10n_de_skr49.account_tag_skr49_087","chart_skr49_0651"
"chart_skr49_0652","Forderungen aus Lieferungen und Leistungen ohne Kontokorrent","0652","True","asset_receivable","l10n_de_skr49.account_tag_skr49_017,l10n_de_skr49.account_tag_skr49_087","chart_skr49_0652"
"chart_skr49_0653","Forderungen aus Lieferungen und Leistungen ohne Kontokorrent - Restlaufzeit bis 1 Jahr","0653","True","asset_receivable","l10n_de_skr49.account_tag_skr49_017,l10n_de_skr49.account_tag_skr49_087","chart_skr49_0653"
"chart_skr49_0654","Forderungen aus Lieferungen und Leistungen ohne Kontokorrent - Restlaufzeit größer 1 Jahr","0654","True","asset_receivable","l10n_de_skr49.account_tag_skr49_017,l10n_de_skr49.account_tag_skr49_087","chart_skr49_0654"
"chart_skr49_0655","Forderungen aus Vereinsbereichen","0655","True","asset_receivable","l10n_de_skr49.account_tag_skr49_017,l10n_de_skr49.account_tag_skr49_087","chart_skr49_0655"
"chart_skr49_0656","Wechsel aus Lieferungen und Leistungen","0656","True","asset_receivable","l10n_de_skr49.account_tag_skr49_017,l10n_de_skr49.account_tag_skr49_087","chart_skr49_0656"
"chart_skr49_0657","Wechsel aus Lieferungen und Leistungen - Restlaufzeit bis 1 Jahr","0657","True","asset_receivable","l10n_de_skr49.account_tag_skr49_017,l10n_de_skr49.account_tag_skr49_087","chart_skr49_0657"
"chart_skr49_0658","Wechsel aus Lieferungen und Leistungen - Restlaufzeit größer 1 Jahr","0658","True","asset_receivable","l10n_de_skr49.account_tag_skr49_017,l10n_de_skr49.account_tag_skr49_087","chart_skr49_0658"
"chart_skr49_0659","Wechsel aus Lieferungen und Leistungen, bundesbankfähig","0659","True","asset_receivable","l10n_de_skr49.account_tag_skr49_017,l10n_de_skr49.account_tag_skr49_087","chart_skr49_0659"
"chart_skr49_0660","Forderungen nach ⌡ 11 Abs. 1 Satz 2 EStG für ⌡ 4 Abs. 3 EStG","0660","True","asset_receivable","l10n_de_skr49.account_tag_skr49_017,l10n_de_skr49.account_tag_skr49_087","chart_skr49_0660"
"chart_skr49_0661","Zweifelhafte Forderungen","0661","True","asset_receivable","l10n_de_skr49.account_tag_skr49_017,l10n_de_skr49.account_tag_skr49_087","chart_skr49_0661"
"chart_skr49_0662","Zweifelhafte Forderungen - Restlaufzeit bis 1 Jahr","0662","True","asset_receivable","l10n_de_skr49.account_tag_skr49_017,l10n_de_skr49.account_tag_skr49_087","chart_skr49_0662"
"chart_skr49_0663","Zweifelhafte Forderungen - Restlaufzeit größer 1 Jahr","0663","True","asset_receivable","l10n_de_skr49.account_tag_skr49_017,l10n_de_skr49.account_tag_skr49_087","chart_skr49_0663"
"chart_skr49_0665","Einzelwertberichtigungen auf Forderungen - Restlaufzeit bis 1 Jahr","0665","True","asset_receivable","l10n_de_skr49.account_tag_skr49_017,l10n_de_skr49.account_tag_skr49_088","chart_skr49_0665"
"chart_skr49_0666","Einzelwertberichtigungen auf Forderungen - Restlaufzeit größer 1 Jahr","0666","True","asset_receivable","l10n_de_skr49.account_tag_skr49_017,l10n_de_skr49.account_tag_skr49_088","chart_skr49_0666"
"chart_skr49_0667","Pauschalwertberichtigung auf Forderungen - Restlaufzeit bis 1 Jahr","0667","True","asset_receivable","l10n_de_skr49.account_tag_skr49_017,l10n_de_skr49.account_tag_skr49_088","chart_skr49_0667"
"chart_skr49_0668","Pauschalwertberichtigung auf Forderungen - Restlaufzeit größer 1 Jahr","0668","True","asset_receivable","l10n_de_skr49.account_tag_skr49_017,l10n_de_skr49.account_tag_skr49_088","chart_skr49_0668"
"chart_skr49_0670","Forderungen aus Lieferungen und Leistungen gegen Gesellschafter","0670","True","asset_receivable","l10n_de_skr49.account_tag_skr49_017,l10n_de_skr49.account_tag_skr49_087","chart_skr49_0670"
"chart_skr49_0671","Forderungen aus Lieferungen und Leistungen gegen Gesellschafter - Restlaufzeit bis 1 Jahr","0671","True","asset_receivable","l10n_de_skr49.account_tag_skr49_017,l10n_de_skr49.account_tag_skr49_087","chart_skr49_0671"
"chart_skr49_0672","Forderungen aus Lieferungen und Leistungen gegen Gesellschafter - Restlaufzeit größer 1 Jahr","0672","True","asset_receivable","l10n_de_skr49.account_tag_skr49_017,l10n_de_skr49.account_tag_skr49_087","chart_skr49_0672"
"chart_skr49_0673","Gegenkonto zu sonstige Vermögensgegenstände bei Buchungen über Debitorenkonto","0673","False","asset_current","l10n_de_skr49.account_tag_skr49_017,l10n_de_skr49.account_tag_skr49_088","chart_skr49_0673"
"chart_skr49_0674","Gegenkonto 0653-0654, 0661-0664, 0670-0672, 0675-0679, 0687-0689, 0697-0699 bei Aufteilung Debitorenkonto","0674","False","asset_current","l10n_de_skr49.account_tag_skr49_017,l10n_de_skr49.account_tag_skr49_087","chart_skr49_0674"
"chart_skr49_0675","Wertberichtigungen auf Forderungen gegen verbundene Unternehmen - Restlaufzeit bis 1 Jahr","0675","False","asset_current","l10n_de_skr49.account_tag_skr49_017,l10n_de_skr49.account_tag_skr49_089","chart_skr49_0675"
"chart_skr49_0676","Wertberichtigungen auf Forderungen gegen verbundene Unternehmen - Restlaufzeit größer 1 Jahr","0676","False","asset_current","l10n_de_skr49.account_tag_skr49_017,l10n_de_skr49.account_tag_skr49_089","chart_skr49_0676"
"chart_skr49_0677","Wertberichtigungen auf Forderungen gegen Unternehmen, mit denen ein Beteiligungsverhältnis besteht","0677","False","asset_current","l10n_de_skr49.account_tag_skr49_017,l10n_de_skr49.account_tag_skr49_090","chart_skr49_0677"
"chart_skr49_0678","Wertberichtigungen auf Forderungen gegen Unternehmen, mit denen ein Beteiligungsverhältnis besteht - Restlaufzeit größer 1 Jahr","0678","False","asset_current","l10n_de_skr49.account_tag_skr49_017,l10n_de_skr49.account_tag_skr49_090","chart_skr49_0678"
"chart_skr49_0680","Forderungen gegen verbundene Unternehmen","0680","False","asset_current","l10n_de_skr49.account_tag_skr49_017,l10n_de_skr49.account_tag_skr49_091","chart_skr49_0680"
"chart_skr49_0681","Forderungen gegen verbundene Unternehmen - Restlaufzeit bis 1 Jahr","0681","False","asset_current","l10n_de_skr49.account_tag_skr49_017,l10n_de_skr49.account_tag_skr49_091","chart_skr49_0681"
"chart_skr49_0682","Forderungen gegen verbundene Unternehmen - Restlaufzeit größer 1 Jahr","0682","False","asset_current","l10n_de_skr49.account_tag_skr49_017,l10n_de_skr49.account_tag_skr49_091","chart_skr49_0682"
"chart_skr49_0683","Besitzwechsel gegen verbundene Unternehmen","0683","False","asset_current","l10n_de_skr49.account_tag_skr49_017,l10n_de_skr49.account_tag_skr49_091","chart_skr49_0683"
"chart_skr49_0684","Besitzwechsel gegen verbundene Unternehmen - Restlaufzeit bis 1 Jahr","0684","False","asset_current","l10n_de_skr49.account_tag_skr49_017,l10n_de_skr49.account_tag_skr49_091","chart_skr49_0684"
"chart_skr49_0685","Besitzwechsel gegen verbundene Unternehmen - Restlaufzeit größer 1 Jahr","0685","False","asset_current","l10n_de_skr49.account_tag_skr49_017,l10n_de_skr49.account_tag_skr49_091","chart_skr49_0685"
"chart_skr49_0686","Besitzwechsel gegen verbundene Unternehmen, bundebankfähig","0686","False","asset_current","l10n_de_skr49.account_tag_skr49_017,l10n_de_skr49.account_tag_skr49_091","chart_skr49_0686"
"chart_skr49_0687","Forderungen aus Lieferungen und Leistungen gegen verbundene Unternehmen","0687","True","asset_receivable","l10n_de_skr49.account_tag_skr49_017,l10n_de_skr49.account_tag_skr49_091","chart_skr49_0687"
"chart_skr49_0688","Forderungen aus Lieferungen und Leistungen gegen verbundene Unternehmen - Restlaufzeit bis 1 Jahr","0688","True","asset_receivable","l10n_de_skr49.account_tag_skr49_017,l10n_de_skr49.account_tag_skr49_091","chart_skr49_0688"
"chart_skr49_0689","Forderungen aus Lieferungen und Leistungen gegen verbundene Unternehmen - Restlaufzeit größer 1 Jahr","0689","True","asset_receivable","l10n_de_skr49.account_tag_skr49_017,l10n_de_skr49.account_tag_skr49_091","chart_skr49_0689"
"chart_skr49_0690","Forderungen gegen Unternehmen, mit denen ein Beteiligungsverhältnis besteht","0690","False","asset_current","l10n_de_skr49.account_tag_skr49_017,l10n_de_skr49.account_tag_skr49_092","chart_skr49_0690"
"chart_skr49_0691","Forderungen gegen Unternehmen, mit denen ein Beteiligungsverhältnis besteht - Restlaufzeit bis 1 Jahr","0691","False","asset_current","l10n_de_skr49.account_tag_skr49_017,l10n_de_skr49.account_tag_skr49_092","chart_skr49_0691"
"chart_skr49_0692","Forderungen gegen Unternehmen, mit denen ein Beteiligungsverhältnis besteht - Restlaufzeit größer 1 Jahr","0692","False","asset_current","l10n_de_skr49.account_tag_skr49_017,l10n_de_skr49.account_tag_skr49_092","chart_skr49_0692"
"chart_skr49_0693","Besitzwechsel gegen Unternehmen, mit denen ein Beteiligungsverhältnis besteht","0693","False","asset_current","l10n_de_skr49.account_tag_skr49_017,l10n_de_skr49.account_tag_skr49_092","chart_skr49_0693"
"chart_skr49_0694","Besitzwechsel gegen Unternehmen, mit denen ein Beteiligungsverhältnis besteht - Restlaufzeit bis 1 Jahr","0694","False","asset_current","l10n_de_skr49.account_tag_skr49_017,l10n_de_skr49.account_tag_skr49_092","chart_skr49_0694"
"chart_skr49_0695","Besitzwechsel gegen Unternehmen, mit denen ein Beteiligungsverhältnis besteht - Restlaufzeit größer 1 Jahr","0695","False","asset_current","l10n_de_skr49.account_tag_skr49_017,l10n_de_skr49.account_tag_skr49_092","chart_skr49_0695"
"chart_skr49_0696","Besitzwechsel gegen Unternehmen, mit denen ein Beteiligungsverhältnis besteht, bundebankfähig","0696","False","asset_current","l10n_de_skr49.account_tag_skr49_017,l10n_de_skr49.account_tag_skr49_092","chart_skr49_0696"
"chart_skr49_0697","Forderungen aus Lieferungen und Leistungen gegen Unternehmen, mit denen ein Beteiligungsvehältnis besteht","0697","True","asset_receivable","l10n_de_skr49.account_tag_skr49_017,l10n_de_skr49.account_tag_skr49_092","chart_skr49_0697"
"chart_skr49_0698","Forderungen aus Lieferungen und Leistungen gegen Unternehmen, mit denen ein Beteiligungsvehältnis besteht - Restlaufzeit bis 1 Jahr","0698","True","asset_receivable","l10n_de_skr49.account_tag_skr49_017,l10n_de_skr49.account_tag_skr49_092","chart_skr49_0698"
"chart_skr49_0699","Forderungen aus Lieferungen und Leistungen gegen Unternehmen, mit denen ein Beteiligungsvehältnis besteht - Restlaufzeit größer 1 Jahr","0699","True","asset_receivable","l10n_de_skr49.account_tag_skr49_017,l10n_de_skr49.account_tag_skr49_092","chart_skr49_0699"
"chart_skr49_0700","Sonstige Vermögensgegenstände","0700","False","asset_current","l10n_de_skr49.account_tag_skr49_017,l10n_de_skr49.account_tag_skr49_093","chart_skr49_0700"
"chart_skr49_0701","Sonstige Vermögensgegenstände - Restlaufzeit bis 1 Jahr","0701","False","asset_current","l10n_de_skr49.account_tag_skr49_017,l10n_de_skr49.account_tag_skr49_093","chart_skr49_0701"
"chart_skr49_0702","Sonstige Vermögensgegenstände - Restlaufzeit größer 1 Jahr","0702","False","asset_current","l10n_de_skr49.account_tag_skr49_017,l10n_de_skr49.account_tag_skr49_093","chart_skr49_0702"
"chart_skr49_0707","Forderungen gegen GmbH-Gesellschafter","0707","False","asset_current","l10n_de_skr49.account_tag_skr49_017,l10n_de_skr49.account_tag_skr49_093","chart_skr49_0707"
"chart_skr49_0708","Forderungen gegen GmbH-Gesellschafter - Restlaufzeit bis 1 Jahr","0708","False","asset_current","l10n_de_skr49.account_tag_skr49_017,l10n_de_skr49.account_tag_skr49_093","chart_skr49_0708"
"chart_skr49_0709","Forderungen gegen GmbH-Gesellschafter - Restlaufzeit größer 1 Jahr","0709","False","asset_current","l10n_de_skr49.account_tag_skr49_017,l10n_de_skr49.account_tag_skr49_093","chart_skr49_0709"
"chart_skr49_0710","Verrechnungskonto für Gewinnermittlung ⌡ 4 Abs.3 EStG, nicht ergebniswirksam","0710","False","asset_current","l10n_de_skr49.account_tag_skr49_017,l10n_de_skr49.account_tag_skr49_094","chart_skr49_0710"
"chart_skr49_0712","Forderungen gegen Vorstandsmitglieder unf Geschäftsführer","0712","False","asset_current","l10n_de_skr49.account_tag_skr49_017,l10n_de_skr49.account_tag_skr49_093","chart_skr49_0712"
"chart_skr49_0713","Forderungen gegen Vorstandsmitglieder unf Geschäftsführer - Restlaufzeit bis 1 Jahr","0713","False","asset_current","l10n_de_skr49.account_tag_skr49_017,l10n_de_skr49.account_tag_skr49_093","chart_skr49_0713"
"chart_skr49_0714","Forderungen gegen Vorstandsmitglieder unf Geschäftsführer - Restlaufzeit größer 1 Jahr","0714","False","asset_current","l10n_de_skr49.account_tag_skr49_017,l10n_de_skr49.account_tag_skr49_093","chart_skr49_0714"
"chart_skr49_0715","Überleitungskonto Kostenstellen","0715","False","asset_current","l10n_de_skr49.account_tag_skr49_017,l10n_de_skr49.account_tag_skr49_094","chart_skr49_0715"
"chart_skr49_0716","Verrechnungskonto erhaltene Auszahlungen bei Buchung über Debitorenkonto","0716","False","asset_current","l10n_de_skr49.account_tag_skr49_017,l10n_de_skr49.account_tag_skr49_095","chart_skr49_0716"
"chart_skr49_0717","Forderungen gegen sonstige Gesellschafter","0717","False","asset_current","l10n_de_skr49.account_tag_skr49_017,l10n_de_skr49.account_tag_skr49_093","chart_skr49_0717"
"chart_skr49_0718","Forderungen gegen sonstige Gesellschafter - Restlaufzeit bis 1 Jahr","0718","False","asset_current","l10n_de_skr49.account_tag_skr49_017,l10n_de_skr49.account_tag_skr49_093","chart_skr49_0718"
"chart_skr49_0719","Forderungen gegen sonstige Gesellschafter - Restlaufzeit größer 1 Jahr","0719","False","asset_current","l10n_de_skr49.account_tag_skr49_017,l10n_de_skr49.account_tag_skr49_093","chart_skr49_0719"
"chart_skr49_0720","Verrechnungskonto Ist-Versteuerung","0720","False","asset_current","l10n_de_skr49.account_tag_skr49_017,l10n_de_skr49.account_tag_skr49_094","chart_skr49_0720"
"chart_skr49_0721","Forderungen gegen Personal aus Lohn- und Gehaltsabrechnung","0721","False","asset_current","l10n_de_skr49.account_tag_skr49_017,l10n_de_skr49.account_tag_skr49_093","chart_skr49_0721"
"chart_skr49_0722","Forderungen gegen Personal aus Lohn- und Gehaltsabrechnung - Restlaufzeit bis 1 Jahr","0722","False","asset_current","l10n_de_skr49.account_tag_skr49_017,l10n_de_skr49.account_tag_skr49_093","chart_skr49_0722"
"chart_skr49_0723","Forderungen gegen Personal aus Lohn- und Gehaltsabrechnung - Restlaufzeit größer 1 Jahr","0723","False","asset_current","l10n_de_skr49.account_tag_skr49_017,l10n_de_skr49.account_tag_skr49_093","chart_skr49_0723"
"chart_skr49_0724","Kautionen","0724","False","asset_current","l10n_de_skr49.account_tag_skr49_017,l10n_de_skr49.account_tag_skr49_093","chart_skr49_0724"
"chart_skr49_0725","Kautionen - Restlaufzeit bis 1 Jahr","0725","False","asset_current","l10n_de_skr49.account_tag_skr49_017,l10n_de_skr49.account_tag_skr49_093","chart_skr49_0725"
"chart_skr49_0726","Kautionen - Restlaufzeit größer 1 Jahr","0726","False","asset_current","l10n_de_skr49.account_tag_skr49_017,l10n_de_skr49.account_tag_skr49_093","chart_skr49_0726"
"chart_skr49_0727","Darlehen","0727","False","asset_current","l10n_de_skr49.account_tag_skr49_017,l10n_de_skr49.account_tag_skr49_093","chart_skr49_0727"
"chart_skr49_0728","Darlehen - Restlaufzeit bis 1 Jahr","0728","False","asset_current","l10n_de_skr49.account_tag_skr49_017,l10n_de_skr49.account_tag_skr49_093","chart_skr49_0728"
"chart_skr49_0729","Darlehen - Restlaufzeit größer 1 Jahr","0729","False","asset_current","l10n_de_skr49.account_tag_skr49_017,l10n_de_skr49.account_tag_skr49_093","chart_skr49_0729"
"chart_skr49_0730","Gegenkonto Bruttovorumsatz","0730","False","asset_current","l10n_de_skr49.account_tag_skr49_017,l10n_de_skr49.account_tag_skr49_096","chart_skr49_0730"
"chart_skr49_0735","Nettoaufwand 7 % Vorumsatz","0735","False","asset_current","l10n_de_skr49.account_tag_skr49_017,l10n_de_skr49.account_tag_skr49_096","chart_skr49_0735"
"chart_skr49_0740","Nettoaufwand 19 % Vorumsatz","0740","False","asset_current","l10n_de_skr49.account_tag_skr49_017,l10n_de_skr49.account_tag_skr49_096","chart_skr49_0740"
"chart_skr49_0745","Umsatzsteuerforderungen laufendes Jahr","0745","False","asset_current","l10n_de_skr49.account_tag_skr49_017,l10n_de_skr49.account_tag_skr49_097","chart_skr49_0745"
"chart_skr49_0746","Forderungen aus Umsatzsteuer-Vorauszahlungen","0746","False","asset_current","l10n_de_skr49.account_tag_skr49_017,l10n_de_skr49.account_tag_skr49_098","chart_skr49_0746"
"chart_skr49_0747","Umsatzsteuerforderungen Vorjahr","0747","False","asset_current","l10n_de_skr49.account_tag_skr49_017,l10n_de_skr49.account_tag_skr49_098","chart_skr49_0747"
"chart_skr49_0748","Umsatzsteuerforderungen frühere Jahre","0748","False","asset_current","l10n_de_skr49.account_tag_skr49_017,l10n_de_skr49.account_tag_skr49_098","chart_skr49_0748"
"chart_skr49_0755","Zurückzuzahlende Vorsteuer gem. ⌡ 15a Abs. 1 UStG, unbewegliche Wirtschaftsgüter","0755","False","asset_current","l10n_de_skr49.account_tag_skr49_017,l10n_de_skr49.account_tag_skr49_097","chart_skr49_0755"
"chart_skr49_0756","Zurückzuzahlende Vorsteuer, ⌡ 15a Abs. 2 UStG","0756","False","asset_current","l10n_de_skr49.account_tag_skr49_017,l10n_de_skr49.account_tag_skr49_097","chart_skr49_0756"
"chart_skr49_0757","Zurückzuzahlende Vorsteuer, ⌡ 15a Abs. 1 UStG, bewegliche Wirtschaftsgüter","0757","False","asset_current","l10n_de_skr49.account_tag_skr49_017,l10n_de_skr49.account_tag_skr49_097","chart_skr49_0757"
"chart_skr49_0758","Nachträglich abziehbare Vorsteuer, ⌡ 15a Abs. 2 UStG","0758","False","asset_current","l10n_de_skr49.account_tag_skr49_017,l10n_de_skr49.account_tag_skr49_097","chart_skr49_0758"
"chart_skr49_0759","Nachträglich abziehbare Vorsteuer gem. ⌡ 15a Abs. 1 UStG, unbewegliche Wirtschaftsgüter","0759","False","asset_current","l10n_de_skr49.account_tag_skr49_017,l10n_de_skr49.account_tag_skr49_097","chart_skr49_0759"
"chart_skr49_0760","Nachträglich abziehbare Vorsteuer, ⌡ 15a Abs. 1 UStG, bewegliche Wirtschaftsgüter","0760","False","asset_current","l10n_de_skr49.account_tag_skr49_017,l10n_de_skr49.account_tag_skr49_097","chart_skr49_0760"
"chart_skr49_0761","Abziehbare Vorsteuer aus der Auslagerung von Gegenständen aus einem Umsatzsteuerlager","0761","False","asset_current","l10n_de_skr49.account_tag_skr49_017,l10n_de_skr49.account_tag_skr49_099","chart_skr49_0761"
"chart_skr49_0770","Abziehbare Vorsteuer","0770","False","asset_current","l10n_de_skr49.account_tag_skr49_017,l10n_de_skr49.account_tag_skr49_099","chart_skr49_0770"
"chart_skr49_0775","Abziehbare Vorsteuer 7 %","0775","False","asset_current","l10n_de_skr49.account_tag_skr49_017,l10n_de_skr49.account_tag_skr49_099","chart_skr49_0775"
"chart_skr49_0780","Abziehbare Vorsteuer 19 %","0780","False","asset_current","l10n_de_skr49.account_tag_skr49_017,l10n_de_skr49.account_tag_skr49_099","chart_skr49_0780"
"chart_skr49_0785","Pauschalierte Vorsteuer 7 %","0785","False","asset_current","l10n_de_skr49.account_tag_skr49_017,l10n_de_skr49.account_tag_skr49_099","chart_skr49_0785"
"chart_skr49_0790","Nettoaufwand 7 % aus innergemeinschaftlichem Erwerb","0790","False","asset_current","l10n_de_skr49.account_tag_skr49_017,l10n_de_skr49.account_tag_skr49_096","chart_skr49_0790"
"chart_skr49_0795","Nettoaufwand 19 % aus innergemeinschaftlichem Erwerb","0795","False","asset_current","l10n_de_skr49.account_tag_skr49_017,l10n_de_skr49.account_tag_skr49_096","chart_skr49_0795"
"chart_skr49_0810","Abziehbare Vorsteuer aus innergemeinschaftlichem Erwerb","0810","False","asset_current","l10n_de_skr49.account_tag_skr49_017,l10n_de_skr49.account_tag_skr49_099","chart_skr49_0810"
"chart_skr49_0811","Abziehbare Vorsteuer aus innergemeinschaftlichem Erwerb 19 %","0811","False","asset_current","l10n_de_skr49.account_tag_skr49_017,l10n_de_skr49.account_tag_skr49_099","chart_skr49_0811"
"chart_skr49_0815","Abziehbare Vorsteuer innergemeinschaftlichem Erwerb von Neufahrzeugen von Lieferanten ohne Umsatzsteuer-Identifikationsnummer","0815","False","asset_current","l10n_de_skr49.account_tag_skr49_017,l10n_de_skr49.account_tag_skr49_099","chart_skr49_0815"
"chart_skr49_0820","Gegenkonto Vorsteuer ⌡ 4/3 EStG","0820","False","asset_current","l10n_de_skr49.account_tag_skr49_017,l10n_de_skr49.account_tag_skr49_099","chart_skr49_0820"
"chart_skr49_0825","Aufzuteilende Vorsteuer","0825","False","asset_current","l10n_de_skr49.account_tag_skr49_017,l10n_de_skr49.account_tag_skr49_097","chart_skr49_0825"
"chart_skr49_0830","Aufzuteilende Vorsteuer 7 %","0830","False","asset_current","l10n_de_skr49.account_tag_skr49_017,l10n_de_skr49.account_tag_skr49_097","chart_skr49_0830"
"chart_skr49_0838","Aufzuteilende Vorsteuer nach ⌡⌡ 13a/13b UStG 19 %","0838","False","asset_current","l10n_de_skr49.account_tag_skr49_017,l10n_de_skr49.account_tag_skr49_097","chart_skr49_0838"
"chart_skr49_0835","Aufzuteilende Vorsteuer 19 %","0835","False","asset_current","l10n_de_skr49.account_tag_skr49_017,l10n_de_skr49.account_tag_skr49_097","chart_skr49_0835"
"chart_skr49_0839","Aufzuteilende Vorsteuer ⌡⌡ 13a/13b UStG","0839","False","asset_current","l10n_de_skr49.account_tag_skr49_017,l10n_de_skr49.account_tag_skr49_097","chart_skr49_0839"
"chart_skr49_0840","Aufzuteilende Vorsteuer aus innergemeinschaftlichem Erwerb","0840","False","asset_current","l10n_de_skr49.account_tag_skr49_017,l10n_de_skr49.account_tag_skr49_097","chart_skr49_0840"
"chart_skr49_0841","Aufzuteilende Vorsteuer Anlagevermögen","0841","False","asset_current","l10n_de_skr49.account_tag_skr49_017,l10n_de_skr49.account_tag_skr49_097","chart_skr49_0841"
"chart_skr49_0844","Aufzuteilende Vorsteuer aus innergemeinschaftlichem Erwerb 19 %","0844","False","asset_current","l10n_de_skr49.account_tag_skr49_017,l10n_de_skr49.account_tag_skr49_097","chart_skr49_0844"
"chart_skr49_0845","Aufzuteilende Vorsteuer Ausgaben B4000-8000","0845","False","asset_current","l10n_de_skr49.account_tag_skr49_017,l10n_de_skr49.account_tag_skr49_097","chart_skr49_0845"
"chart_skr49_0849","Abziehbare Vorsteuer nach ⌡ 13b UStG","0849","False","asset_current","l10n_de_skr49.account_tag_skr49_017,l10n_de_skr49.account_tag_skr49_100","chart_skr49_0849"
"chart_skr49_0850","Abziehbare Vorsteuer nach ⌡ 13b UStG 19 %","0850","False","asset_current","l10n_de_skr49.account_tag_skr49_017,l10n_de_skr49.account_tag_skr49_100","chart_skr49_0850"
"chart_skr49_0853","Vorsteuer in Folgeperiode/im Folgejahr abziehbar","0853","False","asset_current","l10n_de_skr49.account_tag_skr49_017,l10n_de_skr49.account_tag_skr49_100","chart_skr49_0853"
"chart_skr49_0855","Auflösung Vorsteuer aus Vorjahr ⌡ 4/3 EStG","0855","False","asset_current","l10n_de_skr49.account_tag_skr49_017,l10n_de_skr49.account_tag_skr49_100","chart_skr49_0855"
"chart_skr49_0857","Vorsteuer aus Investitionen ⌡ 4 Abs. 3 EStG","0857","False","asset_current","l10n_de_skr49.account_tag_skr49_017,l10n_de_skr49.account_tag_skr49_100","chart_skr49_0857"
"chart_skr49_0859","Gegenkonto für Vorsteuer nach Durchschnittssätzen für ⌡ 4 Abs. 3 EStG","0859","False","asset_current","l10n_de_skr49.account_tag_skr49_017,l10n_de_skr49.account_tag_skr49_097","chart_skr49_0859"
"chart_skr49_0860","Entstandene Einfuhrumsatzsteuer","0860","False","asset_current","l10n_de_skr49.account_tag_skr49_017,l10n_de_skr49.account_tag_skr49_097","chart_skr49_0860"
"chart_skr49_0865","Vorsteuer nach allgemeinen Durchschnittssätzen UStVA Kz. 63","0865","False","asset_current","l10n_de_skr49.account_tag_skr49_017,l10n_de_skr49.account_tag_skr49_097","chart_skr49_0865"
"chart_skr49_0866","Vorsteuer aus Erwerb als letzter Abnehmer innerhalb eines Dreiecksgeschäfts","0866","False","asset_current","l10n_de_skr49.account_tag_skr49_017,l10n_de_skr49.account_tag_skr49_097","chart_skr49_0866"
"chart_skr49_0867","Forderungen gegen typisch stille Gesellschafter","0867","False","asset_current","l10n_de_skr49.account_tag_skr49_017,l10n_de_skr49.account_tag_skr49_093","chart_skr49_0867"
"chart_skr49_0868","Forderungen gegen typisch stille Gesellschafter - Restlaufzeit bis 1 Jahr","0868","False","asset_current","l10n_de_skr49.account_tag_skr49_017,l10n_de_skr49.account_tag_skr49_093","chart_skr49_0868"
"chart_skr49_0869","Forderungen gegen typisch stille Gesellschafter - Restlaufzeit größer 1 Jahr","0869","False","asset_current","l10n_de_skr49.account_tag_skr49_017,l10n_de_skr49.account_tag_skr49_093","chart_skr49_0869"
"chart_skr49_0870","Durchlaufende Posten Einnahmen","0870","False","asset_current","l10n_de_skr49.account_tag_skr49_017,l10n_de_skr49.account_tag_skr49_094","chart_skr49_0870"
"chart_skr49_0875","Durchlaufende Posten Ausgaben","0875","False","asset_current","l10n_de_skr49.account_tag_skr49_017,l10n_de_skr49.account_tag_skr49_094","chart_skr49_0875"
"chart_skr49_0877","Steuererstattungsansprüche gegenüber anderen Ländern","0877","False","asset_current","l10n_de_skr49.account_tag_skr49_017,l10n_de_skr49.account_tag_skr49_093","chart_skr49_0877"
"chart_skr49_0878","Körperschaftsteuerrückforderung","0878","False","asset_current","l10n_de_skr49.account_tag_skr49_017,l10n_de_skr49.account_tag_skr49_093","chart_skr49_0878"
"chart_skr49_0879","Körperschaftsteuerguthaben nach ⌡ 37 KStG - Restlaufzeit bis 1 Jahr","0879","False","asset_current","l10n_de_skr49.account_tag_skr49_017,l10n_de_skr49.account_tag_skr49_093","chart_skr49_0879"
"chart_skr49_0880","Körperschaftsteuerguthaben nach ⌡ 37 KStG - Restlaufzeit bis 1 Jahr - Restlaufzeit größer 1 Jahr","0880","False","asset_current","l10n_de_skr49.account_tag_skr49_017,l10n_de_skr49.account_tag_skr49_093","chart_skr49_0880"
"chart_skr49_0881","Forderungen an das Finanzamt aus abgeführtem Bauabzugsbetrag","0881","False","asset_current","l10n_de_skr49.account_tag_skr49_017,l10n_de_skr49.account_tag_skr49_093","chart_skr49_0881"
"chart_skr49_0882","Forderungen gegenüber Bundesagentur für Arbeit","0882","False","asset_current","l10n_de_skr49.account_tag_skr49_017,l10n_de_skr49.account_tag_skr49_093","chart_skr49_0882"
"chart_skr49_0883","Forderungen aus Gewerbesteuerüberzahlungen","0883","False","asset_current","l10n_de_skr49.account_tag_skr49_017,l10n_de_skr49.account_tag_skr49_093","chart_skr49_0883"
"chart_skr49_0885","Sammelkonto aufzuteilende Ausgaben","0885","False","asset_current","l10n_de_skr49.account_tag_skr49_017,l10n_de_skr49.account_tag_skr49_094","chart_skr49_0885"
"chart_skr49_0890","Sammelkonto aufzuteilende Einnahmen","0890","False","asset_current","l10n_de_skr49.account_tag_skr49_017,l10n_de_skr49.account_tag_skr49_094","chart_skr49_0890"
"chart_skr49_0895","Forderungen aus Lieferungen und Leistungen zum allgemeinen Umsatzsteuersatz oder eines Kleinunternehmers (EÜR)","0895","True","asset_receivable","l10n_de_skr49.account_tag_skr49_017,l10n_de_skr49.account_tag_skr49_094","chart_skr49_0895"
"chart_skr49_0896","Forderungen aus Lieferungen und Leistungen zum ermäßigten Umsatzsteuersatz","0896","True","asset_receivable","l10n_de_skr49.account_tag_skr49_017,l10n_de_skr49.account_tag_skr49_094","chart_skr49_0896"
"chart_skr49_0897","Forderungen aus steuerfreien oder nicht steuerbaren Lieferungen und Leistungen (EÜR)","0897","True","asset_receivable","l10n_de_skr49.account_tag_skr49_017,l10n_de_skr49.account_tag_skr49_094","chart_skr49_0897"
"chart_skr49_0898","Forderungen aus Lieferungen und Leistungen nach Durchschnittssätzen gemäß ⌡ 24 UStG (EÜR)","0898","True","asset_receivable","l10n_de_skr49.account_tag_skr49_017,l10n_de_skr49.account_tag_skr49_094","chart_skr49_0898"
"chart_skr49_0899","Gegenkonto 0895-0898 bei Aufteilung der Forderungen nach Steuersätzen (EÜR)","0899","False","asset_current","l10n_de_skr49.account_tag_skr49_017,l10n_de_skr49.account_tag_skr49_094","chart_skr49_0899"
"chart_skr49_0900","Anteile an verbundenen Unternehmen (Umlaufvermögen)","0900","False","asset_current","l10n_de_skr49.account_tag_skr49_018,l10n_de_skr49.account_tag_skr49_075","chart_skr49_0900"
"chart_skr49_0910","Finanzwechsel","0910","False","asset_current","l10n_de_skr49.account_tag_skr49_018,l10n_de_skr49.account_tag_skr49_101","chart_skr49_0910"
"chart_skr49_0915","Sonstige Wertpapiere","0915","False","asset_current","l10n_de_skr49.account_tag_skr49_018,l10n_de_skr49.account_tag_skr49_101","chart_skr49_0915"
"chart_skr49_0925","Hauptkasse","0925","False","asset_cash","l10n_de_skr49.account_tag_skr49_019,l10n_de_skr49.account_tag_skr49_102","chart_skr49_0925"
"chart_skr49_0930","Nebenkasse 1","0930","False","asset_cash","l10n_de_skr49.account_tag_skr49_019,l10n_de_skr49.account_tag_skr49_102","chart_skr49_0930"
"chart_skr49_0935","Nebenkasse 2","0935","False","asset_cash","l10n_de_skr49.account_tag_skr49_019,l10n_de_skr49.account_tag_skr49_102","chart_skr49_0935"
"chart_skr49_0940","Bank (Postbank)","0940","False","asset_cash","l10n_de_skr49.account_tag_skr49_019,l10n_de_skr49.account_tag_skr49_103","chart_skr49_0940"
"chart_skr49_0950","Bank 1","0950","False","asset_cash","l10n_de_skr49.account_tag_skr49_019,l10n_de_skr49.account_tag_skr49_103","chart_skr49_0950"
"chart_skr49_0955","Bank 2","0955","False","asset_cash","l10n_de_skr49.account_tag_skr49_019,l10n_de_skr49.account_tag_skr49_103","chart_skr49_0955"
"chart_skr49_0960","Schecks","0960","False","asset_cash","l10n_de_skr49.account_tag_skr49_019,l10n_de_skr49.account_tag_skr49_102","chart_skr49_0960"
"chart_skr49_0990","Aktive Rechnungsabgrenzung","0990","False","asset_current","l10n_de_skr49.account_tag_skr49_104","chart_skr49_0990"
"chart_skr49_1000","Gebundene Rücklage gem. ⌡ 62 Abs. 1 Nr. 1 AO","1000","False","equity","l10n_de_skr49.account_tag_skr49_020,l10n_de_skr49.account_tag_skr49_105","chart_skr49_1000"
"chart_skr49_1002","Betriebsmittelrücklage","1002","False","equity","l10n_de_skr49.account_tag_skr49_020,l10n_de_skr49.account_tag_skr49_105","chart_skr49_1002"
"chart_skr49_1004","Wiederbeschaffungsrücklage gem. ⌡ 62 Abs. 1 Nr. 2 AO","1004","False","equity","l10n_de_skr49.account_tag_skr49_020,l10n_de_skr49.account_tag_skr49_105","chart_skr49_1004"
"chart_skr49_1010","Rücklagen ideeller Bereich bis 2020","1010","False","equity","l10n_de_skr49.account_tag_skr49_020,l10n_de_skr49.account_tag_skr49_105","chart_skr49_1010"
"chart_skr49_1011","Rücklagen ideeller Bereich bis 2021","1011","False","equity","l10n_de_skr49.account_tag_skr49_020,l10n_de_skr49.account_tag_skr49_105","chart_skr49_1011"
"chart_skr49_1012","Rücklagen ideeller Bereich bis 2022","1012","False","equity","l10n_de_skr49.account_tag_skr49_020,l10n_de_skr49.account_tag_skr49_105","chart_skr49_1012"
"chart_skr49_1013","Rücklagen ideeller Bereich bis 2023","1013","False","equity","l10n_de_skr49.account_tag_skr49_020,l10n_de_skr49.account_tag_skr49_105","chart_skr49_1013"
"chart_skr49_1014","Rücklagen ideeller Bereich bis 2024","1014","False","equity","l10n_de_skr49.account_tag_skr49_020,l10n_de_skr49.account_tag_skr49_105","chart_skr49_1014"
"chart_skr49_1015","Rücklagen ideeller Bereich bis 2025","1015","False","equity","l10n_de_skr49.account_tag_skr49_020,l10n_de_skr49.account_tag_skr49_105","chart_skr49_1015"
"chart_skr49_1016","Rücklagen ideeller Bereich bis 2016","1016","False","equity","l10n_de_skr49.account_tag_skr49_020,l10n_de_skr49.account_tag_skr49_105","chart_skr49_1016"
"chart_skr49_1017","Rücklagen ideeller Bereich bis 2017","1017","False","equity","l10n_de_skr49.account_tag_skr49_020,l10n_de_skr49.account_tag_skr49_105","chart_skr49_1017"
"chart_skr49_1018","Rücklagen ideeller Bereich bis 2018","1018","False","equity","l10n_de_skr49.account_tag_skr49_020,l10n_de_skr49.account_tag_skr49_105","chart_skr49_1018"
"chart_skr49_1019","Rücklagen ideeller Bereich bis 2019","1019","False","equity","l10n_de_skr49.account_tag_skr49_020,l10n_de_skr49.account_tag_skr49_105","chart_skr49_1019"
"chart_skr49_1020","Rücklagen Vermögensverwaltung bis 2020","1020","False","equity","l10n_de_skr49.account_tag_skr49_020,l10n_de_skr49.account_tag_skr49_105","chart_skr49_1020"
"chart_skr49_1021","Rücklagen Vermögensverwaltung bis 2021","1021","False","equity","l10n_de_skr49.account_tag_skr49_020,l10n_de_skr49.account_tag_skr49_105","chart_skr49_1021"
"chart_skr49_1022","Rücklagen Vermögensverwaltung bis 2022","1022","False","equity","l10n_de_skr49.account_tag_skr49_020,l10n_de_skr49.account_tag_skr49_105","chart_skr49_1022"
"chart_skr49_1023","Rücklagen Vermögensverwaltung bis 2023","1023","False","equity","l10n_de_skr49.account_tag_skr49_020,l10n_de_skr49.account_tag_skr49_105","chart_skr49_1023"
"chart_skr49_1024","Rücklagen Vermögensverwaltung bis 2024","1024","False","equity","l10n_de_skr49.account_tag_skr49_020,l10n_de_skr49.account_tag_skr49_105","chart_skr49_1024"
"chart_skr49_1025","Rücklagen Vermögensverwaltung bis 2025","1025","False","equity","l10n_de_skr49.account_tag_skr49_020,l10n_de_skr49.account_tag_skr49_105","chart_skr49_1025"
"chart_skr49_1026","Rücklagen Vermögensverwaltung bis 2016","1026","False","equity","l10n_de_skr49.account_tag_skr49_020,l10n_de_skr49.account_tag_skr49_105","chart_skr49_1026"
"chart_skr49_1027","Rücklagen Vermögensverwaltung bis 2017","1027","False","equity","l10n_de_skr49.account_tag_skr49_020,l10n_de_skr49.account_tag_skr49_105","chart_skr49_1027"
"chart_skr49_1028","Rücklagen Vermögensverwaltung bis 2018","1028","False","equity","l10n_de_skr49.account_tag_skr49_020,l10n_de_skr49.account_tag_skr49_105","chart_skr49_1028"
"chart_skr49_1029","Rücklagen Vermögensverwaltung bis 2019","1029","False","equity","l10n_de_skr49.account_tag_skr49_020,l10n_de_skr49.account_tag_skr49_105","chart_skr49_1029"
"chart_skr49_1030","Rücklagen Zweckbetriebe bis 2020","1030","False","equity","l10n_de_skr49.account_tag_skr49_020,l10n_de_skr49.account_tag_skr49_105","chart_skr49_1030"
"chart_skr49_1031","Rücklagen Zweckbetriebe bis 2021","1031","False","equity","l10n_de_skr49.account_tag_skr49_020,l10n_de_skr49.account_tag_skr49_105","chart_skr49_1031"
"chart_skr49_1032","Rücklagen Zweckbetriebe bis 2022","1032","False","equity","l10n_de_skr49.account_tag_skr49_020,l10n_de_skr49.account_tag_skr49_105","chart_skr49_1032"
"chart_skr49_1033","Rücklagen Zweckbetriebe bis 2023","1033","False","equity","l10n_de_skr49.account_tag_skr49_020,l10n_de_skr49.account_tag_skr49_105","chart_skr49_1033"
"chart_skr49_1034","Rücklagen Zweckbetriebe bis 2024","1034","False","equity","l10n_de_skr49.account_tag_skr49_020,l10n_de_skr49.account_tag_skr49_105","chart_skr49_1034"
"chart_skr49_1035","Rücklagen Zweckbetriebe bis 2025","1035","False","equity","l10n_de_skr49.account_tag_skr49_020,l10n_de_skr49.account_tag_skr49_105","chart_skr49_1035"
"chart_skr49_1036","Rücklagen Zweckbetriebe bis 2016","1036","False","equity","l10n_de_skr49.account_tag_skr49_020,l10n_de_skr49.account_tag_skr49_105","chart_skr49_1036"
"chart_skr49_1037","Rücklagen Zweckbetriebe bis 2017","1037","False","equity","l10n_de_skr49.account_tag_skr49_020,l10n_de_skr49.account_tag_skr49_105","chart_skr49_1037"
"chart_skr49_1038","Rücklagen Zweckbetriebe bis 2018","1038","False","equity","l10n_de_skr49.account_tag_skr49_020,l10n_de_skr49.account_tag_skr49_105","chart_skr49_1038"
"chart_skr49_1039","Rücklagen Zweckbetriebe bis 2019","1039","False","equity","l10n_de_skr49.account_tag_skr49_020,l10n_de_skr49.account_tag_skr49_105","chart_skr49_1039"
"chart_skr49_1040","Rücklagen Geschäftsbetriebe bis 2020","1040","False","equity","l10n_de_skr49.account_tag_skr49_020,l10n_de_skr49.account_tag_skr49_105","chart_skr49_1040"
"chart_skr49_1041","Rücklagen Geschäftsbetriebe bis 2021","1041","False","equity","l10n_de_skr49.account_tag_skr49_020,l10n_de_skr49.account_tag_skr49_105","chart_skr49_1041"
"chart_skr49_1042","Rücklagen Geschäftsbetriebe bis 2022","1042","False","equity","l10n_de_skr49.account_tag_skr49_020,l10n_de_skr49.account_tag_skr49_105","chart_skr49_1042"
"chart_skr49_1043","Rücklagen Geschäftsbetriebe bis 2023","1043","False","equity","l10n_de_skr49.account_tag_skr49_020,l10n_de_skr49.account_tag_skr49_105","chart_skr49_1043"
"chart_skr49_1044","Rücklagen Geschäftsbetriebe bis 2024","1044","False","equity","l10n_de_skr49.account_tag_skr49_020,l10n_de_skr49.account_tag_skr49_105","chart_skr49_1044"
"chart_skr49_1045","Rücklagen Geschäftsbetriebe bis 2025","1045","False","equity","l10n_de_skr49.account_tag_skr49_020,l10n_de_skr49.account_tag_skr49_105","chart_skr49_1045"
"chart_skr49_1046","Rücklagen Geschäftsbetriebe bis 2016","1046","False","equity","l10n_de_skr49.account_tag_skr49_020,l10n_de_skr49.account_tag_skr49_105","chart_skr49_1046"
"chart_skr49_1047","Rücklagen Geschäftsbetriebe bis 2017","1047","False","equity","l10n_de_skr49.account_tag_skr49_020,l10n_de_skr49.account_tag_skr49_105","chart_skr49_1047"
"chart_skr49_1048","Rücklagen Geschäftsbetriebe bis 2018","1048","False","equity","l10n_de_skr49.account_tag_skr49_020,l10n_de_skr49.account_tag_skr49_105","chart_skr49_1048"
"chart_skr49_1049","Rücklagen Geschäftsbetriebe bis 2019","1049","False","equity","l10n_de_skr49.account_tag_skr49_020,l10n_de_skr49.account_tag_skr49_105","chart_skr49_1049"
"chart_skr49_1070","Freie Rücklage gem. ⌡ 62 Abs. 1 Nr. 3 AO","1070","False","equity","l10n_de_skr49.account_tag_skr49_020,l10n_de_skr49.account_tag_skr49_106","chart_skr49_1070"
"chart_skr49_1074","Rücklage aus Vermögensverwaltung","1074","False","equity","l10n_de_skr49.account_tag_skr49_020,l10n_de_skr49.account_tag_skr49_106","chart_skr49_1074"
"chart_skr49_1075","Rücklage aus sonstigen zeitnah zu verwendenden Mitteln","1075","False","equity","l10n_de_skr49.account_tag_skr49_020,l10n_de_skr49.account_tag_skr49_107","chart_skr49_1075"
"chart_skr49_1076","Rücklage zum Erwerb von Gesellschaftsrechten gem. ⌡ 62 Abs. 1 Nr. 4 AO","1076","False","equity","l10n_de_skr49.account_tag_skr49_020,l10n_de_skr49.account_tag_skr49_107","chart_skr49_1076"
"chart_skr49_1080","Ergebnisvorträge allgemein","1080","False","equity","l10n_de_skr49.account_tag_skr49_021,l10n_de_skr49.account_tag_skr49_108","chart_skr49_1080"
"chart_skr49_1082","Vortrag ideeller Bereich","1082","False","equity","l10n_de_skr49.account_tag_skr49_021,l10n_de_skr49.account_tag_skr49_109","chart_skr49_1082"
"chart_skr49_1084","Vortrag Vermögensverwaltung","1084","False","equity","l10n_de_skr49.account_tag_skr49_021,l10n_de_skr49.account_tag_skr49_110","chart_skr49_1084"
"chart_skr49_1085","Vortrag Zweckbetriebe Sport","1085","False","equity","l10n_de_skr49.account_tag_skr49_021,l10n_de_skr49.account_tag_skr49_111","chart_skr49_1085"
"chart_skr49_1086","Vortrag sonstige Zweckbetriebe","1086","False","equity","l10n_de_skr49.account_tag_skr49_021,l10n_de_skr49.account_tag_skr49_112","chart_skr49_1086"
"chart_skr49_1087","Vortrag Geschäftsbetriebe Sport","1087","False","equity","l10n_de_skr49.account_tag_skr49_021,l10n_de_skr49.account_tag_skr49_113","chart_skr49_1087"
"chart_skr49_1088","Vortrag sonstige Geschäftsbetriebe","1088","False","equity","l10n_de_skr49.account_tag_skr49_021,l10n_de_skr49.account_tag_skr49_114","chart_skr49_1088"
"chart_skr49_1090","Nutzungsgebundenes Kapital (Eigenkapitalausweis)","1090","False","equity","l10n_de_skr49.account_tag_skr49_021,l10n_de_skr49.account_tag_skr49_115","chart_skr49_1090"
"chart_skr49_1110","Ergebnisse Vermögensumschichtung","1110","False","equity","l10n_de_skr49.account_tag_skr49_023,l10n_de_skr49.account_tag_skr49_119","chart_skr49_1110"
"chart_skr49_1115","Kapitalerhaltungsrücklage","1115","False","equity","l10n_de_skr49.account_tag_skr49_024,l10n_de_skr49.account_tag_skr49_120","chart_skr49_1115"
"chart_skr49_1118","Ansparrücklage $ 62 Abs. 4 AO","1118","False","equity","l10n_de_skr49.account_tag_skr49_024,l10n_de_skr49.account_tag_skr49_121","chart_skr49_1118"
"chart_skr49_1120","Sonstige Ergebnisrücklagen (Falls Sie die Rücklagen nach dem Zeitpunkt der Auflösung differenziert ausweisen möchten, buchen Sie bitte auf den Konten 1000 ff)","1120","False","equity","l10n_de_skr49.account_tag_skr49_024,l10n_de_skr49.account_tag_skr49_122","chart_skr49_1120"
"chart_skr49_1125","Ergebnisvortrag","1125","False","equity","l10n_de_skr49.account_tag_skr49_024,l10n_de_skr49.account_tag_skr49_123","chart_skr49_1125"
"chart_skr49_1140","Gezeichnetes Kapital","1140","False","equity","l10n_de_skr49.account_tag_skr49_025,l10n_de_skr49.account_tag_skr49_124","chart_skr49_1140"
"chart_skr49_1144","Ausstehende Einlagen auf das gezeichnete Kapital, nicht eingefordert (Passivausweis, vom gezeichneten Kapital offen abgesetzt; eingeforderte ausstehende Einlagen s. Konto 0640)","1144","False","equity","l10n_de_skr49.account_tag_skr49_025,l10n_de_skr49.account_tag_skr49_125","chart_skr49_1144"
"chart_skr49_1145","Kapitalrücklage","1145","False","equity","l10n_de_skr49.account_tag_skr49_026,l10n_de_skr49.account_tag_skr49_126","chart_skr49_1145"
"chart_skr49_1149","Nachschusskapital (nur GmbH) - Gegenkonto 0641","1149","False","equity","l10n_de_skr49.account_tag_skr49_026,l10n_de_skr49.account_tag_skr49_126","chart_skr49_1149"
"chart_skr49_1150","Gesetzliche Rücklage","1150","False","equity","l10n_de_skr49.account_tag_skr49_027,l10n_de_skr49.account_tag_skr49_127","chart_skr49_1150"
"chart_skr49_1155","Satzungsmäßige Rücklagen","1155","False","equity","l10n_de_skr49.account_tag_skr49_027,l10n_de_skr49.account_tag_skr49_128","chart_skr49_1155"
"chart_skr49_1158","Andere Gewinnrücklagen (Falls Sie die Rücklagen nach dem Zeitpunkt der Auflösung differenziert ausweisen möchten, buchen Sie bitte auf den Konten 1000 ff)","1158","False","equity","l10n_de_skr49.account_tag_skr49_027,l10n_de_skr49.account_tag_skr49_129","chart_skr49_1158"
"chart_skr49_1160","Gewinn-/Verlustvortrag","1160","False","equity","l10n_de_skr49.account_tag_skr49_028,l10n_de_skr49.account_tag_skr49_130","chart_skr49_1160"
"chart_skr49_1170","Vereinskapital / sonstige nicht zeitnah zu verwendende Mittel ⌡ 62 Abs. 3 AO","1170","False","equity","l10n_de_skr49.account_tag_skr49_028,l10n_de_skr49.account_tag_skr49_131","chart_skr49_1170"
"chart_skr49_1180","Sonderposten mit Rücklageanteil","1180","False","equity","l10n_de_skr49.account_tag_skr49_029,l10n_de_skr49.account_tag_skr49_132","chart_skr49_1180"
"chart_skr49_1185","Nutzungsgebundenes Kapital","1185","False","equity","l10n_de_skr49.account_tag_skr49_029,l10n_de_skr49.account_tag_skr49_115","chart_skr49_1185"
"chart_skr49_1190","Längerfritstig gebundene Spenden","1190","False","equity","l10n_de_skr49.account_tag_skr49_029,l10n_de_skr49.account_tag_skr49_133","chart_skr49_1190"
"chart_skr49_1195","Noch nicht satzungsgemäß verwendete Spenden","1195","False","equity","l10n_de_skr49.account_tag_skr49_029,l10n_de_skr49.account_tag_skr49_134","chart_skr49_1195"
"chart_skr49_1200","Rückstellungen für Pensionen und ähnliche Verpflichtungen","1200","False","liability_current","l10n_de_skr49.account_tag_skr49_030,l10n_de_skr49.account_tag_skr49_135","chart_skr49_1200"
"chart_skr49_1210","Steuerrückstellungen","1210","False","liability_current","l10n_de_skr49.account_tag_skr49_030,l10n_de_skr49.account_tag_skr49_136","chart_skr49_1210"
"chart_skr49_1220","Sonstige Rückstellungen","1220","False","liability_current","l10n_de_skr49.account_tag_skr49_030,l10n_de_skr49.account_tag_skr49_137","chart_skr49_1220"
"chart_skr49_1230","Bewilligungen","1230","False","liability_current","l10n_de_skr49.account_tag_skr49_031,l10n_de_skr49.account_tag_skr49_138","chart_skr49_1230"
"chart_skr49_1235","Rückgängig gemachte Bewilligungen","1235","False","liability_current","l10n_de_skr49.account_tag_skr49_031,l10n_de_skr49.account_tag_skr49_139","chart_skr49_1235"
"chart_skr49_1300","Anleihen, nicht konvertibel","1300","False","liability_current","l10n_de_skr49.account_tag_skr49_140","chart_skr49_1300"
"chart_skr49_1301","Anleihen, nicht konvertibel - Restlaufzeit bis 1 Jahr","1301","False","liability_current","l10n_de_skr49.account_tag_skr49_140","chart_skr49_1301"
"chart_skr49_1302","Anleihen, nicht konvertibel - Restlaufzeit 1 bis 5 Jahre","1302","False","liability_current","l10n_de_skr49.account_tag_skr49_140","chart_skr49_1302"
"chart_skr49_1303","Anleihen, nicht konvertibel - Restlaufzeit größer 5 Jahre","1303","False","liability_current","l10n_de_skr49.account_tag_skr49_140","chart_skr49_1303"
"chart_skr49_1315","Anleihen, konvertibel","1315","False","liability_current","l10n_de_skr49.account_tag_skr49_140","chart_skr49_1315"
"chart_skr49_1316","Anleihen, konvertibel - Restlaufzeit bis 1 Jahr","1316","False","liability_current","l10n_de_skr49.account_tag_skr49_140","chart_skr49_1316"
"chart_skr49_1317","Anleihen, konvertibel - Restlaufzeit 1 bis 5 Jahre","1317","False","liability_current","l10n_de_skr49.account_tag_skr49_140","chart_skr49_1317"
"chart_skr49_1318","Anleihen, konvertibel - Restlaufzeit größer 5 Jahre","1318","False","liability_current","l10n_de_skr49.account_tag_skr49_140","chart_skr49_1318"
"chart_skr49_1330","Erhaltene Anzahlungen auf Bestellungen (Verbindlichkeiten)","1330","False","liability_current","l10n_de_skr49.account_tag_skr49_141","chart_skr49_1330"
"chart_skr49_1331","Erhaltene Anzahlungen - Restlaufzeit bis 1 Jahr","1331","False","liability_current","l10n_de_skr49.account_tag_skr49_141","chart_skr49_1331"
"chart_skr49_1332","Erhaltene Anzahlungen - Restlaufzeit bis 1 Jahr - Restlaufzeit 1 bis 5 Jahre","1332","False","liability_current","l10n_de_skr49.account_tag_skr49_141","chart_skr49_1332"
"chart_skr49_1333","Erhaltene Anzahlungen - Restlaufzeit bis 1 Jahr - Restlaufzeit größer 5 Jahre","1333","False","liability_current","l10n_de_skr49.account_tag_skr49_141","chart_skr49_1333"
"chart_skr49_1335","Verbindlichkeiten aus Lieferungen und Leistungen gegenüber Gesellschaftern","1335","True","liability_payable","l10n_de_skr49.account_tag_skr49_032,l10n_de_skr49.account_tag_skr49_142","chart_skr49_1335"
"chart_skr49_1336","Verbindlichkeiten aus Lieferungen und Leistungen gegenüber Gesellschaftern - Restlaufzeit bis 1 Jahr","1336","True","liability_payable","l10n_de_skr49.account_tag_skr49_032,l10n_de_skr49.account_tag_skr49_142","chart_skr49_1336"
"chart_skr49_1337","Verbindlichkeiten aus Lieferungen und Leistungen gegenüber Gesellschaftern - Restlaufzeit 1 bis 5 Jahre","1337","True","liability_payable","l10n_de_skr49.account_tag_skr49_032,l10n_de_skr49.account_tag_skr49_142","chart_skr49_1337"
"chart_skr49_1338","Verbindlichkeiten aus Lieferungen und Leistungen gegenüber Gesellschaftern - Restlaufzeit größer 5 Jahre","1338","True","liability_payable","l10n_de_skr49.account_tag_skr49_032,l10n_de_skr49.account_tag_skr49_142","chart_skr49_1338"
"chart_skr49_1340","Verbindlichkeiten aus Lieferungen und Leistungen","1340","True","liability_payable","l10n_de_skr49.account_tag_skr49_032,l10n_de_skr49.account_tag_skr49_143","chart_skr49_1340"
"chart_skr49_1341","Verbindlichkeiten aus Lieferungen und Leistungen zum allgemeinen Umsatzsteuersatz (EÜR)","1341","True","liability_payable","l10n_de_skr49.account_tag_skr49_032,l10n_de_skr49.account_tag_skr49_143","chart_skr49_1341"
"chart_skr49_1342","Verbindlichkeiten aus Lieferungen und Leistungen zum ermäßigten Umsatzsteuersatz (EÜR)","1342","True","liability_payable","l10n_de_skr49.account_tag_skr49_032,l10n_de_skr49.account_tag_skr49_143","chart_skr49_1342"
"chart_skr49_1343","Verbindlichkeiten aus Lieferungen und Leistungen ohne Vorsteuerabzug (EÜR)","1343","True","liability_payable","l10n_de_skr49.account_tag_skr49_032,l10n_de_skr49.account_tag_skr49_143","chart_skr49_1343"
"chart_skr49_1344","Gegenkonto 1341-1343 bei Aufteilung der Verbindlichkeiten nach Steuersätzen (EÜR)","1344","True","liability_payable","l10n_de_skr49.account_tag_skr49_032,l10n_de_skr49.account_tag_skr49_143","chart_skr49_1344"
"chart_skr49_1345","Verbindlichkeiten Investitionen ⌡ 4/3 EStG","1345","True","liability_payable","l10n_de_skr49.account_tag_skr49_032,l10n_de_skr49.account_tag_skr49_144","chart_skr49_1345"
"chart_skr49_1346","Verbindlichkeiten aus Lieferungen und Leistungen ohne Kontokorrent","1346","True","liability_payable","l10n_de_skr49.account_tag_skr49_032,l10n_de_skr49.account_tag_skr49_145","chart_skr49_1346"
"chart_skr49_1347","Verbindlichkeiten aus Lieferungen und Leistungen ohne Kontokorrent    - Restlaufzeit bis 1 Jahr","1347","True","liability_payable","l10n_de_skr49.account_tag_skr49_032,l10n_de_skr49.account_tag_skr49_145","chart_skr49_1347"
"chart_skr49_1348","Verbindlichkeiten aus Lieferungen und Leistungen ohne Kontokorrent    - Restlaufzeit 1 bis 5 Jahre","1348","True","liability_payable","l10n_de_skr49.account_tag_skr49_032,l10n_de_skr49.account_tag_skr49_145","chart_skr49_1348"
"chart_skr49_1349","Verbindlichkeiten aus Lieferungen und Leistungen ohne Kontokorrent    - Restlaufzeit größer 5 Jahre","1349","True","liability_payable","l10n_de_skr49.account_tag_skr49_032,l10n_de_skr49.account_tag_skr49_145","chart_skr49_1349"
"chart_skr49_1350","Wechselverbindlichkeiten","1350","False","liability_current","l10n_de_skr49.account_tag_skr49_146","chart_skr49_1350"
"chart_skr49_1351","Wechselverbindlichkeiten - Restlaufzeit bis 1 Jahr","1351","False","liability_current","l10n_de_skr49.account_tag_skr49_146","chart_skr49_1351"
"chart_skr49_1352","Wechselverbindlichkeiten - Restlaufzeit 1 bis 5 Jahre","1352","False","liability_current","l10n_de_skr49.account_tag_skr49_146","chart_skr49_1352"
"chart_skr49_1353","Wechselverbindlichkeiten - Restlaufzeit größer 5 Jahre","1353","False","liability_current","l10n_de_skr49.account_tag_skr49_146","chart_skr49_1353"
"chart_skr49_1360","Verbindlichkeiten gegenüber verbundenen Unternehmen","1360","False","liability_current","l10n_de_skr49.account_tag_skr49_147","chart_skr49_1360"
"chart_skr49_1361","Verbindlichkeiten gegenüber verbundenen Unternehmen - Restlaufzeit bis 1 Jahr","1361","False","liability_current","l10n_de_skr49.account_tag_skr49_147","chart_skr49_1361"
"chart_skr49_1362","Verbindlichkeiten gegenüber verbundenen Unternehmen - Restlaufzeit 1 bis 5 Jahre","1362","False","liability_current","l10n_de_skr49.account_tag_skr49_147","chart_skr49_1362"
"chart_skr49_1363","Verbindlichkeiten gegenüber verbundenen Unternehmen - Restlaufzeit größer 5 Jahre","1363","False","liability_current","l10n_de_skr49.account_tag_skr49_147","chart_skr49_1363"
"chart_skr49_1365","Verbindlichkeiten aus Lieferungen und Leistungen gegenüber verbundenen Unternehmen","1365","False","liability_current","l10n_de_skr49.account_tag_skr49_147","chart_skr49_1365"
"chart_skr49_1366","Verbindlichkeiten aus Lieferungen und Leistungen gegenüber verbundenen Unternehmen - Restlaufzeit bis 1 Jahr","1366","False","liability_current","l10n_de_skr49.account_tag_skr49_147","chart_skr49_1366"
"chart_skr49_1367","Verbindlichkeiten aus Lieferungen und Leistungen gegenüber verbundenen Unternehmen - Restlaufzeit 1 bis 5 Jahre","1367","False","liability_current","l10n_de_skr49.account_tag_skr49_147","chart_skr49_1367"
"chart_skr49_1368","Verbindlichkeiten aus Lieferungen und Leistungen gegenüber verbundenen Unternehmen - Restlaufzeit größer 5 Jahre","1368","False","liability_current","l10n_de_skr49.account_tag_skr49_147","chart_skr49_1368"
"chart_skr49_1370","Verbindlichkeiten gegenüber Unternehmen mit Beteiligungsverhältnis besteht","1370","False","liability_current","l10n_de_skr49.account_tag_skr49_148","chart_skr49_1370"
"chart_skr49_1371","Verbindlichkeiten gegenüber Unternehmen mit Beteiligungsverhältnis besteht - Restlaufzeit bis 1 Jahr","1371","False","liability_current","l10n_de_skr49.account_tag_skr49_148","chart_skr49_1371"
"chart_skr49_1372","Verbindlichkeiten gegenüber Unternehmen mit Beteiligungsverhältnis besteht - Restlaufzeit 1 bis 5 Jahre","1372","False","liability_current","l10n_de_skr49.account_tag_skr49_148","chart_skr49_1372"
"chart_skr49_1373","Verbindlichkeiten gegenüber Unternehmen mit Beteiligungsverhältnis besteht - Restlaufzeit größer 5 Jahre","1373","False","liability_current","l10n_de_skr49.account_tag_skr49_148","chart_skr49_1373"
"chart_skr49_1375","Verbindlichkeiten aus Lieferungen und Leistungen gegenüber Unternehmen, mit denen ein Beteiligungsverhältnis besteht","1375","False","liability_current","l10n_de_skr49.account_tag_skr49_148","chart_skr49_1375"
"chart_skr49_1376","Verbindlichkeiten aus Lieferungen und Leistungen gegenüber Unternehmen, mit denen ein Beteiligungsverhältnis besteht    - Restlaufzeit bis 1 Jahr","1376","False","liability_current","l10n_de_skr49.account_tag_skr49_148","chart_skr49_1376"
"chart_skr49_1377","Verbindlichkeiten aus Lieferungen und Leistungen gegenüber Unternehmen, mit denen ein Beteiligungsverhältnis besteht    - Restlaufzeit 1 bis 5 Jahre","1377","False","liability_current","l10n_de_skr49.account_tag_skr49_148","chart_skr49_1377"
"chart_skr49_1378","Verbindlichkeiten aus Lieferungen und Leistungen gegenüber Unternehmen, mit denen ein Beteiligungsverhältnis besteht    - Restlaufzeit größer 5 Jahre","1378","False","liability_current","l10n_de_skr49.account_tag_skr49_148","chart_skr49_1378"
"chart_skr49_1380","Verbindlichkeiten für satzungsgemäße Leistungen","1380","False","liability_current","l10n_de_skr49.account_tag_skr49_149","chart_skr49_1380"
"chart_skr49_1385","Verbindlichkeiten aus erteilten Zusagen","1385","False","liability_current","l10n_de_skr49.account_tag_skr49_150","chart_skr49_1385"
"chart_skr49_1390","Verbindlichkeiten aus nicht zweckentsprechend verwendeten Mitteln","1390","False","liability_current","l10n_de_skr49.account_tag_skr49_151","chart_skr49_1390"
"chart_skr49_1395","Verbindlichkeiten aus bedingt rückzahlungspflichtigen Spenden","1395","False","liability_current","l10n_de_skr49.account_tag_skr49_152","chart_skr49_1395"
"chart_skr49_1500","Verbindlichkeiten gegenüber Kreditinstituten","1500","False","liability_current","l10n_de_skr49.account_tag_skr49_153","chart_skr49_1500"
"chart_skr49_1510","Verbindlichkeiten gegenüber Kreditinstituten - Restlaufzeit bis 1 Jahr","1510","False","liability_current","l10n_de_skr49.account_tag_skr49_153","chart_skr49_1510"
"chart_skr49_1520","Verbindlichkeiten gegenüber Kreditinstituten - Restlaufzeit 1 bis 5 Jahre","1520","False","liability_current","l10n_de_skr49.account_tag_skr49_153","chart_skr49_1520"
"chart_skr49_1530","Verbindlichkeiten gegenüber Kreditinstituten - Restlaufzeit größer 5 Jahre","1530","False","liability_current","l10n_de_skr49.account_tag_skr49_153","chart_skr49_1530"
"chart_skr49_1540","Verbindlichkeiten gegenüber Kreditinstituten aus Teilzahlungsverträgen","1540","False","liability_current","l10n_de_skr49.account_tag_skr49_153","chart_skr49_1540"
"chart_skr49_1550","Verbindlichkeiten gegenüber Kreditinstituten aus Teilzahlungsverträgen - Restlaufzeit bis 1 Jahr","1550","False","liability_current","l10n_de_skr49.account_tag_skr49_153","chart_skr49_1550"
"chart_skr49_1560","Verbindlichkeiten gegenüber Kreditinstituten aus Teilzahlungsverträgen - Restlaufzeit 1 bis 5 Jahre","1560","False","liability_current","l10n_de_skr49.account_tag_skr49_153","chart_skr49_1560"
"chart_skr49_1570","Verbindlichkeiten gegenüber Kreditinstituten aus Teilzahlungsverträgen - Restlaufzeit größer 5 Jahre","1570","False","liability_current","l10n_de_skr49.account_tag_skr49_153","chart_skr49_1570"
"chart_skr49_1599","Gegenkonto 1500-1574 bei Aufteilung der Konten 1575-1598","1599","False","liability_current","l10n_de_skr49.account_tag_skr49_154","chart_skr49_1599"
"chart_skr49_1600","Verbindlichkeiten gegenüber Gesellschaftern","1600","False","liability_current","l10n_de_skr49.account_tag_skr49_095","chart_skr49_1600"
"chart_skr49_1601","Verbindlichkeiten gegenüber Gesellschaftern - Restlaufzeit bis 1 Jahr","1601","False","liability_current","l10n_de_skr49.account_tag_skr49_095","chart_skr49_1601"
"chart_skr49_1602","Verbindlichkeiten gegenüber Gesellschaftern - Restlaufzeit 1 bis 5 Jahre","1602","False","liability_current","l10n_de_skr49.account_tag_skr49_095","chart_skr49_1602"
"chart_skr49_1603","Verbindlichkeiten gegenüber Gesellschaftern - Restlaufzeit größer 5 Jahre","1603","False","liability_current","l10n_de_skr49.account_tag_skr49_095","chart_skr49_1603"
"chart_skr49_1605","Verbindlichkeiten gegenüber Gesellschaftern für offene Ausschüttungen","1605","False","liability_current","l10n_de_skr49.account_tag_skr49_095","chart_skr49_1605"
"chart_skr49_1610","Darlehen typisch stiller Gesellschafter","1610","False","liability_current","l10n_de_skr49.account_tag_skr49_095","chart_skr49_1610"
"chart_skr49_1611","Darlehen typisch stiller Gesellschafter - Restlaufzeit bis 1 Jahr","1611","False","liability_current","l10n_de_skr49.account_tag_skr49_095","chart_skr49_1611"
"chart_skr49_1612","Darlehen typisch stiller Gesellschafter - Restlaufzeit 1 bis 5 Jahre","1612","False","liability_current","l10n_de_skr49.account_tag_skr49_095","chart_skr49_1612"
"chart_skr49_1613","Darlehen typisch stiller Gesellschafter - Restlaufzeit größer 5 Jahre","1613","False","liability_current","l10n_de_skr49.account_tag_skr49_095","chart_skr49_1613"
"chart_skr49_1615","Darlehen atypisch stiller Gesellschafter","1615","False","liability_current","l10n_de_skr49.account_tag_skr49_095","chart_skr49_1615"
"chart_skr49_1616","Darlehen atypisch stiller Gesellschafter - Restlaufzeit bis 1 Jahr","1616","False","liability_current","l10n_de_skr49.account_tag_skr49_095","chart_skr49_1616"
"chart_skr49_1617","Darlehen atypisch stiller Gesellschafter - Restlaufzeit 1 bis 5 Jahre","1617","False","liability_current","l10n_de_skr49.account_tag_skr49_095","chart_skr49_1617"
"chart_skr49_1618","Darlehen atypisch stiller Gesellschafter - Restlaufzeit größer 5 Jahre","1618","False","liability_current","l10n_de_skr49.account_tag_skr49_095","chart_skr49_1618"
"chart_skr49_1620","Partiarische Darlehen","1620","False","liability_current","l10n_de_skr49.account_tag_skr49_095","chart_skr49_1620"
"chart_skr49_1621","Partiarische Darlehen - Restlaufzeit bis 1 Jahr","1621","False","liability_current","l10n_de_skr49.account_tag_skr49_095","chart_skr49_1621"
"chart_skr49_1622","Partiarische Darlehen - Restlaufzeit 1 bis 5 Jahre","1622","False","liability_current","l10n_de_skr49.account_tag_skr49_095","chart_skr49_1622"
"chart_skr49_1623","Partiarische Darlehen - Restlaufzeit größer 5 Jahre","1623","False","liability_current","l10n_de_skr49.account_tag_skr49_095","chart_skr49_1623"
"chart_skr49_1625","Erhaltene Kautionen","1625","False","liability_current","l10n_de_skr49.account_tag_skr49_095","chart_skr49_1625"
"chart_skr49_1626","Erhaltene Kautionen - Restlaufzeit bis 1 Jahr","1626","False","liability_current","l10n_de_skr49.account_tag_skr49_095","chart_skr49_1626"
"chart_skr49_1627","Erhaltene Kautionen - Restlaufzeit 1 bis 5 Jahre","1627","False","liability_current","l10n_de_skr49.account_tag_skr49_095","chart_skr49_1627"
"chart_skr49_1628","Erhaltene Kautionen - Restlaufzeit größer 5 Jahre","1628","False","liability_current","l10n_de_skr49.account_tag_skr49_095","chart_skr49_1628"
"chart_skr49_1630","Darlehen","1630","False","liability_current","l10n_de_skr49.account_tag_skr49_095","chart_skr49_1630"
"chart_skr49_1631","Darlehen - Restlaufzeit bis 1 Jahr","1631","False","liability_current","l10n_de_skr49.account_tag_skr49_095","chart_skr49_1631"
"chart_skr49_1632","Darlehen - Restlaufzeit 1 bis 5 Jahre","1632","False","liability_current","l10n_de_skr49.account_tag_skr49_095","chart_skr49_1632"
"chart_skr49_1633","Darlehen - Restlaufzeit größer 5 Jahre","1633","False","liability_current","l10n_de_skr49.account_tag_skr49_095","chart_skr49_1633"
"chart_skr49_1679","Gegenkonto 1600-1624, 1630-1634 und 1800-1805 bei Aufteilung der Konten 1635-1678","1679","False","liability_current","l10n_de_skr49.account_tag_skr49_095","chart_skr49_1679"
"chart_skr49_1680","Agenturwarenabrechnung","1680","False","liability_current","l10n_de_skr49.account_tag_skr49_095","chart_skr49_1680"
"chart_skr49_1681","Kreditkartenabrechnung","1681","False","liability_current","l10n_de_skr49.account_tag_skr49_095","chart_skr49_1681"
"chart_skr49_1682","Verbindlichkeiten gegenüber Arbeitsgemeinschaften","1682","False","liability_current","l10n_de_skr49.account_tag_skr49_095","chart_skr49_1682"
"chart_skr49_1685","Verbindlichkeiten gegenüber GmbH-Gesellschaftern","1685","False","liability_current","l10n_de_skr49.account_tag_skr49_095","chart_skr49_1685"
"chart_skr49_1686","Verbindlichkeiten gegenüber GmbH-Gesellschaftern - Restlaufzeit bis 1 Jahr","1686","False","liability_current","l10n_de_skr49.account_tag_skr49_095","chart_skr49_1686"
"chart_skr49_1687","Verbindlichkeiten gegenüber GmbH-Gesellschaftern - Restlaufzeit 1 bis 5 Jahre","1687","False","liability_current","l10n_de_skr49.account_tag_skr49_095","chart_skr49_1687"
"chart_skr49_1688","Verbindlichkeiten gegenüber GmbH-Gesellschaftern - Restlaufzeit größer 5 Jahre","1688","False","liability_current","l10n_de_skr49.account_tag_skr49_095","chart_skr49_1688"
"chart_skr49_1690","Verbindlichkeiten gegenüber stillen Gesellschaftern","1690","False","liability_current","l10n_de_skr49.account_tag_skr49_095","chart_skr49_1690"
"chart_skr49_1691","Verbindlichkeiten gegenüber stillen Gesellschaftern - Restlaufzeit bis 1 Jahr","1691","False","liability_current","l10n_de_skr49.account_tag_skr49_095","chart_skr49_1691"
"chart_skr49_1692","Verbindlichkeiten gegenüber stillen Gesellschaftern - Restlaufzeit 1 bis 5 Jahre","1692","False","liability_current","l10n_de_skr49.account_tag_skr49_095","chart_skr49_1692"
"chart_skr49_1693","Verbindlichkeiten gegenüber stillen Gesellschaftern - Restlaufzeit größer 5 Jahre","1693","False","liability_current","l10n_de_skr49.account_tag_skr49_095","chart_skr49_1693"
"chart_skr49_1695","Verrechnungskonto geleistete Anzahlungen bei Buchung über Kreditorenkonto","1695","False","liability_current","l10n_de_skr49.account_tag_skr49_093","chart_skr49_1695"
"chart_skr49_1700","Verbindlichkeiten aus Lohn- und Kirchensteuer","1700","False","liability_current","l10n_de_skr49.account_tag_skr49_155","chart_skr49_1700"
"chart_skr49_1705","Verbindlichkeiten im Rahmen der sozialen Sicherheit","1705","False","liability_current","l10n_de_skr49.account_tag_skr49_155","chart_skr49_1705"
"chart_skr49_1706","Verbindlichkeiten im Rahmen der sozialen Sicherheit - Restlaufzeit bis 1 Jahr","1706","False","liability_current","l10n_de_skr49.account_tag_skr49_155","chart_skr49_1706"
"chart_skr49_1707","Verbindlichkeiten im Rahmen der sozialen Sicherheit - Restlaufzeit 1 bis 5 Jahre","1707","False","liability_current","l10n_de_skr49.account_tag_skr49_155","chart_skr49_1707"
"chart_skr49_1708","Verbindlichkeiten im Rahmen der sozialen Sicherheit - Restlaufzeit größer 5 Jahre","1708","False","liability_current","l10n_de_skr49.account_tag_skr49_155","chart_skr49_1708"
"chart_skr49_1710","Voraussichtliche Beitragsschuld gegenüber den Sozialversicherungsträgern","1710","False","liability_current","l10n_de_skr49.account_tag_skr49_155","chart_skr49_1710"
"chart_skr49_1712","Verbindlichkeiten aus Lohn und Gehalt","1712","False","liability_current","l10n_de_skr49.account_tag_skr49_095","chart_skr49_1712"
"chart_skr49_1715","Verbindlichkeiten aus Einbehaltungen (KapESt und SolZ, KiSt auf KapESt) für offene Ausschüttungen","1715","False","liability_current","l10n_de_skr49.account_tag_skr49_095","chart_skr49_1715"
"chart_skr49_1716","Verbindlichkeiten für Verbrauchsteuern","1716","False","liability_current","l10n_de_skr49.account_tag_skr49_095","chart_skr49_1716"
"chart_skr49_1720","Verbindlichkeiten aus Vermögensbildung","1720","False","liability_current","l10n_de_skr49.account_tag_skr49_095","chart_skr49_1720"
"chart_skr49_1721","Verbindlichkeiten aus Vermögensbildung - Restlaufzeit bis 1 Jahr","1721","False","liability_current","l10n_de_skr49.account_tag_skr49_095","chart_skr49_1721"
"chart_skr49_1722","Verbindlichkeiten aus Vermögensbildung - Restlaufzeit 1 bis 5 Jahre","1722","False","liability_current","l10n_de_skr49.account_tag_skr49_095","chart_skr49_1722"
"chart_skr49_1723","Verbindlichkeiten aus Vermögensbildung - Restlaufzeit größer 5 Jahre","1723","False","liability_current","l10n_de_skr49.account_tag_skr49_095","chart_skr49_1723"
"chart_skr49_1724","Ausgegebene Geschenkgutscheine","1724","False","liability_current","l10n_de_skr49.account_tag_skr49_095","chart_skr49_1724"
"chart_skr49_1730","Lohn- und Gehaltsverrechnungskonto","1730","False","liability_current","l10n_de_skr49.account_tag_skr49_155","chart_skr49_1730"
"chart_skr49_1731","Lohn- und Gehaltsverrechnung ⌡ 11 Abs. 2 Satz 2 EStG für ⌡ 4 Abs. 3 EStG","1731","False","liability_current","l10n_de_skr49.account_tag_skr49_155","chart_skr49_1731"
"chart_skr49_1732","Verbindlichkeiten im Rahmen der sozialen Sicherheit für ⌡ 4 Abs. 3 EStG","1732","False","liability_current","l10n_de_skr49.account_tag_skr49_155","chart_skr49_1732"
"chart_skr49_1798","Verbindlichkeiten für Einbehaltungen von Artbeitnehmern","1798","False","liability_current","l10n_de_skr49.account_tag_skr49_095","chart_skr49_1798"
"chart_skr49_1799","Verbindlichkeiten an das Finanzamt aus abzuführendem Bauabzugsbetrag","1799","False","liability_current","l10n_de_skr49.account_tag_skr49_095","chart_skr49_1799"
"chart_skr49_1800","Sonstige Verbindlichkeiten","1800","False","liability_current","l10n_de_skr49.account_tag_skr49_095","chart_skr49_1800"
"chart_skr49_1801","Sonstige Verbindlichkeiten - Restlaufzeit bis 1 Jahr","1801","False","liability_current","l10n_de_skr49.account_tag_skr49_095","chart_skr49_1801"
"chart_skr49_1802","Sonstige Verbindlichkeiten - Restlaufzeit 1 bis 5 Jahre","1802","False","liability_current","l10n_de_skr49.account_tag_skr49_095","chart_skr49_1802"
"chart_skr49_1803","Sonstige Verbindlichkeiten - Restlaufzeit größer 5 Jahre","1803","False","liability_current","l10n_de_skr49.account_tag_skr49_095","chart_skr49_1803"
"chart_skr49_1804","Verbindlichkeiten zu Ausgaben ⌡ 11 Abs. 2 Satz 2 EStG","1804","False","liability_current","l10n_de_skr49.account_tag_skr49_095","chart_skr49_1804"
"chart_skr49_1806","Erhaltene Kautionen","1806","False","liability_current","l10n_de_skr49.account_tag_skr49_095","chart_skr49_1806"
"chart_skr49_1807","Erhaltene Kautionen - Restlaufzeit bis 1 Jahr","1807","False","liability_current","l10n_de_skr49.account_tag_skr49_095","chart_skr49_1807"
"chart_skr49_1808","Erhaltene Kautionen - Restlaufzeit 1 bis 5 Jahre","1808","False","liability_current","l10n_de_skr49.account_tag_skr49_095","chart_skr49_1808"
"chart_skr49_1809","Erhaltene Kautionen - Restlaufzeit größer 5 Jahre","1809","False","liability_current","l10n_de_skr49.account_tag_skr49_095","chart_skr49_1809"
"chart_skr49_1815","Gegenkonto Bruttoerlöse","1815","False","liability_current","l10n_de_skr49.account_tag_skr49_096","chart_skr49_1815"
"chart_skr49_1820","Nettoerlöse 7 %","1820","False","liability_current","l10n_de_skr49.account_tag_skr49_096","chart_skr49_1820"
"chart_skr49_1825","Nettoerlöse 19 %","1825","False","liability_current","l10n_de_skr49.account_tag_skr49_096","chart_skr49_1825"
"chart_skr49_1830","Nettoerlöse 0 % mit Vorsteuer-Abzug","1830","False","liability_current","l10n_de_skr49.account_tag_skr49_096","chart_skr49_1830"
"chart_skr49_1835","Nettoerlöse 0 % ohne Vorsteuer-Abzug","1835","False","liability_current","l10n_de_skr49.account_tag_skr49_096","chart_skr49_1835"
"chart_skr49_1836","Nettoerlöse 0 % aus innergemeinschaftlichen Lieferungen (steuerfrei)","1836","False","liability_current","l10n_de_skr49.account_tag_skr49_096","chart_skr49_1836"
"chart_skr49_1840","Umsatzsteuer","1840","False","liability_current","l10n_de_skr49.account_tag_skr49_156","chart_skr49_1840"
"chart_skr49_1845","Umsatzsteuer 7 %","1845","False","liability_current","l10n_de_skr49.account_tag_skr49_156","chart_skr49_1845"
"chart_skr49_1850","Umsatzsteuer 19 %","1850","False","liability_current","l10n_de_skr49.account_tag_skr49_156","chart_skr49_1850"
"chart_skr49_1860","Umsatzsteuer aus innergemeinschaftlichem Erwerb","1860","False","liability_current","l10n_de_skr49.account_tag_skr49_156","chart_skr49_1860"
"chart_skr49_1861","Umsatzsteuer innergemeinschaftlicher Erwerb Neufahrzeuge ohne USt-IdNr.","1861","False","liability_current","l10n_de_skr49.account_tag_skr49_156","chart_skr49_1861"
"chart_skr49_1864","Umsatzsteuer aus im Inland steuerpflichtigen Leistungen 7 %","1864","False","liability_current","l10n_de_skr49.account_tag_skr49_156","chart_skr49_1864"
"chart_skr49_1865","Umsatzsteuer aus im Inland steuerpflichtigen Leistungen 19 %","1865","False","liability_current","l10n_de_skr49.account_tag_skr49_156","chart_skr49_1865"
"chart_skr49_1866","Umsatzsteuer aus im Inland steuerpflichtigen EU-Lieferungen","1866","False","liability_current","l10n_de_skr49.account_tag_skr49_156","chart_skr49_1866"
"chart_skr49_1869","Umsatzsteuer aus im anderen EU-Land steuerpflichtigen elektronischen Dienstleistungen","1869","False","liability_current","l10n_de_skr49.account_tag_skr49_157","chart_skr49_1869"
"chart_skr49_1870","Umsatzsteuer aus im anderen EU-Land steuerpflichtigen Lieferungen","1870","False","liability_current","l10n_de_skr49.account_tag_skr49_157","chart_skr49_1870"
"chart_skr49_1871","Umsatzsteuer aus im anderen EU-Land steuerpflichtigen sonstigen Leistungen","1871","False","liability_current","l10n_de_skr49.account_tag_skr49_157","chart_skr49_1871"
"chart_skr49_1872","Umsatzsteuer aus innergemeinschaftlichem Erwerb ohne Vorsteuerabzug","1872","False","liability_current","l10n_de_skr49.account_tag_skr49_156","chart_skr49_1872"
"chart_skr49_1873","Umsatzsteuer aus innergemeinschaftlichem Erwerb 19 %","1873","False","liability_current","l10n_de_skr49.account_tag_skr49_156","chart_skr49_1873"
"chart_skr49_1880","Umsatzsteuer nicht fällig","1880","False","liability_current","l10n_de_skr49.account_tag_skr49_158","chart_skr49_1880"
"chart_skr49_1885","Umsatzsteuer nicht fällig 7 %","1885","False","liability_current","l10n_de_skr49.account_tag_skr49_158","chart_skr49_1885"
"chart_skr49_1890","Umsatzsteuer nicht fällig 19 %","1890","False","liability_current","l10n_de_skr49.account_tag_skr49_158","chart_skr49_1890"
"chart_skr49_1895","Umsatzsteuer nicht fällig aus im Inland steuerpflichtigen EU-Lieferungen","1895","False","liability_current","l10n_de_skr49.account_tag_skr49_158","chart_skr49_1895"
"chart_skr49_1896","Umsatzsteuer nicht fällig aus im Inland steuerpflichtigen EU-Lieferungen 19 %","1896","False","liability_current","l10n_de_skr49.account_tag_skr49_158","chart_skr49_1896"
"chart_skr49_1901","Umsatzsteuer nach ⌡ 13b UStG","1901","False","liability_current","l10n_de_skr49.account_tag_skr49_156","chart_skr49_1901"
"chart_skr49_1902","Umsatzsteuer nach ⌡ 13b UStG, 19 %","1902","False","liability_current","l10n_de_skr49.account_tag_skr49_156","chart_skr49_1902"
"chart_skr49_1905","Umsatzsteuer aus der Auslagerung von Gegenständen aus einem Umsatzsteuerlager","1905","False","liability_current","l10n_de_skr49.account_tag_skr49_156","chart_skr49_1905"
"chart_skr49_1910","Sammelkonto Umsatzsteuer-Vorauszahlung/-erstattung","1910","False","liability_current","l10n_de_skr49.account_tag_skr49_159","chart_skr49_1910"
"chart_skr49_1911","Sammelkonto Umsatzsteuer-Vorauszahlung 1/11","1911","False","liability_current","l10n_de_skr49.account_tag_skr49_159","chart_skr49_1911"
"chart_skr49_1912","Nachsteuer UStVA Kz. 65","1912","False","liability_current","l10n_de_skr49.account_tag_skr49_159","chart_skr49_1912"
"chart_skr49_1913","Umsatzsteuer frühere Jahre","1913","False","liability_current","l10n_de_skr49.account_tag_skr49_159","chart_skr49_1913"
"chart_skr49_1914","In Rechnung unrichtig oder unberechtigt ausgewiesene Steuerbeträge, UStVA Kz.69","1914","False","liability_current","l10n_de_skr49.account_tag_skr49_159","chart_skr49_1914"
"chart_skr49_1915","Steuerzahlungen an andere Länder","1915","False","liability_current","l10n_de_skr49.account_tag_skr49_159","chart_skr49_1915"
"chart_skr49_1916","Verbindlichkeiten aus Umsatzsteuer-Vorauszahlungen","1916","False","liability_current","l10n_de_skr49.account_tag_skr49_159","chart_skr49_1916"
"chart_skr49_1918","Umsatzsteuer in Folgeperiode fällig (⌡⌡ 13 Abs. 1 Nr. 6, 13b Abs. 2 UStG)","1918","False","liability_current","l10n_de_skr49.account_tag_skr49_160","chart_skr49_1918"
"chart_skr49_1919","Umsatzsteuer Vorjahr","1919","False","liability_current","l10n_de_skr49.account_tag_skr49_160","chart_skr49_1919"
"chart_skr49_1920","Umsatzsteuer laufendes Jahr","1920","False","liability_current","l10n_de_skr49.account_tag_skr49_160","chart_skr49_1920"
"chart_skr49_1930","Einfuhrumsatzsteuerzahlung aufgeschoben bis?","1930","False","liability_current","l10n_de_skr49.account_tag_skr49_160","chart_skr49_1930"
"chart_skr49_1990","Passive Rechnungsabgrenzung","1990","False","liability_current","l10n_de_skr49.account_tag_skr49_104","chart_skr49_1990"
"chart_skr49_2000","Einnahmen Bereich 2000","2000","False","income","l10n_de_skr49.account_tag_skr49_161,l10n_de_skr49.account_tag_skr49_001","chart_skr49_2000"
"chart_skr49_2110","Echte Mitgliedsbeiträge bis 300 EUR","2110","False","income","l10n_de_skr49.account_tag_skr49_162,l10n_de_skr49.account_tag_skr49_001","chart_skr49_2110"
"chart_skr49_2120","Echte Mitgliedsbeiträge 300 - 1.023 EUR","2120","False","income","l10n_de_skr49.account_tag_skr49_162,l10n_de_skr49.account_tag_skr49_001","chart_skr49_2120"
"chart_skr49_2150","Aufnahmegebühren bis 300 EUR","2150","False","income","l10n_de_skr49.account_tag_skr49_163,l10n_de_skr49.account_tag_skr49_001","chart_skr49_2150"
"chart_skr49_2160","Aufnahmegebühren 300 - 1.534 EUR","2160","False","income","l10n_de_skr49.account_tag_skr49_163,l10n_de_skr49.account_tag_skr49_001","chart_skr49_2160"
"chart_skr49_2170","Umlagen","2170","False","income","l10n_de_skr49.account_tag_skr49_163,l10n_de_skr49.account_tag_skr49_001","chart_skr49_2170"
"chart_skr49_2300","Erhaltene nicht steuerbare Zuschüsse","2300","False","income","l10n_de_skr49.account_tag_skr49_164,l10n_de_skr49.account_tag_skr49_001","chart_skr49_2300"
"chart_skr49_2301","Zuschüsse von Verbänden","2301","False","income","l10n_de_skr49.account_tag_skr49_164,l10n_de_skr49.account_tag_skr49_001","chart_skr49_2301"
"chart_skr49_2302","Zuschüsse von Behörden","2302","False","income","l10n_de_skr49.account_tag_skr49_164,l10n_de_skr49.account_tag_skr49_001","chart_skr49_2302"
"chart_skr49_2303","Sonstige Zuschüsse","2303","False","income","l10n_de_skr49.account_tag_skr49_164,l10n_de_skr49.account_tag_skr49_001","chart_skr49_2303"
"chart_skr49_2400","Sonstige Einnahmen ideeller Bereich","2400","False","income","l10n_de_skr49.account_tag_skr49_161,l10n_de_skr49.account_tag_skr49_001","chart_skr49_2400"
"chart_skr49_2410","Steuerfreie Einnahmen nicht gemeinnütziger Vereine","2410","False","income","l10n_de_skr49.account_tag_skr49_161,l10n_de_skr49.account_tag_skr49_001","chart_skr49_2410"
"chart_skr49_2412","Zuwendungen Dritter (Sponsoren)","2412","False","income","l10n_de_skr49.account_tag_skr49_161,l10n_de_skr49.account_tag_skr49_001","chart_skr49_2412"
"chart_skr49_2420","Steuerfreie Einnahmen gemeinnütziger Vereine","2420","False","income","l10n_de_skr49.account_tag_skr49_161,l10n_de_skr49.account_tag_skr49_001","chart_skr49_2420"
"chart_skr49_2421","Erlöse aus Verkäufen Sachanlagevermögen (bei Buchgewinn)","2421","False","income","l10n_de_skr49.account_tag_skr49_161,l10n_de_skr49.account_tag_skr49_001","chart_skr49_2421"
"chart_skr49_2423","Erträge aus der Auflösung einer steuerlichen Rücklage","2423","False","income","l10n_de_skr49.account_tag_skr49_161,l10n_de_skr49.account_tag_skr49_001","chart_skr49_2423"
"chart_skr49_2425","Anlagenabgänge Sachanlagen (Restbuchwert bei Buchgewinn)","2425","False","income","l10n_de_skr49.account_tag_skr49_161,l10n_de_skr49.account_tag_skr49_001","chart_skr49_2425"
"chart_skr49_2450","Verrechnete/aufgeteilte Einnahmen ideeller Bereich","2450","False","income","l10n_de_skr49.account_tag_skr49_161,l10n_de_skr49.account_tag_skr49_001","chart_skr49_2450"
"chart_skr49_2451","Verrechnete Sachbezüge Arbeitnehmer","2451","False","income","l10n_de_skr49.account_tag_skr49_161,l10n_de_skr49.account_tag_skr49_001","chart_skr49_2451"
"chart_skr49_2490","Erträge aus Zuschreibungen des Sachanlagevermögens","2490","False","income","l10n_de_skr49.account_tag_skr49_161,l10n_de_skr49.account_tag_skr49_001","chart_skr49_2490"
"chart_skr49_2500","Abschreibungen auf Sachanlagen","2500","False","expense_depreciation","l10n_de_skr49.account_tag_skr49_033,l10n_de_skr49.account_tag_skr49_052,l10n_de_skr49.account_tag_skr49_001","chart_skr49_2500"
"chart_skr49_2501","Sofortabschreibung     geringwertiger    Wirtschaftsgüter","2501","False","expense_depreciation","l10n_de_skr49.account_tag_skr49_033,l10n_de_skr49.account_tag_skr49_052,l10n_de_skr49.account_tag_skr49_001","chart_skr49_2501"
"chart_skr49_2502","Abschreibungen auf Sammelposten Wirtschaftsgüter","2502","False","expense_depreciation","l10n_de_skr49.account_tag_skr49_033,l10n_de_skr49.account_tag_skr49_052,l10n_de_skr49.account_tag_skr49_001","chart_skr49_2502"
"chart_skr49_2503","Kalkulatorische Abschreibungen","2503","False","expense_depreciation","l10n_de_skr49.account_tag_skr49_033,l10n_de_skr49.account_tag_skr49_166,l10n_de_skr49.account_tag_skr49_001","chart_skr49_2503"
"chart_skr49_2507","Verrechnete kalkulatorische Abschreibungen","2507","False","expense_depreciation","l10n_de_skr49.account_tag_skr49_033,l10n_de_skr49.account_tag_skr49_166,l10n_de_skr49.account_tag_skr49_001","chart_skr49_2507"
"chart_skr49_2510","Ausgaben Bereich 2000","2510","False","expense","l10n_de_skr49.account_tag_skr49_033,l10n_de_skr49.account_tag_skr49_166,l10n_de_skr49.account_tag_skr49_001","chart_skr49_2510"
"chart_skr49_2550","Anteilige Personalkosten","2550","False","expense","l10n_de_skr49.account_tag_skr49_033,l10n_de_skr49.account_tag_skr49_167,l10n_de_skr49.account_tag_skr49_001","chart_skr49_2550"
"chart_skr49_2551","Löhne und Gehälter","2551","False","expense","l10n_de_skr49.account_tag_skr49_033,l10n_de_skr49.account_tag_skr49_167,l10n_de_skr49.account_tag_skr49_001","chart_skr49_2551"
"chart_skr49_2553","Abgeführte Lohnsteuer","2553","False","expense","l10n_de_skr49.account_tag_skr49_033,l10n_de_skr49.account_tag_skr49_167,l10n_de_skr49.account_tag_skr49_001","chart_skr49_2553"
"chart_skr49_2554","Aufwandsentschädigungen Übungsleiter","2554","False","expense","l10n_de_skr49.account_tag_skr49_033,l10n_de_skr49.account_tag_skr49_167,l10n_de_skr49.account_tag_skr49_001","chart_skr49_2554"
"chart_skr49_2555","Gesetzliche soziale Aufwendungen","2555","False","expense","l10n_de_skr49.account_tag_skr49_033,l10n_de_skr49.account_tag_skr49_167,l10n_de_skr49.account_tag_skr49_001","chart_skr49_2555"
"chart_skr49_2556","Aushilfslöhne","2556","False","expense","l10n_de_skr49.account_tag_skr49_033,l10n_de_skr49.account_tag_skr49_167,l10n_de_skr49.account_tag_skr49_001","chart_skr49_2556"
"chart_skr49_2557","Sachzuwendungen und Dienstleistungen an Arbeitnehmer","2557","False","expense","l10n_de_skr49.account_tag_skr49_033,l10n_de_skr49.account_tag_skr49_167,l10n_de_skr49.account_tag_skr49_001","chart_skr49_2557"
"chart_skr49_2558","Beiträge zur Berufsgenossenschaft1)","2558","False","expense","l10n_de_skr49.account_tag_skr49_033,l10n_de_skr49.account_tag_skr49_167,l10n_de_skr49.account_tag_skr49_001","chart_skr49_2558"
"chart_skr49_2560","Reisekosten Arbeitnehmer Verpflegungsmehraufwand","2560","False","expense","l10n_de_skr49.account_tag_skr49_033,l10n_de_skr49.account_tag_skr49_168,l10n_de_skr49.account_tag_skr49_001","chart_skr49_2560"
"chart_skr49_2561","Reisekosten Arbeitnehmer","2561","False","expense","l10n_de_skr49.account_tag_skr49_033,l10n_de_skr49.account_tag_skr49_168,l10n_de_skr49.account_tag_skr49_001","chart_skr49_2561"
"chart_skr49_2562","Reisekosten Arbeitnehmer Übernachtungsaufwand","2562","False","expense","l10n_de_skr49.account_tag_skr49_033,l10n_de_skr49.account_tag_skr49_168,l10n_de_skr49.account_tag_skr49_001","chart_skr49_2562"
"chart_skr49_2563","Reisekosten Arbeitnehmer Fahrtkosten","2563","False","expense","l10n_de_skr49.account_tag_skr49_033,l10n_de_skr49.account_tag_skr49_168,l10n_de_skr49.account_tag_skr49_001","chart_skr49_2563"
"chart_skr49_2564","Kilometergelderstattung Arbeitnehmer","2564","False","expense","l10n_de_skr49.account_tag_skr49_033,l10n_de_skr49.account_tag_skr49_168,l10n_de_skr49.account_tag_skr49_001","chart_skr49_2564"
"chart_skr49_2660","Anteilige Raumkosten","2660","False","expense","l10n_de_skr49.account_tag_skr49_033,l10n_de_skr49.account_tag_skr49_169,l10n_de_skr49.account_tag_skr49_001","chart_skr49_2660"
"chart_skr49_2661","Miete, Pacht","2661","False","expense","l10n_de_skr49.account_tag_skr49_033,l10n_de_skr49.account_tag_skr49_169,l10n_de_skr49.account_tag_skr49_001","chart_skr49_2661"
"chart_skr49_2663","Raumnebenkosten","2663","False","expense","l10n_de_skr49.account_tag_skr49_033,l10n_de_skr49.account_tag_skr49_169,l10n_de_skr49.account_tag_skr49_001","chart_skr49_2663"
"chart_skr49_2664","Reparaturen","2664","False","expense","l10n_de_skr49.account_tag_skr49_033,l10n_de_skr49.account_tag_skr49_166,l10n_de_skr49.account_tag_skr49_001","chart_skr49_2664"
"chart_skr49_2700","Kosten der Mitgliederverwaltung","2700","False","expense","l10n_de_skr49.account_tag_skr49_033,l10n_de_skr49.account_tag_skr49_166,l10n_de_skr49.account_tag_skr49_001","chart_skr49_2700"
"chart_skr49_2701","Bürobedarf","2701","False","expense","l10n_de_skr49.account_tag_skr49_033,l10n_de_skr49.account_tag_skr49_166,l10n_de_skr49.account_tag_skr49_001","chart_skr49_2701"
"chart_skr49_2702","Porto, Telefon","2702","False","expense","l10n_de_skr49.account_tag_skr49_033,l10n_de_skr49.account_tag_skr49_166,l10n_de_skr49.account_tag_skr49_001","chart_skr49_2702"
"chart_skr49_2703","Einzugskosten","2703","False","expense","l10n_de_skr49.account_tag_skr49_033,l10n_de_skr49.account_tag_skr49_166,l10n_de_skr49.account_tag_skr49_001","chart_skr49_2703"
"chart_skr49_2704","Sonstige Verwaltungskosten","2704","False","expense","l10n_de_skr49.account_tag_skr49_033,l10n_de_skr49.account_tag_skr49_166,l10n_de_skr49.account_tag_skr49_001","chart_skr49_2704"
"chart_skr49_2750","Verbrauchsabgaben und sonstige Beiträge","2750","False","expense","l10n_de_skr49.account_tag_skr49_033,l10n_de_skr49.account_tag_skr49_166,l10n_de_skr49.account_tag_skr49_001","chart_skr49_2750"
"chart_skr49_2751","Abgaben Landesverband","2751","False","expense","l10n_de_skr49.account_tag_skr49_033,l10n_de_skr49.account_tag_skr49_166,l10n_de_skr49.account_tag_skr49_001","chart_skr49_2751"
"chart_skr49_2752","Abgaben Fachverband","2752","False","expense","l10n_de_skr49.account_tag_skr49_033,l10n_de_skr49.account_tag_skr49_166,l10n_de_skr49.account_tag_skr49_001","chart_skr49_2752"
"chart_skr49_2753","Versicherungen, Beiträge","2753","False","expense","l10n_de_skr49.account_tag_skr49_033,l10n_de_skr49.account_tag_skr49_166,l10n_de_skr49.account_tag_skr49_001","chart_skr49_2753"
"chart_skr49_2800","Mitgliederpflege","2800","False","expense","l10n_de_skr49.account_tag_skr49_033,l10n_de_skr49.account_tag_skr49_166,l10n_de_skr49.account_tag_skr49_001","chart_skr49_2800"
"chart_skr49_2801","Vereinsmitteilungen","2801","False","expense","l10n_de_skr49.account_tag_skr49_033,l10n_de_skr49.account_tag_skr49_166,l10n_de_skr49.account_tag_skr49_001","chart_skr49_2801"
"chart_skr49_2802","Geschenke, Jubiläen, Ehrungen","2802","False","expense","l10n_de_skr49.account_tag_skr49_033,l10n_de_skr49.account_tag_skr49_166,l10n_de_skr49.account_tag_skr49_001","chart_skr49_2802"
"chart_skr49_2803","Ausbildungskosten","2803","False","expense","l10n_de_skr49.account_tag_skr49_033,l10n_de_skr49.account_tag_skr49_166,l10n_de_skr49.account_tag_skr49_001","chart_skr49_2803"
"chart_skr49_2804","Lehr- und Jugendarbeit","2804","False","expense","l10n_de_skr49.account_tag_skr49_033,l10n_de_skr49.account_tag_skr49_166,l10n_de_skr49.account_tag_skr49_001","chart_skr49_2804"
"chart_skr49_2810","Repräsentationskosten","2810","False","expense","l10n_de_skr49.account_tag_skr49_033,l10n_de_skr49.account_tag_skr49_166,l10n_de_skr49.account_tag_skr49_001","chart_skr49_2810"
"chart_skr49_2890","Erlöse aus Verkäufen Sachanlagevermögen (bei Buchverlust)","2890","False","expense","l10n_de_skr49.account_tag_skr49_033,l10n_de_skr49.account_tag_skr49_166,l10n_de_skr49.account_tag_skr49_001","chart_skr49_2890"
"chart_skr49_2892","Einstellungen in steuerliche Rücklagen","2892","False","expense","l10n_de_skr49.account_tag_skr49_033,l10n_de_skr49.account_tag_skr49_166,l10n_de_skr49.account_tag_skr49_001","chart_skr49_2892"
"chart_skr49_2893","Anlagenabgänge Sachanlagen (Restbuchwerte bei Buchverlust)","2893","False","expense","l10n_de_skr49.account_tag_skr49_033,l10n_de_skr49.account_tag_skr49_166,l10n_de_skr49.account_tag_skr49_001","chart_skr49_2893"
"chart_skr49_2894","Rechts- und Beratungskosten","2894","False","expense","l10n_de_skr49.account_tag_skr49_033,l10n_de_skr49.account_tag_skr49_166,l10n_de_skr49.account_tag_skr49_001","chart_skr49_2894"
"chart_skr49_2900","Sonstige Kosten","2900","False","expense","l10n_de_skr49.account_tag_skr49_033,l10n_de_skr49.account_tag_skr49_166,l10n_de_skr49.account_tag_skr49_001","chart_skr49_2900"
"chart_skr49_2902","Verrechnete/aufgeteilte Kosten","2902","False","expense","l10n_de_skr49.account_tag_skr49_033,l10n_de_skr49.account_tag_skr49_166,l10n_de_skr49.account_tag_skr49_001","chart_skr49_2902"
"chart_skr49_2903","Nicht abziehbare Vorsteuer","2903","False","expense","l10n_de_skr49.account_tag_skr49_033,l10n_de_skr49.account_tag_skr49_166,l10n_de_skr49.account_tag_skr49_001","chart_skr49_2903"
"chart_skr49_2904","Anteilige Umsatzsteuerzahlungen","2904","False","expense","l10n_de_skr49.account_tag_skr49_033,l10n_de_skr49.account_tag_skr49_166,l10n_de_skr49.account_tag_skr49_001","chart_skr49_2904"
"chart_skr49_2930","Innergemeinschaftlicher Erwerb ohne Vorsteuer und 7 % Umsatzsteuer","2930","False","expense","l10n_de_skr49.account_tag_skr49_033,l10n_de_skr49.account_tag_skr49_166,l10n_de_skr49.account_tag_skr49_001","chart_skr49_2930"
"chart_skr49_2935","Innergemeinschaftlicher Erwerb ohne Vorsteuer und 19 % Umsatzsteuer","2935","False","expense","l10n_de_skr49.account_tag_skr49_033,l10n_de_skr49.account_tag_skr49_166,l10n_de_skr49.account_tag_skr49_001","chart_skr49_2935"
"chart_skr49_3200","Steuerneutrale Einnahmen Bereich 2000","3200","False","income_other","l10n_de_skr49.account_tag_skr49_001,l10n_de_skr49.account_tag_skr49_170","chart_skr49_3200"
"chart_skr49_3210","Schenkungen","3210","False","income_other","l10n_de_skr49.account_tag_skr49_001,l10n_de_skr49.account_tag_skr49_171","chart_skr49_3210"
"chart_skr49_3211","Erbschaften","3211","False","income_other","l10n_de_skr49.account_tag_skr49_001,l10n_de_skr49.account_tag_skr49_172","chart_skr49_3211"
"chart_skr49_3212","Vermächtnisse","3212","False","income_other","l10n_de_skr49.account_tag_skr49_001,l10n_de_skr49.account_tag_skr49_172","chart_skr49_3212"
"chart_skr49_3215","Sonstige Einnahmen","3215","False","income_other","l10n_de_skr49.account_tag_skr49_001,l10n_de_skr49.account_tag_skr49_170","chart_skr49_3215"
"chart_skr49_3220","Erhaltene Spenden / Zuwendungen","3220","True","income_other","l10n_de_skr49.account_tag_skr49_001,l10n_de_skr49.account_tag_skr49_173","chart_skr49_3220"
"chart_skr49_3221","Geldzuwendungen gegen Zuwendungsbestätigung","3221","False","income_other","l10n_de_skr49.account_tag_skr49_001,l10n_de_skr49.account_tag_skr49_173","chart_skr49_3221"
"chart_skr49_3223","Geldzuwendungen ohne Zuwendungsbestätigung","3223","False","income_other","l10n_de_skr49.account_tag_skr49_001,l10n_de_skr49.account_tag_skr49_173","chart_skr49_3223"
"chart_skr49_3225","Sachzuwendungen gegen Zuwendungsbestätigung","3225","False","income_other","l10n_de_skr49.account_tag_skr49_001,l10n_de_skr49.account_tag_skr49_173","chart_skr49_3225"
"chart_skr49_3227","Sachzuwendungen ohne Zuwendungsbestätigung","3227","False","income_other","l10n_de_skr49.account_tag_skr49_001,l10n_de_skr49.account_tag_skr49_173","chart_skr49_3227"
"chart_skr49_3230","Aufwandszuwendungen gegen Zuwendungsbestätigung","3230","False","income_other","l10n_de_skr49.account_tag_skr49_001,l10n_de_skr49.account_tag_skr49_173","chart_skr49_3230"
"chart_skr49_3232","Aufwandszuwendungen ohne Zuwendungsbestätigung","3232","False","income_other","l10n_de_skr49.account_tag_skr49_001,l10n_de_skr49.account_tag_skr49_173","chart_skr49_3232"
"chart_skr49_3240","Ertrag aus Spendenverbrauch","3240","False","income_other","l10n_de_skr49.account_tag_skr49_001,l10n_de_skr49.account_tag_skr49_173","chart_skr49_3240"
"chart_skr49_3250","Nicht abziehbare Ausgaben Bereich 2000","3250","False","expense","l10n_de_skr49.account_tag_skr49_001,l10n_de_skr49.account_tag_skr49_174","chart_skr49_3250"
"chart_skr49_3251","Gezahlte Spenden/Zuwendungen","3251","False","expense","l10n_de_skr49.account_tag_skr49_001,l10n_de_skr49.account_tag_skr49_175","chart_skr49_3251"
"chart_skr49_3252","Hingegebene Sachspenden/-zuwendungen","3252","False","expense","l10n_de_skr49.account_tag_skr49_001,l10n_de_skr49.account_tag_skr49_175","chart_skr49_3252"
"chart_skr49_3260","Erbschaft-, Schenkungsteuer","3260","False","expense","l10n_de_skr49.account_tag_skr49_001,l10n_de_skr49.account_tag_skr49_174","chart_skr49_3260"
"chart_skr49_3400","Steuerneutrale Einnahmen Bereich 4000","3400","False","income_other","l10n_de_skr49.account_tag_skr49_002,l10n_de_skr49.account_tag_skr49_176","chart_skr49_3400"
"chart_skr49_3401","Investitionszulage","3401","False","income_other","l10n_de_skr49.account_tag_skr49_002,l10n_de_skr49.account_tag_skr49_176","chart_skr49_3401"
"chart_skr49_3402","Erstattete Kapitalertragsteuer","3402","False","income_other","l10n_de_skr49.account_tag_skr49_002,l10n_de_skr49.account_tag_skr49_176","chart_skr49_3402"
"chart_skr49_3403","Erstattete und vergütete Körperschaftsteuer","3403","False","income_other","l10n_de_skr49.account_tag_skr49_002,l10n_de_skr49.account_tag_skr49_176","chart_skr49_3403"
"chart_skr49_3404","Solidaritätszuschlagerstattungen für Vorjahre","3404","False","income_other","l10n_de_skr49.account_tag_skr49_002,l10n_de_skr49.account_tag_skr49_176","chart_skr49_3404"
"chart_skr49_3410","Steuerfreie Erträge aus Wertpapieren (Bestand vor 01.01.2009)","3410","False","income_other","l10n_de_skr49.account_tag_skr49_002,l10n_de_skr49.account_tag_skr49_176","chart_skr49_3410"
"chart_skr49_3415","Ertrag aus pauschaler Vorsteuer ⌡ 23a UStG","3415","False","income_other","l10n_de_skr49.account_tag_skr49_002,l10n_de_skr49.account_tag_skr49_176","chart_skr49_3415"
"chart_skr49_3420","Erträge aus dem Abgang von Gegenständen des Anlagevermögens ertragsteuerfrei","3420","False","income_other","l10n_de_skr49.account_tag_skr49_002,l10n_de_skr49.account_tag_skr49_176","chart_skr49_3420"
"chart_skr49_3421","Erträge aus dem Abgang von Gegenständen des Anlagevermögens ertragsteuerfrei 0 % USt","3421","False","income_other","l10n_de_skr49.account_tag_skr49_002,l10n_de_skr49.account_tag_skr49_176","chart_skr49_3421"
"chart_skr49_3422","Erträge aus dem Abgang von Gegenständen des Anlagevermögens ertragsteuerfrei 7 % USt","3422","False","income_other","l10n_de_skr49.account_tag_skr49_002,l10n_de_skr49.account_tag_skr49_176","chart_skr49_3422"
"chart_skr49_3423","Erträge aus dem Abgang von Gegenständen des Anlagevermögens ertragsteuerfrei 19 % Ust","3423","False","income_other","l10n_de_skr49.account_tag_skr49_002,l10n_de_skr49.account_tag_skr49_176","chart_skr49_3423"
"chart_skr49_3450","Nicht abziehbare Ausgaben Bereich 4000","3450","False","expense","l10n_de_skr49.account_tag_skr49_002,l10n_de_skr49.account_tag_skr49_177","chart_skr49_3450"
"chart_skr49_3451","Abgezogene Kapitalertragsteuer","3451","False","expense","l10n_de_skr49.account_tag_skr49_002,l10n_de_skr49.account_tag_skr49_177","chart_skr49_3451"
"chart_skr49_3452","Abgezogene Körperschaftsteuer","3452","False","expense","l10n_de_skr49.account_tag_skr49_002,l10n_de_skr49.account_tag_skr49_177","chart_skr49_3452"
"chart_skr49_3453","Solidaritätszuschlag","3453","False","expense","l10n_de_skr49.account_tag_skr49_002,l10n_de_skr49.account_tag_skr49_177","chart_skr49_3453"
"chart_skr49_3455","Nicht abzugsfähige Bewirtungskosten","3455","False","expense","l10n_de_skr49.account_tag_skr49_036,l10n_de_skr49.account_tag_skr49_177","chart_skr49_3455"
"chart_skr49_3500","Steuerneutrale Einnahmen Bereich 5000","3500","False","income_other","l10n_de_skr49.account_tag_skr49_036,l10n_de_skr49.account_tag_skr49_176","chart_skr49_3500"
"chart_skr49_3515","Ertrag aus pauschaler Vorsteuer ⌡ 23a UStG","3515","False","income_other","l10n_de_skr49.account_tag_skr49_036,l10n_de_skr49.account_tag_skr49_176","chart_skr49_3515"
"chart_skr49_3550","Nicht abziehbare Ausgaben Bereich 5000","3550","False","expense","l10n_de_skr49.account_tag_skr49_036,l10n_de_skr49.account_tag_skr49_177","chart_skr49_3550"
"chart_skr49_3551","Ausgaben i. S. v. ⌡ 4 Abs. 5 EStG","3551","False","expense","l10n_de_skr49.account_tag_skr49_036,l10n_de_skr49.account_tag_skr49_177","chart_skr49_3551"
"chart_skr49_3552","Geschenke nicht abzugsfähig","3552","False","expense","l10n_de_skr49.account_tag_skr49_036,l10n_de_skr49.account_tag_skr49_177","chart_skr49_3552"
"chart_skr49_3553","Nicht abzugsfähige Bewirtungskosten","3553","False","expense","l10n_de_skr49.account_tag_skr49_036,l10n_de_skr49.account_tag_skr49_177","chart_skr49_3553"
"chart_skr49_3590","Umsatzsteuer auf unentgeltliche Wertabgaben ⌡ 3 Abs. 1b, Abs. 9a UStG","3590","False","expense","l10n_de_skr49.account_tag_skr49_037,l10n_de_skr49.account_tag_skr49_177","chart_skr49_3590"
"chart_skr49_3600","Steuerneutrale Einnahmen Bereich 6000","3600","False","income_other","l10n_de_skr49.account_tag_skr49_037,l10n_de_skr49.account_tag_skr49_176","chart_skr49_3600"
"chart_skr49_3615","Ertrag aus pauschaler Vorsteuer ⌡ 23a UStG","3615","False","income_other","l10n_de_skr49.account_tag_skr49_037,l10n_de_skr49.account_tag_skr49_176","chart_skr49_3615"
"chart_skr49_3650","Nicht abziehbare Ausgaben Bereich 6000","3650","False","expense","l10n_de_skr49.account_tag_skr49_037,l10n_de_skr49.account_tag_skr49_177","chart_skr49_3650"
"chart_skr49_3651","Ausgaben i. S. v. ⌡ 4 Abs. 5 EStG","3651","False","expense","l10n_de_skr49.account_tag_skr49_037,l10n_de_skr49.account_tag_skr49_177","chart_skr49_3651"
"chart_skr49_3652","Geschenke nicht abzugsfähig","3652","False","expense","l10n_de_skr49.account_tag_skr49_037,l10n_de_skr49.account_tag_skr49_177","chart_skr49_3652"
"chart_skr49_3653","Nicht abzugsfähige Bewirtungskosten","3653","False","expense","l10n_de_skr49.account_tag_skr49_037,l10n_de_skr49.account_tag_skr49_177","chart_skr49_3653"
"chart_skr49_3690","Umsatzsteuer auf unentgeltliche Wertabgaben ⌡ 3 Abs. 1b, Abs. 9a UStG","3690","False","expense","l10n_de_skr49.account_tag_skr49_038,l10n_de_skr49.account_tag_skr49_177","chart_skr49_3690"
"chart_skr49_3700","Steuerneutrale Einnahmen Bereich 7000","3700","False","income_other","l10n_de_skr49.account_tag_skr49_038,l10n_de_skr49.account_tag_skr49_176","chart_skr49_3700"
"chart_skr49_3701","Investitionszulage","3701","False","income_other","l10n_de_skr49.account_tag_skr49_038,l10n_de_skr49.account_tag_skr49_176","chart_skr49_3701"
"chart_skr49_3710","Steuerfreie Einnahmen zum Verlustausgleich für Teilbereich 7000 Geschäftsbetrieb Sport","3710","False","income_other","l10n_de_skr49.account_tag_skr49_038,l10n_de_skr49.account_tag_skr49_176","chart_skr49_3710"
"chart_skr49_3711","Mitglieder-Umlagen zum Verlustausgleich für Teilbereich 7000 Geschäftsbetrieb Sport","3711","False","income_other","l10n_de_skr49.account_tag_skr49_038,l10n_de_skr49.account_tag_skr49_176","chart_skr49_3711"
"chart_skr49_3712","Mitglieder-Zuschüsse zum Verlustausgleich für Teilbereich 7000 Geschäftsbetrieb Sport","3712","False","income_other","l10n_de_skr49.account_tag_skr49_038,l10n_de_skr49.account_tag_skr49_176","chart_skr49_3712"
"chart_skr49_3715","Ertrag aus pauschaler Vorsteuer ⌡ 23a UStG","3715","False","income_other","l10n_de_skr49.account_tag_skr49_038,l10n_de_skr49.account_tag_skr49_176","chart_skr49_3715"
"chart_skr49_3750","Nicht abziehbare Ausgaben Bereich 7000","3750","False","expense","l10n_de_skr49.account_tag_skr49_038,l10n_de_skr49.account_tag_skr49_177","chart_skr49_3750"
"chart_skr49_3754","Gewerbesteuer","3754","False","expense","l10n_de_skr49.account_tag_skr49_038,l10n_de_skr49.account_tag_skr49_177","chart_skr49_3754"
"chart_skr49_3755","Körperschaftsteuer","3755","False","expense","l10n_de_skr49.account_tag_skr49_038,l10n_de_skr49.account_tag_skr49_177","chart_skr49_3755"
"chart_skr49_3756","Solidaritätszuschlag zur KSt","3756","False","expense","l10n_de_skr49.account_tag_skr49_038,l10n_de_skr49.account_tag_skr49_177","chart_skr49_3756"
"chart_skr49_3770","Säumnis-/Verspätungszuschläge","3770","False","expense","l10n_de_skr49.account_tag_skr49_038,l10n_de_skr49.account_tag_skr49_177","chart_skr49_3770"
"chart_skr49_3780","Gewährte Spenden/Zuwendungen","3780","False","expense","l10n_de_skr49.account_tag_skr49_038,l10n_de_skr49.account_tag_skr49_177","chart_skr49_3780"
"chart_skr49_3781","Ausgaben i. S. v. ⌡ 4 Abs. 5 EStG","3781","False","expense","l10n_de_skr49.account_tag_skr49_038,l10n_de_skr49.account_tag_skr49_177","chart_skr49_3781"
"chart_skr49_3782","Geschenke nicht abzugsfähig","3782","False","expense","l10n_de_skr49.account_tag_skr49_038,l10n_de_skr49.account_tag_skr49_177","chart_skr49_3782"
"chart_skr49_3783","Nicht abzugsfähige Bewirtungskosten","3783","False","expense","l10n_de_skr49.account_tag_skr49_038,l10n_de_skr49.account_tag_skr49_177","chart_skr49_3783"
"chart_skr49_3790","Umsatzsteuer auf unentgeltliche Wertabgaben ⌡ 3 Abs. 1b, Abs. 9a UStG","3790","False","expense","l10n_de_skr49.account_tag_skr49_038,l10n_de_skr49.account_tag_skr49_177","chart_skr49_3790"
"chart_skr49_3795","Aufwand aus Verrechnungsposten (Gegenkonto zu 7518/7520, 7851/7858)","3795","False","expense","l10n_de_skr49.account_tag_skr49_039,l10n_de_skr49.account_tag_skr49_177","chart_skr49_3795"
"chart_skr49_3800","Steuerneutrale Einnahmen Bereich 8000","3800","False","income_other","l10n_de_skr49.account_tag_skr49_039,l10n_de_skr49.account_tag_skr49_176","chart_skr49_3800"
"chart_skr49_3801","Investitionszulage","3801","False","income_other","l10n_de_skr49.account_tag_skr49_039,l10n_de_skr49.account_tag_skr49_176","chart_skr49_3801"
"chart_skr49_3815","Ertrag aus pauschaler Vorsteuer ⌡ 23 a UStG","3815","False","income_other","l10n_de_skr49.account_tag_skr49_039,l10n_de_skr49.account_tag_skr49_176","chart_skr49_3815"
"chart_skr49_3820","Erhaltene Steuerzinsen auf KSt","3820","False","income_other","l10n_de_skr49.account_tag_skr49_039,l10n_de_skr49.account_tag_skr49_176","chart_skr49_3820"
"chart_skr49_3850","Nicht abziehbare Ausgaben Bereich 8000","3850","False","expense","l10n_de_skr49.account_tag_skr49_039,l10n_de_skr49.account_tag_skr49_177","chart_skr49_3850"
"chart_skr49_3853","Gewerbesteuer","3853","False","expense","l10n_de_skr49.account_tag_skr49_039,l10n_de_skr49.account_tag_skr49_177","chart_skr49_3853"
"chart_skr49_3854","Solidaritätszuschlag zur KSt","3854","False","expense","l10n_de_skr49.account_tag_skr49_039,l10n_de_skr49.account_tag_skr49_177","chart_skr49_3854"
"chart_skr49_3855","Körperschaftsteuer","3855","False","expense","l10n_de_skr49.account_tag_skr49_039,l10n_de_skr49.account_tag_skr49_177","chart_skr49_3855"
"chart_skr49_3857","Säumnis-/Verspätungszuschläge","3857","False","expense","l10n_de_skr49.account_tag_skr49_039,l10n_de_skr49.account_tag_skr49_177","chart_skr49_3857"
"chart_skr49_3861","Ausgaben i. S. v. ⌡ 4 Abs. 5 EStG","3861","False","expense","l10n_de_skr49.account_tag_skr49_039,l10n_de_skr49.account_tag_skr49_177","chart_skr49_3861"
"chart_skr49_3862","Geschenke nicht abzugsfähig","3862","False","expense","l10n_de_skr49.account_tag_skr49_039,l10n_de_skr49.account_tag_skr49_177","chart_skr49_3862"
"chart_skr49_3863","Nicht abzugsfähige Bewirtungskosten","3863","False","expense","l10n_de_skr49.account_tag_skr49_039,l10n_de_skr49.account_tag_skr49_177","chart_skr49_3863"
"chart_skr49_3864","Gezahlte Zinsen auf hinterzogene steuern","3864","False","expense","l10n_de_skr49.account_tag_skr49_039,l10n_de_skr49.account_tag_skr49_177","chart_skr49_3864"
"chart_skr49_3870","Gezahlte Zinsen gemäß ⌡ 233a AO","3870","False","expense","l10n_de_skr49.account_tag_skr49_039,l10n_de_skr49.account_tag_skr49_177","chart_skr49_3870"
"chart_skr49_3873","Gezahlte Aussetzungszinsen KSt","3873","False","expense","l10n_de_skr49.account_tag_skr49_039,l10n_de_skr49.account_tag_skr49_177","chart_skr49_3873"
"chart_skr49_3890","Umsatzsteuer auf unentgeltliche Wertabgaben ⌡ 3 Abs. 1b, Abs. 9a UStG","3890","False","expense","l10n_de_skr49.account_tag_skr49_039,l10n_de_skr49.account_tag_skr49_177","chart_skr49_3890"
"chart_skr49_3895","Aufwand aus Verrechnungsposten (Gegenkonto zu 8158-8166)","3895","False","expense","l10n_de_skr49.account_tag_skr49_039,l10n_de_skr49.account_tag_skr49_177","chart_skr49_3895"
"chart_skr49_3950","Ergebnisvortrag aus dem Vorjahr","3950","False","income_other","l10n_de_skr49.account_tag_skr49_040,l10n_de_skr49.account_tag_skr49_178","chart_skr49_3950"
"chart_skr49_3953","Entnahmen aus gebundenen Rücklagen gem. ⌡ 62 Abs. 1 Nr. 1 u. 2 AO","3953","False","income_other","l10n_de_skr49.account_tag_skr49_040,l10n_de_skr49.account_tag_skr49_178","chart_skr49_3953"
"chart_skr49_3955","Entnahmen aus freien Rücklagen gem.⌡ 62 Abs. 1 Nr. 3 AO","3955","False","income_other","l10n_de_skr49.account_tag_skr49_040,l10n_de_skr49.account_tag_skr49_178","chart_skr49_3955"
"chart_skr49_3956","Entnahmen aus Rücklagen zum Erwerb von Gesellschaftsrechten gem. ⌡ 62 Abs. 1 Nr. 4 AO","3956","False","income_other","l10n_de_skr49.account_tag_skr49_040,l10n_de_skr49.account_tag_skr49_178","chart_skr49_3956"
"chart_skr49_3957","Entnahmen aus sonstigen Rücklagen","3957","False","income_other","l10n_de_skr49.account_tag_skr49_040,l10n_de_skr49.account_tag_skr49_178","chart_skr49_3957"
"chart_skr49_3963","Einstellungen in gebundene Rücklagen gem. ⌡ 62 Abs. 1 Nr. 1 u. 2 AO","3963","False","income_other","l10n_de_skr49.account_tag_skr49_040,l10n_de_skr49.account_tag_skr49_178","chart_skr49_3963"
"chart_skr49_3964","Erhöhung des nutzungsgebundenen Kapitals","3964","False","income_other","l10n_de_skr49.account_tag_skr49_040,l10n_de_skr49.account_tag_skr49_178","chart_skr49_3964"
"chart_skr49_3965","Einstellungen in freie Rücklagen gem. ⌡ 62 Abs. 1 Nr. 3 AO","3965","False","income_other","l10n_de_skr49.account_tag_skr49_040,l10n_de_skr49.account_tag_skr49_178","chart_skr49_3965"
"chart_skr49_3966","Einstellungen in Rücklagen zum Erwerb von Gesellschaftsrechten gem. ⌡ 62 Abs. 1 Nr. 4 AO","3966","False","income_other","l10n_de_skr49.account_tag_skr49_040,l10n_de_skr49.account_tag_skr49_178","chart_skr49_3966"
"chart_skr49_3967","Einstellungen in die sonstigen Rücklagen","3967","False","income_other","l10n_de_skr49.account_tag_skr49_040,l10n_de_skr49.account_tag_skr49_178","chart_skr49_3967"
"chart_skr49_3968","Entnahmen aus der Kapitalrücklage","3968","False","income_other","l10n_de_skr49.account_tag_skr49_041,l10n_de_skr49.account_tag_skr49_178","chart_skr49_3968"
"chart_skr49_3969","Einstellungen in die Kapitalrücklage nach den Vorschriften über die vereinfachte Kapitalherabsetzung","3969","False","income_other","l10n_de_skr49.account_tag_skr49_041,l10n_de_skr49.account_tag_skr49_178","chart_skr49_3969"
"chart_skr49_3970","Entnahmen aus der Kapitalerhaltungsrücklage","3970","False","income_other","l10n_de_skr49.account_tag_skr49_042,l10n_de_skr49.account_tag_skr49_178","chart_skr49_3970"
"chart_skr49_3971","Verminderung des Stiftungskapitals aus realisierten Vermögensumschichtungen seit 2017 Konto 3961","3971","False","income_other","l10n_de_skr49.account_tag_skr49_042,l10n_de_skr49.account_tag_skr49_178","chart_skr49_3971"
"chart_skr49_3974","Entnahmen aus der Ansparrücklage ⌡ 62 Abs. 4 AO","3974","False","income_other","l10n_de_skr49.account_tag_skr49_042,l10n_de_skr49.account_tag_skr49_178","chart_skr49_3974"
"chart_skr49_3975","Einstellungen in die Kapitalerhaltungsrücklage","3975","False","income_other","l10n_de_skr49.account_tag_skr49_042,l10n_de_skr49.account_tag_skr49_178","chart_skr49_3975"
"chart_skr49_3976","Erhöhung des Stiftungskapitals aus realisierten Vermögensumschichtungen seit 2017 Konto 3961","3976","False","income_other","l10n_de_skr49.account_tag_skr49_042,l10n_de_skr49.account_tag_skr49_178","chart_skr49_3976"
"chart_skr49_3979","Einstellungen in die Ansparrücklage ⌡ 62 Abs. 4 AO","3979","False","income_other","l10n_de_skr49.account_tag_skr49_042,l10n_de_skr49.account_tag_skr49_178","chart_skr49_3979"
"chart_skr49_3980","Entnahmen aus der gesetzlichen Rücklage","3980","False","income_other","l10n_de_skr49.account_tag_skr49_043,l10n_de_skr49.account_tag_skr49_178","chart_skr49_3980"
"chart_skr49_3981","Entnahmen aus dem Ausgleichsposten für aktivierte eigene Anteile","3981","False","income_other","l10n_de_skr49.account_tag_skr49_043,l10n_de_skr49.account_tag_skr49_178","chart_skr49_3981"
"chart_skr49_3982","Entnahmen aus satzungsmäßigen Rücklagen","3982","False","income_other","l10n_de_skr49.account_tag_skr49_043,l10n_de_skr49.account_tag_skr49_178","chart_skr49_3982"
"chart_skr49_3984","Erträge aus der Kapitalherabsetzung","3984","False","income_other","l10n_de_skr49.account_tag_skr49_043,l10n_de_skr49.account_tag_skr49_178","chart_skr49_3984"
"chart_skr49_3985","Einstellungen in die gesetzliche Rücklage","3985","False","income_other","l10n_de_skr49.account_tag_skr49_043,l10n_de_skr49.account_tag_skr49_178","chart_skr49_3985"
"chart_skr49_3986","Einstellungen in den Ausgleichsposten für aktivierte eigene Anteile","3986","False","income_other","l10n_de_skr49.account_tag_skr49_043,l10n_de_skr49.account_tag_skr49_178","chart_skr49_3986"
"chart_skr49_3987","Einstellungen in satzungsmäßige Rücklagen","3987","False","income_other","l10n_de_skr49.account_tag_skr49_043,l10n_de_skr49.account_tag_skr49_178","chart_skr49_3987"
"chart_skr49_3994","Entnahmen aus dem Vereinskapital seit 2017 Konto 3952","3994","False","income_other","l10n_de_skr49.account_tag_skr49_044,l10n_de_skr49.account_tag_skr49_178","chart_skr49_3994"
"chart_skr49_3996","Einstellungen in das Vereinskapital seit 2017 Konto 3962","3996","False","income_other","l10n_de_skr49.account_tag_skr49_044,l10n_de_skr49.account_tag_skr49_178","chart_skr49_3996"
"chart_skr49_4000","Steuerfreie Einnahmen gemeinnütziger Vereine aus Vermögensverwaltung","4000","False","income","l10n_de_skr49.account_tag_skr49_045,l10n_de_skr49.account_tag_skr49_179,l10n_de_skr49.account_tag_skr49_002","chart_skr49_4000"
"chart_skr49_4110","Miet- und Pachterträge 0 % USt","4110","False","income","l10n_de_skr49.account_tag_skr49_045,l10n_de_skr49.account_tag_skr49_180,l10n_de_skr49.account_tag_skr49_002","chart_skr49_4110"
"chart_skr49_4111","Miet- und Pachterträge 7 % USt","4111","False","income","l10n_de_skr49.account_tag_skr49_045,l10n_de_skr49.account_tag_skr49_180,l10n_de_skr49.account_tag_skr49_002","chart_skr49_4111"
"chart_skr49_4120","Einnahmen aus Vermietung für längere Dauer","4120","False","income","l10n_de_skr49.account_tag_skr49_045,l10n_de_skr49.account_tag_skr49_180,l10n_de_skr49.account_tag_skr49_002","chart_skr49_4120"
"chart_skr49_4121","Vermietung längere Dauer 0 % USt","4121","False","income","l10n_de_skr49.account_tag_skr49_045,l10n_de_skr49.account_tag_skr49_180,l10n_de_skr49.account_tag_skr49_002","chart_skr49_4121"
"chart_skr49_4122","Vermietung Betriebsvorrichtungen längere Dauer 7 % USt","4122","False","income","l10n_de_skr49.account_tag_skr49_045,l10n_de_skr49.account_tag_skr49_180,l10n_de_skr49.account_tag_skr49_002","chart_skr49_4122"
"chart_skr49_4150","Zinserträge 0 % Ust","4150","False","income","l10n_de_skr49.account_tag_skr49_045,l10n_de_skr49.account_tag_skr49_181,l10n_de_skr49.account_tag_skr49_002","chart_skr49_4150"
"chart_skr49_4151","Erträge aus Wertpapieren 0 % USt","4151","False","income","l10n_de_skr49.account_tag_skr49_045,l10n_de_skr49.account_tag_skr49_181,l10n_de_skr49.account_tag_skr49_002","chart_skr49_4151"
"chart_skr49_4152","Kursgewinne aus Wertpapieren 0 % USt","4152","False","income","l10n_de_skr49.account_tag_skr49_045,l10n_de_skr49.account_tag_skr49_181,l10n_de_skr49.account_tag_skr49_002","chart_skr49_4152"
"chart_skr49_4153","Erträge aus Zuschreibungen von Wertpapieren","4153","False","income","l10n_de_skr49.account_tag_skr49_045,l10n_de_skr49.account_tag_skr49_181,l10n_de_skr49.account_tag_skr49_002","chart_skr49_4153"
"chart_skr49_4154","Erträge aus der Währungsumrechnung","4154","False","income","l10n_de_skr49.account_tag_skr49_045,l10n_de_skr49.account_tag_skr49_181,l10n_de_skr49.account_tag_skr49_002","chart_skr49_4154"
"chart_skr49_4200","Erlöse von Werbeunternehmen","4200","False","income","l10n_de_skr49.account_tag_skr49_045,l10n_de_skr49.account_tag_skr49_182,l10n_de_skr49.account_tag_skr49_002","chart_skr49_4200"
"chart_skr49_4201","Erlöse Werbeunternehmen 7 % USt","4201","False","income","l10n_de_skr49.account_tag_skr49_045,l10n_de_skr49.account_tag_skr49_182,l10n_de_skr49.account_tag_skr49_002","chart_skr49_4201"
"chart_skr49_4202","übertragene Werbeflächenrechte","4202","False","income","l10n_de_skr49.account_tag_skr49_045,l10n_de_skr49.account_tag_skr49_182,l10n_de_skr49.account_tag_skr49_002","chart_skr49_4202"
"chart_skr49_4203","übertragene Lautsprecherwerbung","4203","False","income","l10n_de_skr49.account_tag_skr49_045,l10n_de_skr49.account_tag_skr49_182,l10n_de_skr49.account_tag_skr49_002","chart_skr49_4203"
"chart_skr49_4239","Verrechnete/aufgeteilte Einnahmen","4239","False","income","l10n_de_skr49.account_tag_skr49_045,l10n_de_skr49.account_tag_skr49_179,l10n_de_skr49.account_tag_skr49_002","chart_skr49_4239"
"chart_skr49_4340","Erlöse aus Verkäufen Sachanlagevermögen (bei Buchgewinn)","4340","False","income","l10n_de_skr49.account_tag_skr49_045,l10n_de_skr49.account_tag_skr49_179,l10n_de_skr49.account_tag_skr49_002","chart_skr49_4340"
"chart_skr49_4342","Erlöse aus Verkäufen Finanzanlagen (bei Buchgewinn)","4342","False","income","l10n_de_skr49.account_tag_skr49_045,l10n_de_skr49.account_tag_skr49_179,l10n_de_skr49.account_tag_skr49_002","chart_skr49_4342"
"chart_skr49_4343","Erträge aus der Auflösung einer steuerlichen Rücklage","4343","False","income","l10n_de_skr49.account_tag_skr49_045,l10n_de_skr49.account_tag_skr49_179,l10n_de_skr49.account_tag_skr49_002","chart_skr49_4343"
"chart_skr49_4345","Anlagenabgänge Sachanlagen (Restbuchwert bei Buchgewinn)","4345","False","income","l10n_de_skr49.account_tag_skr49_045,l10n_de_skr49.account_tag_skr49_179,l10n_de_skr49.account_tag_skr49_002","chart_skr49_4345"
"chart_skr49_4347","Anlagenabgänge Finanzanlagen (Restbuchwert bei Buchgewinn)","4347","False","income","l10n_de_skr49.account_tag_skr49_045,l10n_de_skr49.account_tag_skr49_179,l10n_de_skr49.account_tag_skr49_002","chart_skr49_4347"
"chart_skr49_4398","Umgebuchte Einnahmen wg. Verlust Gemeinnützigkeit (Gegenkonto 4498)","4398","False","income","l10n_de_skr49.account_tag_skr49_045,l10n_de_skr49.account_tag_skr49_179,l10n_de_skr49.account_tag_skr49_002","chart_skr49_4398"
"chart_skr49_4400","steuerpflichtige Einnahmen nicht gemeinnütziger Vereine","4400","False","income","l10n_de_skr49.account_tag_skr49_046,l10n_de_skr49.account_tag_skr49_183,l10n_de_skr49.account_tag_skr49_002","chart_skr49_4400"
"chart_skr49_4410","Miet- und Pachterträge 0 % USt","4410","False","income","l10n_de_skr49.account_tag_skr49_046,l10n_de_skr49.account_tag_skr49_184,l10n_de_skr49.account_tag_skr49_002","chart_skr49_4410"
"chart_skr49_4411","Miet- und Pachterträge 19 % USt","4411","False","income","l10n_de_skr49.account_tag_skr49_046,l10n_de_skr49.account_tag_skr49_184,l10n_de_skr49.account_tag_skr49_002","chart_skr49_4411"
"chart_skr49_4415","Sonstige Mieterträge","4415","False","income","l10n_de_skr49.account_tag_skr49_046,l10n_de_skr49.account_tag_skr49_184,l10n_de_skr49.account_tag_skr49_002","chart_skr49_4415"
"chart_skr49_4420","Zinserträge 0 % USt","4420","False","income","l10n_de_skr49.account_tag_skr49_046,l10n_de_skr49.account_tag_skr49_185,l10n_de_skr49.account_tag_skr49_002","chart_skr49_4420"
"chart_skr49_4421","Wertpapiererträge","4421","False","income","l10n_de_skr49.account_tag_skr49_046,l10n_de_skr49.account_tag_skr49_185,l10n_de_skr49.account_tag_skr49_002","chart_skr49_4421"
"chart_skr49_4422","Sonstige Kapitalerträge","4422","False","income","l10n_de_skr49.account_tag_skr49_046,l10n_de_skr49.account_tag_skr49_185,l10n_de_skr49.account_tag_skr49_002","chart_skr49_4422"
"chart_skr49_4443","steuerpflichtige Kursgewinne aus Wertpapieren 0 % USt","4443","False","income","l10n_de_skr49.account_tag_skr49_046,l10n_de_skr49.account_tag_skr49_185,l10n_de_skr49.account_tag_skr49_002","chart_skr49_4443"
"chart_skr49_4488","Erträge aus Zuschreibungen des Finanzanlagevermögens","4488","False","income","l10n_de_skr49.account_tag_skr49_046,l10n_de_skr49.account_tag_skr49_183,l10n_de_skr49.account_tag_skr49_002","chart_skr49_4488"
"chart_skr49_4489","Verrechnete / aufgeteilte Einnahmen","4489","False","income","l10n_de_skr49.account_tag_skr49_046,l10n_de_skr49.account_tag_skr49_183,l10n_de_skr49.account_tag_skr49_002","chart_skr49_4489"
"chart_skr49_4490","Erlöse aus Verkäufen Sachanlagevermögen (bei Buchgewinn)","4490","False","income","l10n_de_skr49.account_tag_skr49_046,l10n_de_skr49.account_tag_skr49_183,l10n_de_skr49.account_tag_skr49_002","chart_skr49_4490"
"chart_skr49_4492","Erlöse aus Verkäufen Finanzanlagen (bei Buchgewinn)","4492","False","income","l10n_de_skr49.account_tag_skr49_046,l10n_de_skr49.account_tag_skr49_183,l10n_de_skr49.account_tag_skr49_002","chart_skr49_4492"
"chart_skr49_4493","Erträge aus der Auflösung einer steuerlichen Rücklage","4493","False","income","l10n_de_skr49.account_tag_skr49_046,l10n_de_skr49.account_tag_skr49_183,l10n_de_skr49.account_tag_skr49_002","chart_skr49_4493"
"chart_skr49_4495","Anlagenabgänge Sachanlagen (Restbuchwert bei Buchgewinn)","4495","False","income","l10n_de_skr49.account_tag_skr49_046,l10n_de_skr49.account_tag_skr49_183,l10n_de_skr49.account_tag_skr49_002","chart_skr49_4495"
"chart_skr49_4496","Anlagenabgänge Finanzanlagen (Restbuchwert bei Buchgewinn)","4496","False","income","l10n_de_skr49.account_tag_skr49_046,l10n_de_skr49.account_tag_skr49_183,l10n_de_skr49.account_tag_skr49_002","chart_skr49_4496"
"chart_skr49_4498","Umgebuchte Einnahmen wegen Verlust Gemeinnützigkeit","4498","False","income","l10n_de_skr49.account_tag_skr49_046,l10n_de_skr49.account_tag_skr49_183,l10n_de_skr49.account_tag_skr49_002","chart_skr49_4498"
"chart_skr49_4500","Abschreibungen auf Sachanlagen","4500","False","expense","l10n_de_skr49.account_tag_skr49_047,l10n_de_skr49.account_tag_skr49_052,l10n_de_skr49.account_tag_skr49_002","chart_skr49_4500"
"chart_skr49_4501","Sofortabschreibung geringwertiger Wirtschaftsgüter","4501","False","expense","l10n_de_skr49.account_tag_skr49_047,l10n_de_skr49.account_tag_skr49_052,l10n_de_skr49.account_tag_skr49_002","chart_skr49_4501"
"chart_skr49_4503","Abschreibungen auf Finanzanlagen","4503","False","expense","l10n_de_skr49.account_tag_skr49_047,l10n_de_skr49.account_tag_skr49_052,l10n_de_skr49.account_tag_skr49_002","chart_skr49_4503"
"chart_skr49_4504","Abschreibungen auf den Sammelposten Wirtschaftsgüter","4504","False","expense","l10n_de_skr49.account_tag_skr49_047,l10n_de_skr49.account_tag_skr49_052,l10n_de_skr49.account_tag_skr49_002","chart_skr49_4504"
"chart_skr49_4506","Kalkulatorische Abschreibungen","4506","False","expense","l10n_de_skr49.account_tag_skr49_047,l10n_de_skr49.account_tag_skr49_186,l10n_de_skr49.account_tag_skr49_002","chart_skr49_4506"
"chart_skr49_4508","Verrechnete kalkulatorische Abschreibungen","4508","False","expense","l10n_de_skr49.account_tag_skr49_047,l10n_de_skr49.account_tag_skr49_186,l10n_de_skr49.account_tag_skr49_002","chart_skr49_4508"
"chart_skr49_4510","Ausgaben Bereich 4000","4510","False","expense","l10n_de_skr49.account_tag_skr49_047,l10n_de_skr49.account_tag_skr49_186,l10n_de_skr49.account_tag_skr49_002","chart_skr49_4510"
"chart_skr49_4530","Ausserordentliche Aufwendungen","4530","False","expense","l10n_de_skr49.account_tag_skr49_047,l10n_de_skr49.account_tag_skr49_186,l10n_de_skr49.account_tag_skr49_002","chart_skr49_4530"
"chart_skr49_4531","Sonstige Kosten","4531","False","expense","l10n_de_skr49.account_tag_skr49_047,l10n_de_skr49.account_tag_skr49_186,l10n_de_skr49.account_tag_skr49_002","chart_skr49_4531"
"chart_skr49_4590","Einstellungen in steuerliche Rücklagen","4590","False","expense","l10n_de_skr49.account_tag_skr49_047,l10n_de_skr49.account_tag_skr49_186,l10n_de_skr49.account_tag_skr49_002","chart_skr49_4590"
"chart_skr49_4595","Erlöse aus Verkäufen Sachanlagevermögen (bei Buchverlust)","4595","False","expense","l10n_de_skr49.account_tag_skr49_047,l10n_de_skr49.account_tag_skr49_186,l10n_de_skr49.account_tag_skr49_002","chart_skr49_4595"
"chart_skr49_4597","Erlöse aus Verkäufen Finanzanlagen (beiBuchverlust)","4597","False","expense","l10n_de_skr49.account_tag_skr49_047,l10n_de_skr49.account_tag_skr49_186,l10n_de_skr49.account_tag_skr49_002","chart_skr49_4597"
"chart_skr49_4600","Anlagenabgänge Sachanlagen (Restbuchwert bei Buchverlust)","4600","False","expense","l10n_de_skr49.account_tag_skr49_047,l10n_de_skr49.account_tag_skr49_186,l10n_de_skr49.account_tag_skr49_002","chart_skr49_4600"
"chart_skr49_4602","Anlagenabgänge Finanzanlagen (Restbuchwert bei Buchverlust)","4602","False","expense","l10n_de_skr49.account_tag_skr49_047,l10n_de_skr49.account_tag_skr49_186,l10n_de_skr49.account_tag_skr49_002","chart_skr49_4602"
"chart_skr49_4700","Zinsen Vermögensverwaltung","4700","False","expense","l10n_de_skr49.account_tag_skr49_047,l10n_de_skr49.account_tag_skr49_186,l10n_de_skr49.account_tag_skr49_002","chart_skr49_4700"
"chart_skr49_4710","Kosten Wertpapierverwaltung","4710","False","expense","l10n_de_skr49.account_tag_skr49_047,l10n_de_skr49.account_tag_skr49_186,l10n_de_skr49.account_tag_skr49_002","chart_skr49_4710"
"chart_skr49_4711","Geldbeschaffungskosten","4711","False","expense","l10n_de_skr49.account_tag_skr49_047,l10n_de_skr49.account_tag_skr49_186,l10n_de_skr49.account_tag_skr49_002","chart_skr49_4711"
"chart_skr49_4712","Nebenkosten des Geldverkehrs","4712","False","expense","l10n_de_skr49.account_tag_skr49_047,l10n_de_skr49.account_tag_skr49_186,l10n_de_skr49.account_tag_skr49_002","chart_skr49_4712"
"chart_skr49_4715","Aufwendungen aus der Währungsumrechnung","4715","False","expense","l10n_de_skr49.account_tag_skr49_047,l10n_de_skr49.account_tag_skr49_186,l10n_de_skr49.account_tag_skr49_002","chart_skr49_4715"
"chart_skr49_4750","Grundstücksaufwendungen","4750","False","expense","l10n_de_skr49.account_tag_skr49_047,l10n_de_skr49.account_tag_skr49_186,l10n_de_skr49.account_tag_skr49_002","chart_skr49_4750"
"chart_skr49_4751","Grundstücksreparaturen","4751","False","expense","l10n_de_skr49.account_tag_skr49_047,l10n_de_skr49.account_tag_skr49_186,l10n_de_skr49.account_tag_skr49_002","chart_skr49_4751"
"chart_skr49_4752","Versicherungen","4752","False","expense","l10n_de_skr49.account_tag_skr49_047,l10n_de_skr49.account_tag_skr49_186,l10n_de_skr49.account_tag_skr49_002","chart_skr49_4752"
"chart_skr49_4894","Rechts- und Beratungskosten","4894","False","expense","l10n_de_skr49.account_tag_skr49_047,l10n_de_skr49.account_tag_skr49_186,l10n_de_skr49.account_tag_skr49_002","chart_skr49_4894"
"chart_skr49_4900","Sonstige Kosten Vermögensverwaltung","4900","False","expense","l10n_de_skr49.account_tag_skr49_047,l10n_de_skr49.account_tag_skr49_186,l10n_de_skr49.account_tag_skr49_002","chart_skr49_4900"
"chart_skr49_4901","Sonstige Kosten","4901","False","expense","l10n_de_skr49.account_tag_skr49_047,l10n_de_skr49.account_tag_skr49_186,l10n_de_skr49.account_tag_skr49_002","chart_skr49_4901"
"chart_skr49_4902","Verrechnete / aufgeteilte Kosten","4902","False","expense","l10n_de_skr49.account_tag_skr49_047,l10n_de_skr49.account_tag_skr49_186,l10n_de_skr49.account_tag_skr49_002","chart_skr49_4902"
"chart_skr49_4904","Anteilige Umsatzsteuerzahlungen","4904","False","expense","l10n_de_skr49.account_tag_skr49_047,l10n_de_skr49.account_tag_skr49_186,l10n_de_skr49.account_tag_skr49_002","chart_skr49_4904"
"chart_skr49_4905","Aufzuteilende Vorsteuer","4905","False","expense","l10n_de_skr49.account_tag_skr49_047,l10n_de_skr49.account_tag_skr49_186,l10n_de_skr49.account_tag_skr49_002","chart_skr49_4905"
"chart_skr49_4906","Abziehbare Vorsteuer","4906","False","expense","l10n_de_skr49.account_tag_skr49_047,l10n_de_skr49.account_tag_skr49_186,l10n_de_skr49.account_tag_skr49_002","chart_skr49_4906"
"chart_skr49_4907","Nicht abziehbare Vorsteuer","4907","False","expense","l10n_de_skr49.account_tag_skr49_047,l10n_de_skr49.account_tag_skr49_186,l10n_de_skr49.account_tag_skr49_002","chart_skr49_4907"
"chart_skr49_4965","Anteilige Raumkosten","4965","False","expense","l10n_de_skr49.account_tag_skr49_047,l10n_de_skr49.account_tag_skr49_186,l10n_de_skr49.account_tag_skr49_002","chart_skr49_4965"
"chart_skr49_4966","Miete, Pacht","4966","False","expense","l10n_de_skr49.account_tag_skr49_047,l10n_de_skr49.account_tag_skr49_186,l10n_de_skr49.account_tag_skr49_002","chart_skr49_4966"
"chart_skr49_4967","Raumnebenkosten","4967","False","expense","l10n_de_skr49.account_tag_skr49_047,l10n_de_skr49.account_tag_skr49_186,l10n_de_skr49.account_tag_skr49_002","chart_skr49_4967"
"chart_skr49_4968","Bewirtungskosten (abzugsfähig)","4968","False","expense","l10n_de_skr49.account_tag_skr49_047,l10n_de_skr49.account_tag_skr49_186,l10n_de_skr49.account_tag_skr49_002","chart_skr49_4968"
"chart_skr49_4970","Reisekosten Arbeitnehmer","4970","False","expense","l10n_de_skr49.account_tag_skr49_047,l10n_de_skr49.account_tag_skr49_186,l10n_de_skr49.account_tag_skr49_002","chart_skr49_4970"
"chart_skr49_4971","Reisekosten Arbeitnehmer Verpflegungsmehraufwand","4971","False","expense","l10n_de_skr49.account_tag_skr49_047,l10n_de_skr49.account_tag_skr49_186,l10n_de_skr49.account_tag_skr49_002","chart_skr49_4971"
"chart_skr49_4972","Reisekosten Arbeitnehmer Übernachtungsaufwand","4972","False","expense","l10n_de_skr49.account_tag_skr49_047,l10n_de_skr49.account_tag_skr49_186,l10n_de_skr49.account_tag_skr49_002","chart_skr49_4972"
"chart_skr49_4973","Reisekosten Arbeitnehmer Fahrtkosten","4973","False","expense","l10n_de_skr49.account_tag_skr49_047,l10n_de_skr49.account_tag_skr49_186,l10n_de_skr49.account_tag_skr49_002","chart_skr49_4973"
"chart_skr49_4974","Kilometergelderstattung Arbeitnehmer","4974","False","expense","l10n_de_skr49.account_tag_skr49_047,l10n_de_skr49.account_tag_skr49_186,l10n_de_skr49.account_tag_skr49_002","chart_skr49_4974"
"chart_skr49_4980","Löhne und Gehälter","4980","False","expense","l10n_de_skr49.account_tag_skr49_048,l10n_de_skr49.account_tag_skr49_187,l10n_de_skr49.account_tag_skr49_002","chart_skr49_4980"
"chart_skr49_4981","Abgeführte Lohnsteuer","4981","False","expense","l10n_de_skr49.account_tag_skr49_048,l10n_de_skr49.account_tag_skr49_187,l10n_de_skr49.account_tag_skr49_002","chart_skr49_4981"
"chart_skr49_4982","Freiwillige soziale Aufwendungen, lohnsteuerpflichtig","4982","False","expense","l10n_de_skr49.account_tag_skr49_048,l10n_de_skr49.account_tag_skr49_187,l10n_de_skr49.account_tag_skr49_002","chart_skr49_4982"
"chart_skr49_4990","Gesetzliche soziale Aufwendungen","4990","False","expense","l10n_de_skr49.account_tag_skr49_048,l10n_de_skr49.account_tag_skr49_188,l10n_de_skr49.account_tag_skr49_002","chart_skr49_4990"
"chart_skr49_4991","Aufwendungen für Altersversorgung","4991","False","expense","l10n_de_skr49.account_tag_skr49_048,l10n_de_skr49.account_tag_skr49_188,l10n_de_skr49.account_tag_skr49_002","chart_skr49_4991"
"chart_skr49_4992","Beiträge zur Berufsgenossenschaft1)","4992","False","expense","l10n_de_skr49.account_tag_skr49_048,l10n_de_skr49.account_tag_skr49_188,l10n_de_skr49.account_tag_skr49_002","chart_skr49_4992"
"chart_skr49_5000","Eintrittsgelder Sport 1","5000","False","income","l10n_de_skr49.account_tag_skr49_049,l10n_de_skr49.account_tag_skr49_189,l10n_de_skr49.account_tag_skr49_003","chart_skr49_5000"
"chart_skr49_5005","Eintrittsgelder aus Wettkämpfen 7 % USt","5005","False","income","l10n_de_skr49.account_tag_skr49_049,l10n_de_skr49.account_tag_skr49_189,l10n_de_skr49.account_tag_skr49_003","chart_skr49_5005"
"chart_skr49_5010","Eintrittsgelder aus Fußballspielen 7 % USt","5010","False","income","l10n_de_skr49.account_tag_skr49_049,l10n_de_skr49.account_tag_skr49_189,l10n_de_skr49.account_tag_skr49_003","chart_skr49_5010"
"chart_skr49_5015","Eintrittsgelder aus Sportturnen 7 % USt","5015","False","income","l10n_de_skr49.account_tag_skr49_049,l10n_de_skr49.account_tag_skr49_189,l10n_de_skr49.account_tag_skr49_003","chart_skr49_5015"
"chart_skr49_5020","Eintrittsgelder aus sonstigen sportlichen Veranstaltungen 7 % Ust","5020","False","income","l10n_de_skr49.account_tag_skr49_049,l10n_de_skr49.account_tag_skr49_189,l10n_de_skr49.account_tag_skr49_003","chart_skr49_5020"
"chart_skr49_5021","Eintrittsgelder aus Sport 1 (7 % USt)","5021","False","income","l10n_de_skr49.account_tag_skr49_049,l10n_de_skr49.account_tag_skr49_189,l10n_de_skr49.account_tag_skr49_003","chart_skr49_5021"
"chart_skr49_5022","Eintrittsgelder aus Sport 2 (7 % USt)","5022","False","income","l10n_de_skr49.account_tag_skr49_049,l10n_de_skr49.account_tag_skr49_189,l10n_de_skr49.account_tag_skr49_003","chart_skr49_5022"
"chart_skr49_5023","Eintrittsgelder aus Sport 3 (7 % USt)","5023","False","income","l10n_de_skr49.account_tag_skr49_049,l10n_de_skr49.account_tag_skr49_189,l10n_de_skr49.account_tag_skr49_003","chart_skr49_5023"
"chart_skr49_5050","Einnahmen aus Sportreisen","5050","False","income","l10n_de_skr49.account_tag_skr49_049,l10n_de_skr49.account_tag_skr49_190,l10n_de_skr49.account_tag_skr49_003","chart_skr49_5050"
"chart_skr49_5055","Einnahmen nicht steuerbar nach UStG","5055","False","income","l10n_de_skr49.account_tag_skr49_049,l10n_de_skr49.account_tag_skr49_190,l10n_de_skr49.account_tag_skr49_003","chart_skr49_5055"
"chart_skr49_5060","Einnahmen 0 % USt","5060","False","income","l10n_de_skr49.account_tag_skr49_049,l10n_de_skr49.account_tag_skr49_190,l10n_de_skr49.account_tag_skr49_003","chart_skr49_5060"
"chart_skr49_5065","Einnahmen 7 % USt - aus sonstigen sportlichen Veranstaltungen","5065","False","income","l10n_de_skr49.account_tag_skr49_049,l10n_de_skr49.account_tag_skr49_190,l10n_de_skr49.account_tag_skr49_003","chart_skr49_5065"
"chart_skr49_5070","Einnahmen aus sonstigen sportlichen Veranstaltungen","5070","False","income","l10n_de_skr49.account_tag_skr49_049,l10n_de_skr49.account_tag_skr49_191,l10n_de_skr49.account_tag_skr49_003","chart_skr49_5070"
"chart_skr49_5075","Einnahmen aus Leistungen gegenüber Nichtmitgliedern 7 % Ust","5075","False","income","l10n_de_skr49.account_tag_skr49_049,l10n_de_skr49.account_tag_skr49_191,l10n_de_skr49.account_tag_skr49_003","chart_skr49_5075"
"chart_skr49_5080","Erstattungen der Gastmannschaften","5080","False","income","l10n_de_skr49.account_tag_skr49_049,l10n_de_skr49.account_tag_skr49_191,l10n_de_skr49.account_tag_skr49_003","chart_skr49_5080"
"chart_skr49_5085","Einnahmen aus Auswahlspielen 7 % USt","5085","False","income","l10n_de_skr49.account_tag_skr49_049,l10n_de_skr49.account_tag_skr49_191,l10n_de_skr49.account_tag_skr49_003","chart_skr49_5085"
"chart_skr49_5090","Einnahmen aus USt-pflichtigen Sportkursen/-lehrgängen ohne bezahlte Sportler","5090","False","income","l10n_de_skr49.account_tag_skr49_049,l10n_de_skr49.account_tag_skr49_191,l10n_de_skr49.account_tag_skr49_003","chart_skr49_5090"
"chart_skr49_5100","Einnahmen aus Leistungen gegenüber Mitgliedern","5100","False","income","l10n_de_skr49.account_tag_skr49_049,l10n_de_skr49.account_tag_skr49_192,l10n_de_skr49.account_tag_skr49_003","chart_skr49_5100"
"chart_skr49_5105","Platzgebühren 7 % USt","5105","False","income","l10n_de_skr49.account_tag_skr49_049,l10n_de_skr49.account_tag_skr49_192,l10n_de_skr49.account_tag_skr49_003","chart_skr49_5105"
"chart_skr49_5110","Hallengebühren 7 % USt","5110","False","income","l10n_de_skr49.account_tag_skr49_049,l10n_de_skr49.account_tag_skr49_192,l10n_de_skr49.account_tag_skr49_003","chart_skr49_5110"
"chart_skr49_5115","Chartergebühren 7 % USt","5115","False","income","l10n_de_skr49.account_tag_skr49_049,l10n_de_skr49.account_tag_skr49_192,l10n_de_skr49.account_tag_skr49_003","chart_skr49_5115"
"chart_skr49_5120","Unechte Mitgliedsbeiträge","5120","False","income","l10n_de_skr49.account_tag_skr49_049,l10n_de_skr49.account_tag_skr49_192,l10n_de_skr49.account_tag_skr49_003","chart_skr49_5120"
"chart_skr49_5200","Einnahmen aus steuerbaren Zuschüssen für Zweckbetrieb Sport","5200","False","income_other","l10n_de_skr49.account_tag_skr49_050,l10n_de_skr49.account_tag_skr49_193,l10n_de_skr49.account_tag_skr49_003","chart_skr49_5200"
"chart_skr49_5205","Zuschüsse von Verbänden und Organisationen","5205","False","income_other","l10n_de_skr49.account_tag_skr49_050,l10n_de_skr49.account_tag_skr49_193,l10n_de_skr49.account_tag_skr49_003","chart_skr49_5205"
"chart_skr49_5210","Ausbildungszuschüsse von Verbänden und Organisationen","5210","False","income_other","l10n_de_skr49.account_tag_skr49_050,l10n_de_skr49.account_tag_skr49_193,l10n_de_skr49.account_tag_skr49_003","chart_skr49_5210"
"chart_skr49_5215","Zuschüsse von Behörden","5215","False","income_other","l10n_de_skr49.account_tag_skr49_050,l10n_de_skr49.account_tag_skr49_193,l10n_de_skr49.account_tag_skr49_003","chart_skr49_5215"
"chart_skr49_5220","Ausbildungszuschüsse von Behörden","5220","False","income_other","l10n_de_skr49.account_tag_skr49_050,l10n_de_skr49.account_tag_skr49_193,l10n_de_skr49.account_tag_skr49_003","chart_skr49_5220"
"chart_skr49_5225","Sonstige Zuschüsse","5225","False","income_other","l10n_de_skr49.account_tag_skr49_050,l10n_de_skr49.account_tag_skr49_193,l10n_de_skr49.account_tag_skr49_003","chart_skr49_5225"
"chart_skr49_5250","Sonstige Einnahmen Zweckbetrieb Sport","5250","False","income_other","l10n_de_skr49.account_tag_skr49_050,l10n_de_skr49.account_tag_skr49_194,l10n_de_skr49.account_tag_skr49_003","chart_skr49_5250"
"chart_skr49_5255","Anteilige verrechnete Einnahmen/Umlagen","5255","False","income_other","l10n_de_skr49.account_tag_skr49_050,l10n_de_skr49.account_tag_skr49_194,l10n_de_skr49.account_tag_skr49_003","chart_skr49_5255"
"chart_skr49_5260","Einnahmen aus Ablöse/Freigabe unbezahlter Sportler 7 % Ust","5260","False","income_other","l10n_de_skr49.account_tag_skr49_050,l10n_de_skr49.account_tag_skr49_195,l10n_de_skr49.account_tag_skr49_003","chart_skr49_5260"
"chart_skr49_5265","Ablösesummen über 2.556 EUR 7 % Ust","5265","False","income_other","l10n_de_skr49.account_tag_skr49_050,l10n_de_skr49.account_tag_skr49_195,l10n_de_skr49.account_tag_skr49_003","chart_skr49_5265"
"chart_skr49_5270","Erlöse aus Verkäufen Sachanlagevermögen(bei Buchgewinn)","5270","False","income_other","l10n_de_skr49.account_tag_skr49_050,l10n_de_skr49.account_tag_skr49_050,l10n_de_skr49.account_tag_skr49_003","chart_skr49_5270"
"chart_skr49_5273","Erträge aus der Auflösung einer steuerlichen Rücklage","5273","False","income_other","l10n_de_skr49.account_tag_skr49_050,l10n_de_skr49.account_tag_skr49_050,l10n_de_skr49.account_tag_skr49_003","chart_skr49_5273"
"chart_skr49_5274","Anlagenabgänge Sachanlagen (Restbuchwert bei Buchgewinn)","5274","False","income_other","l10n_de_skr49.account_tag_skr49_050,l10n_de_skr49.account_tag_skr49_050,l10n_de_skr49.account_tag_skr49_003","chart_skr49_5274"
"chart_skr49_5275","Einnahmen aus Nebenleistungen","5275","False","income_other","l10n_de_skr49.account_tag_skr49_050,l10n_de_skr49.account_tag_skr49_195,l10n_de_skr49.account_tag_skr49_003","chart_skr49_5275"
"chart_skr49_5279","Erträge aus Zuschreibungen des Sachanlagevermögens Materialaufwand","5279","False","income_other","l10n_de_skr49.account_tag_skr49_050,l10n_de_skr49.account_tag_skr49_050,l10n_de_skr49.account_tag_skr49_003","chart_skr49_5279"
"chart_skr49_5280","Aufwendungen für Roh-, Hilfs- und Betriebsstoffe und bezogene Waren","5280","False","expense","l10n_de_skr49.account_tag_skr49_051,l10n_de_skr49.account_tag_skr49_197,l10n_de_skr49.account_tag_skr49_003","chart_skr49_5280"
"chart_skr49_5290","Aufwendungen für bezogene Leistungen","5290","False","expense","l10n_de_skr49.account_tag_skr49_051,l10n_de_skr49.account_tag_skr49_198,l10n_de_skr49.account_tag_skr49_003","chart_skr49_5290"
"chart_skr49_5300","Löhne und Gehälter","5300","False","expense","l10n_de_skr49.account_tag_skr49_048,l10n_de_skr49.account_tag_skr49_187,l10n_de_skr49.account_tag_skr49_003","chart_skr49_5300"
"chart_skr49_5305","Personalkosten Trainer/Übungsleiter","5305","False","expense","l10n_de_skr49.account_tag_skr49_048,l10n_de_skr49.account_tag_skr49_187,l10n_de_skr49.account_tag_skr49_003","chart_skr49_5305"
"chart_skr49_5310","Aufwandsentschädigung i. S. v. ⌡ 3 Nr. 26 EStG","5310","False","expense","l10n_de_skr49.account_tag_skr49_048,l10n_de_skr49.account_tag_skr49_187,l10n_de_skr49.account_tag_skr49_003","chart_skr49_5310"
"chart_skr49_5315","Aufwandsentschädigung pauschal an aktive Vereinsmitglieder","5315","False","expense","l10n_de_skr49.account_tag_skr49_048,l10n_de_skr49.account_tag_skr49_187,l10n_de_skr49.account_tag_skr49_003","chart_skr49_5315"
"chart_skr49_5320","Aushilfslöhne","5320","False","expense","l10n_de_skr49.account_tag_skr49_048,l10n_de_skr49.account_tag_skr49_187,l10n_de_skr49.account_tag_skr49_003","chart_skr49_5320"
"chart_skr49_5350","Gesetzliche soziale Aufwendungen","5350","False","expense","l10n_de_skr49.account_tag_skr49_048,l10n_de_skr49.account_tag_skr49_188,l10n_de_skr49.account_tag_skr49_003","chart_skr49_5350"
"chart_skr49_5351","Beiträge zur Berufsgenossenschaft","5351","False","expense","l10n_de_skr49.account_tag_skr49_048,l10n_de_skr49.account_tag_skr49_188,l10n_de_skr49.account_tag_skr49_003","chart_skr49_5351"
"chart_skr49_5355","Abgeführte Lohnsteuer","5355","False","expense","l10n_de_skr49.account_tag_skr49_048,l10n_de_skr49.account_tag_skr49_187,l10n_de_skr49.account_tag_skr49_003","chart_skr49_5355"
"chart_skr49_5360","Freiwillige soziale Aufwendungen, lohnsteuerpflichtig","5360","False","expense","l10n_de_skr49.account_tag_skr49_048,l10n_de_skr49.account_tag_skr49_187,l10n_de_skr49.account_tag_skr49_003","chart_skr49_5360"
"chart_skr49_5400","Aufwendungen für Altersversorgung","5400","False","expense","l10n_de_skr49.account_tag_skr49_048,l10n_de_skr49.account_tag_skr49_188,l10n_de_skr49.account_tag_skr49_003","chart_skr49_5400"
"chart_skr49_5450","Abschreibungen auf Sachanlagen","5450","False","expense_depreciation","l10n_de_skr49.account_tag_skr49_052,l10n_de_skr49.account_tag_skr49_199,l10n_de_skr49.account_tag_skr49_003","chart_skr49_5450"
"chart_skr49_5455","Sofortabschreibung geringwertiger Wirtschaftsgüter","5455","False","expense_depreciation","l10n_de_skr49.account_tag_skr49_052,l10n_de_skr49.account_tag_skr49_199,l10n_de_skr49.account_tag_skr49_003","chart_skr49_5455"
"chart_skr49_5456","Abschreibungen auf den Sammelposten Wirtschaftsgüter","5456","False","expense_depreciation","l10n_de_skr49.account_tag_skr49_052,l10n_de_skr49.account_tag_skr49_199,l10n_de_skr49.account_tag_skr49_003","chart_skr49_5456"
"chart_skr49_5465","Kalkulatorische Abschreibungen","5465","False","expense_depreciation","l10n_de_skr49.account_tag_skr49_052,l10n_de_skr49.account_tag_skr49_200,l10n_de_skr49.account_tag_skr49_003","chart_skr49_5465"
"chart_skr49_5467","Verrechnete kalkulatorische Abschreibungen","5467","False","expense_depreciation","l10n_de_skr49.account_tag_skr49_052,l10n_de_skr49.account_tag_skr49_200,l10n_de_skr49.account_tag_skr49_003","chart_skr49_5467"
"chart_skr49_5470","Abschreibungen auf Sportler-Ablösezahlungen","5470","False","expense_depreciation","l10n_de_skr49.account_tag_skr49_052,l10n_de_skr49.account_tag_skr49_199,l10n_de_skr49.account_tag_skr49_003","chart_skr49_5470"
"chart_skr49_5490","Abschreibungen auf Umlaufvermögen, steuerrechtlich bedingt (soweit unüblich hoch)","5490","False","expense_depreciation","l10n_de_skr49.account_tag_skr49_052,l10n_de_skr49.account_tag_skr49_201,l10n_de_skr49.account_tag_skr49_003","chart_skr49_5490"
"chart_skr49_5500","Reisekosten für aktive Vereinsmitglieder","5500","False","expense","l10n_de_skr49.account_tag_skr49_053,l10n_de_skr49.account_tag_skr49_202,l10n_de_skr49.account_tag_skr49_003","chart_skr49_5500"
"chart_skr49_5503","Reisekosten Arbeitnehmer Verpflegungsmehraufwand","5503","False","expense","l10n_de_skr49.account_tag_skr49_053,l10n_de_skr49.account_tag_skr49_202,l10n_de_skr49.account_tag_skr49_003","chart_skr49_5503"
"chart_skr49_5506","Reisekosten Arbeitnehmer","5506","False","expense","l10n_de_skr49.account_tag_skr49_053,l10n_de_skr49.account_tag_skr49_202,l10n_de_skr49.account_tag_skr49_003","chart_skr49_5506"
"chart_skr49_5507","Reisekosten Arbeitnehmer Übernachtungsaufwand","5507","False","expense","l10n_de_skr49.account_tag_skr49_053,l10n_de_skr49.account_tag_skr49_202,l10n_de_skr49.account_tag_skr49_003","chart_skr49_5507"
"chart_skr49_5508","Reisekosten Arbeitnehmer Fahrtkosten","5508","False","expense","l10n_de_skr49.account_tag_skr49_053,l10n_de_skr49.account_tag_skr49_202,l10n_de_skr49.account_tag_skr49_003","chart_skr49_5508"
"chart_skr49_5509","Kilometergelderstattung Arbeitnehmer","5509","False","expense","l10n_de_skr49.account_tag_skr49_053,l10n_de_skr49.account_tag_skr49_202,l10n_de_skr49.account_tag_skr49_003","chart_skr49_5509"
"chart_skr49_5512","Spesenersatz an aktive Sportler mit Kostennachweis","5512","False","expense","l10n_de_skr49.account_tag_skr49_053,l10n_de_skr49.account_tag_skr49_202,l10n_de_skr49.account_tag_skr49_003","chart_skr49_5512"
"chart_skr49_5515","Spesenersatz an aktive Nichtmitglieder mit Kostennachweis","5515","False","expense","l10n_de_skr49.account_tag_skr49_053,l10n_de_skr49.account_tag_skr49_202,l10n_de_skr49.account_tag_skr49_003","chart_skr49_5515"
"chart_skr49_5518","Sonstige veranstaltungsabhängige Kosten Sport 1","5518","False","expense","l10n_de_skr49.account_tag_skr49_053,l10n_de_skr49.account_tag_skr49_202,l10n_de_skr49.account_tag_skr49_003","chart_skr49_5518"
"chart_skr49_5521","Entschädigungen an Nichtaktive","5521","False","expense","l10n_de_skr49.account_tag_skr49_053,l10n_de_skr49.account_tag_skr49_202,l10n_de_skr49.account_tag_skr49_003","chart_skr49_5521"
"chart_skr49_5536","Transportkosten","5536","False","expense","l10n_de_skr49.account_tag_skr49_053,l10n_de_skr49.account_tag_skr49_202,l10n_de_skr49.account_tag_skr49_003","chart_skr49_5536"
"chart_skr49_5539","Kostenerstattung der Gastmannschaften","5539","False","expense","l10n_de_skr49.account_tag_skr49_053,l10n_de_skr49.account_tag_skr49_202,l10n_de_skr49.account_tag_skr49_003","chart_skr49_5539"
"chart_skr49_5542","Abgaben","5542","False","expense","l10n_de_skr49.account_tag_skr49_053,l10n_de_skr49.account_tag_skr49_202,l10n_de_skr49.account_tag_skr49_003","chart_skr49_5542"
"chart_skr49_5545","Sonstige Kosten der Veranstaltung","5545","False","expense","l10n_de_skr49.account_tag_skr49_053,l10n_de_skr49.account_tag_skr49_202,l10n_de_skr49.account_tag_skr49_003","chart_skr49_5545"
"chart_skr49_5550","Kosten der Sportanlagen","5550","False","expense","l10n_de_skr49.account_tag_skr49_053,l10n_de_skr49.account_tag_skr49_203,l10n_de_skr49.account_tag_skr49_003","chart_skr49_5550"
"chart_skr49_5555","Miete, Pacht","5555","False","expense","l10n_de_skr49.account_tag_skr49_053,l10n_de_skr49.account_tag_skr49_203,l10n_de_skr49.account_tag_skr49_003","chart_skr49_5555"
"chart_skr49_5560","Strom","5560","False","expense","l10n_de_skr49.account_tag_skr49_053,l10n_de_skr49.account_tag_skr49_203,l10n_de_skr49.account_tag_skr49_003","chart_skr49_5560"
"chart_skr49_5561","Wasser","5561","False","expense","l10n_de_skr49.account_tag_skr49_053,l10n_de_skr49.account_tag_skr49_203,l10n_de_skr49.account_tag_skr49_003","chart_skr49_5561"
"chart_skr49_5562","Gas, Heizung","5562","False","expense","l10n_de_skr49.account_tag_skr49_053,l10n_de_skr49.account_tag_skr49_203,l10n_de_skr49.account_tag_skr49_003","chart_skr49_5562"
"chart_skr49_5565","Reparaturen","5565","False","expense","l10n_de_skr49.account_tag_skr49_053,l10n_de_skr49.account_tag_skr49_203,l10n_de_skr49.account_tag_skr49_003","chart_skr49_5565"
"chart_skr49_5570","Allgemeine Kosten des Sportbetriebs","5570","False","expense","l10n_de_skr49.account_tag_skr49_053,l10n_de_skr49.account_tag_skr49_204,l10n_de_skr49.account_tag_skr49_003","chart_skr49_5570"
"chart_skr49_5575","Verwaltungskosten","5575","False","expense","l10n_de_skr49.account_tag_skr49_053,l10n_de_skr49.account_tag_skr49_204,l10n_de_skr49.account_tag_skr49_003","chart_skr49_5575"
"chart_skr49_5580","Reisekosten","5580","False","expense","l10n_de_skr49.account_tag_skr49_053,l10n_de_skr49.account_tag_skr49_204,l10n_de_skr49.account_tag_skr49_003","chart_skr49_5580"
"chart_skr49_5585","Reisekosten Arbeitnehmer Verpflegungsmehraufwand","5585","False","expense","l10n_de_skr49.account_tag_skr49_053,l10n_de_skr49.account_tag_skr49_204,l10n_de_skr49.account_tag_skr49_003","chart_skr49_5585"
"chart_skr49_5590","Reisekosten Arbeitnehmer","5590","False","expense","l10n_de_skr49.account_tag_skr49_053,l10n_de_skr49.account_tag_skr49_204,l10n_de_skr49.account_tag_skr49_003","chart_skr49_5590"
"chart_skr49_5591","Reisekosten Arbeitnehmer Übernachtungsaufwand","5591","False","expense","l10n_de_skr49.account_tag_skr49_053,l10n_de_skr49.account_tag_skr49_204,l10n_de_skr49.account_tag_skr49_003","chart_skr49_5591"
"chart_skr49_5592","Reisekosten Arbeitnehmer Fahrtkosten","5592","False","expense","l10n_de_skr49.account_tag_skr49_053,l10n_de_skr49.account_tag_skr49_204,l10n_de_skr49.account_tag_skr49_003","chart_skr49_5592"
"chart_skr49_5595","Kilometergelderstattung Arbeitnehmer","5595","False","expense","l10n_de_skr49.account_tag_skr49_053,l10n_de_skr49.account_tag_skr49_204,l10n_de_skr49.account_tag_skr49_003","chart_skr49_5595"
"chart_skr49_5600","Versicherungen","5600","False","expense","l10n_de_skr49.account_tag_skr49_053,l10n_de_skr49.account_tag_skr49_204,l10n_de_skr49.account_tag_skr49_003","chart_skr49_5600"
"chart_skr49_5605","Sportkleidung","5605","False","expense","l10n_de_skr49.account_tag_skr49_053,l10n_de_skr49.account_tag_skr49_204,l10n_de_skr49.account_tag_skr49_003","chart_skr49_5605"
"chart_skr49_5610","Ausbildungskostenersatz","5610","False","expense","l10n_de_skr49.account_tag_skr49_053,l10n_de_skr49.account_tag_skr49_204,l10n_de_skr49.account_tag_skr49_003","chart_skr49_5610"
"chart_skr49_5620","Betriebskosten Fahrzeuge, Transportmittel","5620","False","expense","l10n_de_skr49.account_tag_skr49_053,l10n_de_skr49.account_tag_skr49_205,l10n_de_skr49.account_tag_skr49_003","chart_skr49_5620"
"chart_skr49_5621","Kfz-Steuern","5621","False","expense","l10n_de_skr49.account_tag_skr49_053,l10n_de_skr49.account_tag_skr49_205,l10n_de_skr49.account_tag_skr49_003","chart_skr49_5621"
"chart_skr49_5622","Kfz-Versicherungen","5622","False","expense","l10n_de_skr49.account_tag_skr49_053,l10n_de_skr49.account_tag_skr49_205,l10n_de_skr49.account_tag_skr49_003","chart_skr49_5622"
"chart_skr49_5623","Laufende Kfz-Betriebskosten","5623","False","expense","l10n_de_skr49.account_tag_skr49_053,l10n_de_skr49.account_tag_skr49_205,l10n_de_skr49.account_tag_skr49_003","chart_skr49_5623"
"chart_skr49_5624","Kfz-Reparaturen","5624","False","expense","l10n_de_skr49.account_tag_skr49_053,l10n_de_skr49.account_tag_skr49_205,l10n_de_skr49.account_tag_skr49_003","chart_skr49_5624"
"chart_skr49_5625","Sonstige Kfz-Kosten","5625","False","expense","l10n_de_skr49.account_tag_skr49_053,l10n_de_skr49.account_tag_skr49_205,l10n_de_skr49.account_tag_skr49_003","chart_skr49_5625"
"chart_skr49_5630","Betriebskosten Ausstattung/Sportgeräte","5630","False","expense","l10n_de_skr49.account_tag_skr49_053,l10n_de_skr49.account_tag_skr49_206,l10n_de_skr49.account_tag_skr49_003","chart_skr49_5630"
"chart_skr49_5645","Reparaturen Ausstattung/Sportgeräte","5645","False","expense","l10n_de_skr49.account_tag_skr49_053,l10n_de_skr49.account_tag_skr49_206,l10n_de_skr49.account_tag_skr49_003","chart_skr49_5645"
"chart_skr49_5650","Sonstige Kosten Zweckbetrieb Sport 1","5650","False","expense","l10n_de_skr49.account_tag_skr49_053,l10n_de_skr49.account_tag_skr49_200,l10n_de_skr49.account_tag_skr49_003","chart_skr49_5650"
"chart_skr49_5670","Verrechnete/aufgeteilte Kosten","5670","False","expense","l10n_de_skr49.account_tag_skr49_053,l10n_de_skr49.account_tag_skr49_200,l10n_de_skr49.account_tag_skr49_003","chart_skr49_5670"
"chart_skr49_5671","Erlöse aus Verkäufen Sachanlagevermögen(bei Buchverlust)","5671","False","expense","l10n_de_skr49.account_tag_skr49_053,l10n_de_skr49.account_tag_skr49_200,l10n_de_skr49.account_tag_skr49_003","chart_skr49_5671"
"chart_skr49_5672","Einstellungen in steuerliche Rücklagen","5672","False","expense","l10n_de_skr49.account_tag_skr49_053,l10n_de_skr49.account_tag_skr49_200,l10n_de_skr49.account_tag_skr49_003","chart_skr49_5672"
"chart_skr49_5673","Anlagenabgänge Sachanlagen (Restbuchwert bei Buchverlust)","5673","False","expense","l10n_de_skr49.account_tag_skr49_053,l10n_de_skr49.account_tag_skr49_200,l10n_de_skr49.account_tag_skr49_003","chart_skr49_5673"
"chart_skr49_5674","Rechts- und Beratungskosten","5674","False","expense","l10n_de_skr49.account_tag_skr49_053,l10n_de_skr49.account_tag_skr49_200,l10n_de_skr49.account_tag_skr49_003","chart_skr49_5674"
"chart_skr49_5675","Anteilige Umsatzsteuerzahlungen","5675","False","expense","l10n_de_skr49.account_tag_skr49_053,l10n_de_skr49.account_tag_skr49_200,l10n_de_skr49.account_tag_skr49_003","chart_skr49_5675"
"chart_skr49_5680","Aufzuteilende Vorsteuer","5680","False","expense","l10n_de_skr49.account_tag_skr49_053,l10n_de_skr49.account_tag_skr49_200,l10n_de_skr49.account_tag_skr49_003","chart_skr49_5680"
"chart_skr49_5685","Abziehbare Vorsteuer","5685","False","expense","l10n_de_skr49.account_tag_skr49_053,l10n_de_skr49.account_tag_skr49_200,l10n_de_skr49.account_tag_skr49_003","chart_skr49_5685"
"chart_skr49_5690","Nicht abziehbare Vorsteuer","5690","False","expense","l10n_de_skr49.account_tag_skr49_053,l10n_de_skr49.account_tag_skr49_200,l10n_de_skr49.account_tag_skr49_003","chart_skr49_5690"
"chart_skr49_5695","Aufzuteilende Posten Teilbereich 5000 Zweckbetrieb Sport 1","5695","False","expense","l10n_de_skr49.account_tag_skr49_053,l10n_de_skr49.account_tag_skr49_200,l10n_de_skr49.account_tag_skr49_003","chart_skr49_5695"
"chart_skr49_5700","Erlöse Sport 2 zu 0 % i. S. v. ⌡ 4 Nr. 22a UStG","5700","False","income","l10n_de_skr49.account_tag_skr49_049,l10n_de_skr49.account_tag_skr49_207,l10n_de_skr49.account_tag_skr49_004","chart_skr49_5700"
"chart_skr49_5702","Einnahmen aus Vorträgen/Sport 0 % Ust","5702","False","income","l10n_de_skr49.account_tag_skr49_049,l10n_de_skr49.account_tag_skr49_207,l10n_de_skr49.account_tag_skr49_004","chart_skr49_5702"
"chart_skr49_5704","Einnahmen aus Kursen/Sport 0 % USt","5704","False","income","l10n_de_skr49.account_tag_skr49_049,l10n_de_skr49.account_tag_skr49_207,l10n_de_skr49.account_tag_skr49_004","chart_skr49_5704"
"chart_skr49_5706","Einnahmen aus sonstigen Veranstaltungen 0 % Ust","5706","False","income","l10n_de_skr49.account_tag_skr49_049,l10n_de_skr49.account_tag_skr49_207,l10n_de_skr49.account_tag_skr49_004","chart_skr49_5706"
"chart_skr49_5720","Sport-Erlöse 0 % i. S. v. ⌡ 4 Nr. 22b UStG","5720","False","income","l10n_de_skr49.account_tag_skr49_049,l10n_de_skr49.account_tag_skr49_208,l10n_de_skr49.account_tag_skr49_004","chart_skr49_5720"
"chart_skr49_5722","Teilnehmergebühren 0 % USt","5722","False","income","l10n_de_skr49.account_tag_skr49_049,l10n_de_skr49.account_tag_skr49_208,l10n_de_skr49.account_tag_skr49_004","chart_skr49_5722"
"chart_skr49_5724","Startgelder 0 % USt","5724","False","income","l10n_de_skr49.account_tag_skr49_049,l10n_de_skr49.account_tag_skr49_208,l10n_de_skr49.account_tag_skr49_004","chart_skr49_5724"
"chart_skr49_5726","Meldegebühren 0 % USt","5726","False","income","l10n_de_skr49.account_tag_skr49_049,l10n_de_skr49.account_tag_skr49_208,l10n_de_skr49.account_tag_skr49_004","chart_skr49_5726"
"chart_skr49_5728","Teilnehmergebühren 0 % USt Sportwettkämpfe","5728","False","income","l10n_de_skr49.account_tag_skr49_049,l10n_de_skr49.account_tag_skr49_208,l10n_de_skr49.account_tag_skr49_004","chart_skr49_5728"
"chart_skr49_5740","Sport Jugendhilfe 0 % i. S. v. ⌡ 4 Nr. 25 S. 3b UStG","5740","False","income","l10n_de_skr49.account_tag_skr49_049,l10n_de_skr49.account_tag_skr49_209,l10n_de_skr49.account_tag_skr49_004","chart_skr49_5740"
"chart_skr49_5742","Einnahmen aus Lehrgängen Jugendhilfe Sport 0 % Ust","5742","False","income","l10n_de_skr49.account_tag_skr49_049,l10n_de_skr49.account_tag_skr49_209,l10n_de_skr49.account_tag_skr49_004","chart_skr49_5742"
"chart_skr49_5744","Einnahmen aus Sportunterricht Jugendhilfe 0 % Ust","5744","False","income","l10n_de_skr49.account_tag_skr49_049,l10n_de_skr49.account_tag_skr49_209,l10n_de_skr49.account_tag_skr49_004","chart_skr49_5744"
"chart_skr49_5750","Sport Jugendhilfe 0 % i. S. v. ⌡ 4 Nr. 25 S. 3a UStG","5750","False","income","l10n_de_skr49.account_tag_skr49_049,l10n_de_skr49.account_tag_skr49_210,l10n_de_skr49.account_tag_skr49_004","chart_skr49_5750"
"chart_skr49_5752","Einnahmen aus Darbietungen Jugendlicher 0 % Ust","5752","False","income","l10n_de_skr49.account_tag_skr49_049,l10n_de_skr49.account_tag_skr49_210,l10n_de_skr49.account_tag_skr49_004","chart_skr49_5752"
"chart_skr49_5754","Einnahmen aus Darbietungen Jugendlicher und Erwachsener 0 % Ust","5754","False","income","l10n_de_skr49.account_tag_skr49_049,l10n_de_skr49.account_tag_skr49_210,l10n_de_skr49.account_tag_skr49_004","chart_skr49_5754"
"chart_skr49_5760","Sonstige Einnahmen 0 % USt Zweckbetrieb Sport 2","5760","False","income","l10n_de_skr49.account_tag_skr49_049,l10n_de_skr49.account_tag_skr49_194,l10n_de_skr49.account_tag_skr49_004","chart_skr49_5760"
"chart_skr49_5762","Anteilig verrechnete Einnahmen/Erlöse","5762","False","income","l10n_de_skr49.account_tag_skr49_049,l10n_de_skr49.account_tag_skr49_194,l10n_de_skr49.account_tag_skr49_004","chart_skr49_5762"
"chart_skr49_5780","Sonstige betriebliche Erträge","5780","False","income","l10n_de_skr49.account_tag_skr49_049,l10n_de_skr49.account_tag_skr49_050,l10n_de_skr49.account_tag_skr49_004","chart_skr49_5780"
"chart_skr49_5782","Veräußerungserlöse 0 % i. S. v. ⌡ 4 Nr. 12 UStG","5782","False","income","l10n_de_skr49.account_tag_skr49_049,l10n_de_skr49.account_tag_skr49_050,l10n_de_skr49.account_tag_skr49_004","chart_skr49_5782"
"chart_skr49_5783","Erträge aus der Auflösung einer steuerlichen Rücklage","5783","False","income","l10n_de_skr49.account_tag_skr49_049,l10n_de_skr49.account_tag_skr49_050,l10n_de_skr49.account_tag_skr49_004","chart_skr49_5783"
"chart_skr49_5784","Einnahmen aus Nebenleistungen","5784","False","income","l10n_de_skr49.account_tag_skr49_049,l10n_de_skr49.account_tag_skr49_195,l10n_de_skr49.account_tag_skr49_004","chart_skr49_5784"
"chart_skr49_5785","Erlöse aus Verkäufen Sachanlagevermögen(bei Buchgewinn)","5785","False","income","l10n_de_skr49.account_tag_skr49_049,l10n_de_skr49.account_tag_skr49_050,l10n_de_skr49.account_tag_skr49_004","chart_skr49_5785"
"chart_skr49_5787","Anlagenabgänge Sachanlagen (Restbuch-wert bei Buchgewinn)","5787","False","income","l10n_de_skr49.account_tag_skr49_049,l10n_de_skr49.account_tag_skr49_050,l10n_de_skr49.account_tag_skr49_004","chart_skr49_5787"
"chart_skr49_5800","Aufwendungen für Roh-, Hilfs- und Betriebsstoffe und bezogene Waren","5800","False","expense","l10n_de_skr49.account_tag_skr49_051,l10n_de_skr49.account_tag_skr49_211,l10n_de_skr49.account_tag_skr49_004","chart_skr49_5800"
"chart_skr49_5810","Aufwendungen für bezogene Leistungen","5810","False","expense","l10n_de_skr49.account_tag_skr49_051,l10n_de_skr49.account_tag_skr49_198,l10n_de_skr49.account_tag_skr49_004","chart_skr49_5810"
"chart_skr49_5820","Personalkosten Übungsleiter, Trainer","5820","False","expense","l10n_de_skr49.account_tag_skr49_048,l10n_de_skr49.account_tag_skr49_187,l10n_de_skr49.account_tag_skr49_004","chart_skr49_5820"
"chart_skr49_5822","Löhne und Gehälter","5822","False","expense","l10n_de_skr49.account_tag_skr49_048,l10n_de_skr49.account_tag_skr49_187,l10n_de_skr49.account_tag_skr49_004","chart_skr49_5822"
"chart_skr49_5823","Aushilfslöhne","5823","False","expense","l10n_de_skr49.account_tag_skr49_048,l10n_de_skr49.account_tag_skr49_187,l10n_de_skr49.account_tag_skr49_004","chart_skr49_5823"
"chart_skr49_5830","Gesetzliche soziale Aufwendungen","5830","False","expense","l10n_de_skr49.account_tag_skr49_048,l10n_de_skr49.account_tag_skr49_188,l10n_de_skr49.account_tag_skr49_004","chart_skr49_5830"
"chart_skr49_5831","Freiwillige soziale Aufwendungen, lohnsteuerpflichtig","5831","False","expense","l10n_de_skr49.account_tag_skr49_048,l10n_de_skr49.account_tag_skr49_187,l10n_de_skr49.account_tag_skr49_004","chart_skr49_5831"
"chart_skr49_5835","Aufwendungen für Altersversorgung","5835","False","expense","l10n_de_skr49.account_tag_skr49_048,l10n_de_skr49.account_tag_skr49_188,l10n_de_skr49.account_tag_skr49_004","chart_skr49_5835"
"chart_skr49_5836","Beiträge zur Berufsgenossenschaft","5836","False","expense","l10n_de_skr49.account_tag_skr49_048,l10n_de_skr49.account_tag_skr49_188,l10n_de_skr49.account_tag_skr49_004","chart_skr49_5836"
"chart_skr49_5840","Abschreibungen auf Sachanlagen","5840","False","expense_depreciation","l10n_de_skr49.account_tag_skr49_052,l10n_de_skr49.account_tag_skr49_199,l10n_de_skr49.account_tag_skr49_004","chart_skr49_5840"
"chart_skr49_5844","Sofortabschreibung geringwertiger Wirtschaftsgüter","5844","False","expense_depreciation","l10n_de_skr49.account_tag_skr49_052,l10n_de_skr49.account_tag_skr49_199,l10n_de_skr49.account_tag_skr49_004","chart_skr49_5844"
"chart_skr49_5845","Abschreibungen auf den Sammelposten Wirtschaftsgüter","5845","False","expense_depreciation","l10n_de_skr49.account_tag_skr49_052,l10n_de_skr49.account_tag_skr49_199,l10n_de_skr49.account_tag_skr49_004","chart_skr49_5845"
"chart_skr49_5848","Kalkulatorische Abschreibungen","5848","False","expense_depreciation","l10n_de_skr49.account_tag_skr49_052,l10n_de_skr49.account_tag_skr49_212,l10n_de_skr49.account_tag_skr49_004","chart_skr49_5848"
"chart_skr49_5849","Verrechnete kalkulatorische Abschreibungen","5849","False","expense_depreciation","l10n_de_skr49.account_tag_skr49_052,l10n_de_skr49.account_tag_skr49_212,l10n_de_skr49.account_tag_skr49_004","chart_skr49_5849"
"chart_skr49_5850","Abschreibungen geleistete Ablösezahlungen","5850","False","expense_depreciation","l10n_de_skr49.account_tag_skr49_052,l10n_de_skr49.account_tag_skr49_199,l10n_de_skr49.account_tag_skr49_004","chart_skr49_5850"
"chart_skr49_5855","Abschreibungen auf Umlaufvermögen,steuerrechtlich bedingt (soweit unüblich hoch)","5855","False","expense_depreciation","l10n_de_skr49.account_tag_skr49_052,l10n_de_skr49.account_tag_skr49_201,l10n_de_skr49.account_tag_skr49_004","chart_skr49_5855"
"chart_skr49_5860","Kosten des Sportunterrichts","5860","False","expense","l10n_de_skr49.account_tag_skr49_053,l10n_de_skr49.account_tag_skr49_213,l10n_de_skr49.account_tag_skr49_004","chart_skr49_5860"
"chart_skr49_5865","Unmittelbare Kosten Darbietungen Jugendlicher und Erwachsener","5865","False","expense","l10n_de_skr49.account_tag_skr49_053,l10n_de_skr49.account_tag_skr49_214,l10n_de_skr49.account_tag_skr49_004","chart_skr49_5865"
"chart_skr49_5870","Sonstige Kosten Teilbereich 5700 Zweckbetrieb Sport 2","5870","False","expense","l10n_de_skr49.account_tag_skr49_053,l10n_de_skr49.account_tag_skr49_215,l10n_de_skr49.account_tag_skr49_004","chart_skr49_5870"
"chart_skr49_5872","Sonstige Kosten sportliche Veranstaltungen","5872","False","expense","l10n_de_skr49.account_tag_skr49_053,l10n_de_skr49.account_tag_skr49_215,l10n_de_skr49.account_tag_skr49_004","chart_skr49_5872"
"chart_skr49_5873","Erlöse aus Verkäufen Sachanlagevermögen(bei Buchverlust)","5873","False","expense","l10n_de_skr49.account_tag_skr49_053,l10n_de_skr49.account_tag_skr49_215,l10n_de_skr49.account_tag_skr49_004","chart_skr49_5873"
"chart_skr49_5874","Sonstige Kosten Jugendhilfe","5874","False","expense","l10n_de_skr49.account_tag_skr49_053,l10n_de_skr49.account_tag_skr49_215,l10n_de_skr49.account_tag_skr49_004","chart_skr49_5874"
"chart_skr49_5875","Einstellungen in steuerliche Rücklagen","5875","False","expense","l10n_de_skr49.account_tag_skr49_053,l10n_de_skr49.account_tag_skr49_215,l10n_de_skr49.account_tag_skr49_004","chart_skr49_5875"
"chart_skr49_5876","Reisekosten","5876","False","expense","l10n_de_skr49.account_tag_skr49_053,l10n_de_skr49.account_tag_skr49_215,l10n_de_skr49.account_tag_skr49_004","chart_skr49_5876"
"chart_skr49_5877","Anlagenabgänge Sachanlagen (Restbuchwert bei Buchverlust)","5877","False","expense","l10n_de_skr49.account_tag_skr49_053,l10n_de_skr49.account_tag_skr49_215,l10n_de_skr49.account_tag_skr49_004","chart_skr49_5877"
"chart_skr49_5878","Betriebskosten Ausstattung, Geräte","5878","False","expense","l10n_de_skr49.account_tag_skr49_053,l10n_de_skr49.account_tag_skr49_215,l10n_de_skr49.account_tag_skr49_004","chart_skr49_5878"
"chart_skr49_5879","Rechts- und Beratungskosten","5879","False","expense","l10n_de_skr49.account_tag_skr49_053,l10n_de_skr49.account_tag_skr49_215,l10n_de_skr49.account_tag_skr49_004","chart_skr49_5879"
"chart_skr49_5880","Nicht abziehbare Vorsteuer","5880","False","expense","l10n_de_skr49.account_tag_skr49_053,l10n_de_skr49.account_tag_skr49_215,l10n_de_skr49.account_tag_skr49_004","chart_skr49_5880"
"chart_skr49_5882","Verrechnungskonto aufzuteilende Posten Teilbereich 5700 Zweckbetrieb Sport 2","5882","False","expense","l10n_de_skr49.account_tag_skr49_053,l10n_de_skr49.account_tag_skr49_215,l10n_de_skr49.account_tag_skr49_004","chart_skr49_5882"
"chart_skr49_5990","Umgebuchte Einnahmen B 5000 - Gegenkonto 8980","5990","False","expense","l10n_de_skr49.account_tag_skr49_053,l10n_de_skr49.account_tag_skr49_216,l10n_de_skr49.account_tag_skr49_004","chart_skr49_5990"
"chart_skr49_5992","Umgebuchte Ausgaben B 5000 - Gegenkonto 8990","5992","False","expense","l10n_de_skr49.account_tag_skr49_053,l10n_de_skr49.account_tag_skr49_216,l10n_de_skr49.account_tag_skr49_004","chart_skr49_5992"
"chart_skr49_6000","Umsatzerlöse","6000","False","income","l10n_de_skr49.account_tag_skr49_049,l10n_de_skr49.account_tag_skr49_005","chart_skr49_6000"
"chart_skr49_6005","Umsatzerlöse 7 % Ust","6005","False","income","l10n_de_skr49.account_tag_skr49_049,l10n_de_skr49.account_tag_skr49_005","chart_skr49_6005"
"chart_skr49_6008","Vermietung Sportanlagen an Mitglieder","6008","False","income","l10n_de_skr49.account_tag_skr49_049,l10n_de_skr49.account_tag_skr49_005","chart_skr49_6008"
"chart_skr49_6010","Eintrittsgelder","6010","False","income","l10n_de_skr49.account_tag_skr49_049,l10n_de_skr49.account_tag_skr49_005","chart_skr49_6010"
"chart_skr49_6012","Zuwendungen Dritter (Sponsoren) 7 % USt","6012","False","income","l10n_de_skr49.account_tag_skr49_049,l10n_de_skr49.account_tag_skr49_005","chart_skr49_6012"
"chart_skr49_6015","Einnahmen aus Programmverkauf","6015","False","income","l10n_de_skr49.account_tag_skr49_049,l10n_de_skr49.account_tag_skr49_005","chart_skr49_6015"
"chart_skr49_6045","Direkt mit dem Umsatz verbundene Steuern","6045","False","income","l10n_de_skr49.account_tag_skr49_049,l10n_de_skr49.account_tag_skr49_005","chart_skr49_6045"
"chart_skr49_6050","Bestandsveränderungen","6050","False","income","l10n_de_skr49.account_tag_skr49_218,l10n_de_skr49.account_tag_skr49_005","chart_skr49_6050"
"chart_skr49_6055","Andere aktivierte Eigenleistungen","6055","False","income","l10n_de_skr49.account_tag_skr49_219,l10n_de_skr49.account_tag_skr49_005","chart_skr49_6055"
"chart_skr49_6059","Aktivierte Eigenleistungen (den Herstellungskosten zurechenbare Fremdkapitalzinsen)","6059","False","income","l10n_de_skr49.account_tag_skr49_219,l10n_de_skr49.account_tag_skr49_005","chart_skr49_6059"
"chart_skr49_6060","Sonstige betriebliche Erträge","6060","False","income","l10n_de_skr49.account_tag_skr49_050,l10n_de_skr49.account_tag_skr49_005","chart_skr49_6060"
"chart_skr49_6065","Einnahmen aus Nebenleistungen","6065","False","income","l10n_de_skr49.account_tag_skr49_049,l10n_de_skr49.account_tag_skr49_005","chart_skr49_6065"
"chart_skr49_6070","Veranstaltungsgebundene Zuschüsse","6070","False","income","l10n_de_skr49.account_tag_skr49_050,l10n_de_skr49.account_tag_skr49_005","chart_skr49_6070"
"chart_skr49_6075","Anteilige verrechnete Einnahmen/Umlagen","6075","False","income","l10n_de_skr49.account_tag_skr49_050,l10n_de_skr49.account_tag_skr49_005","chart_skr49_6075"
"chart_skr49_6080","Erlöse aus Verkäufen Sachanlagevermögen (bei Buchgewinn)","6080","False","income","l10n_de_skr49.account_tag_skr49_050,l10n_de_skr49.account_tag_skr49_005","chart_skr49_6080"
"chart_skr49_6082","Erträge aus der Auflösung einer steuerlichen Rücklage","6082","False","income","l10n_de_skr49.account_tag_skr49_050,l10n_de_skr49.account_tag_skr49_005","chart_skr49_6082"
"chart_skr49_6084","Anlagenabgänge Sachanlagen (Restbuchwert bei Buchgewinn)","6084","False","income","l10n_de_skr49.account_tag_skr49_050,l10n_de_skr49.account_tag_skr49_005","chart_skr49_6084"
"chart_skr49_6085","Unentgeltliche Wertabgaben 7 % USt","6085","False","income","l10n_de_skr49.account_tag_skr49_220,l10n_de_skr49.account_tag_skr49_005","chart_skr49_6085"
"chart_skr49_6170","Aufwendungen für Roh-, Hilfs- und Betriebsstoffe und bezogene Waren","6170","False","expense","l10n_de_skr49.account_tag_skr49_051,l10n_de_skr49.account_tag_skr49_211,l10n_de_skr49.account_tag_skr49_005","chart_skr49_6170"
"chart_skr49_6180","Aufwendungen für bezogene Leistungen","6180","False","expense","l10n_de_skr49.account_tag_skr49_051,l10n_de_skr49.account_tag_skr49_198,l10n_de_skr49.account_tag_skr49_005","chart_skr49_6180"
"chart_skr49_6200","Löhne und Gehälter","6200","False","expense","l10n_de_skr49.account_tag_skr49_048,l10n_de_skr49.account_tag_skr49_187,l10n_de_skr49.account_tag_skr49_005","chart_skr49_6200"
"chart_skr49_6205","Personalkosten übungsleiter","6205","False","expense","l10n_de_skr49.account_tag_skr49_048,l10n_de_skr49.account_tag_skr49_187,l10n_de_skr49.account_tag_skr49_005","chart_skr49_6205"
"chart_skr49_6210","Aufwandsentschädigung ⌡ 3 Nr. 26 EStG","6210","False","expense","l10n_de_skr49.account_tag_skr49_048,l10n_de_skr49.account_tag_skr49_187,l10n_de_skr49.account_tag_skr49_005","chart_skr49_6210"
"chart_skr49_6215","Aushilfslöhne","6215","False","expense","l10n_de_skr49.account_tag_skr49_048,l10n_de_skr49.account_tag_skr49_187,l10n_de_skr49.account_tag_skr49_005","chart_skr49_6215"
"chart_skr49_6250","Gesetzliche soziale Aufwendungen","6250","False","expense","l10n_de_skr49.account_tag_skr49_048,l10n_de_skr49.account_tag_skr49_188,l10n_de_skr49.account_tag_skr49_005","chart_skr49_6250"
"chart_skr49_6251","Beiträge zur Berufsgenossenschaft","6251","False","expense","l10n_de_skr49.account_tag_skr49_048,l10n_de_skr49.account_tag_skr49_188,l10n_de_skr49.account_tag_skr49_005","chart_skr49_6251"
"chart_skr49_6255","Abgeführte Lohnsteuer","6255","False","expense","l10n_de_skr49.account_tag_skr49_048,l10n_de_skr49.account_tag_skr49_187,l10n_de_skr49.account_tag_skr49_005","chart_skr49_6255"
"chart_skr49_6260","Freiwillige soziale Aufwendungen, lohnsteuerpflichtig","6260","False","expense","l10n_de_skr49.account_tag_skr49_048,l10n_de_skr49.account_tag_skr49_187,l10n_de_skr49.account_tag_skr49_005","chart_skr49_6260"
"chart_skr49_6275","Aufwendungen für Altersversorgung","6275","False","expense","l10n_de_skr49.account_tag_skr49_048,l10n_de_skr49.account_tag_skr49_188,l10n_de_skr49.account_tag_skr49_005","chart_skr49_6275"
"chart_skr49_6280","Abschreibungen auf Sachanlagen","6280","False","expense_depreciation","l10n_de_skr49.account_tag_skr49_052,l10n_de_skr49.account_tag_skr49_199,l10n_de_skr49.account_tag_skr49_005","chart_skr49_6280"
"chart_skr49_6285","Sofortabschreibung geringwertiger Wirtschaftsgüter","6285","False","expense_depreciation","l10n_de_skr49.account_tag_skr49_052,l10n_de_skr49.account_tag_skr49_199,l10n_de_skr49.account_tag_skr49_005","chart_skr49_6285"
"chart_skr49_6286","Abschreibungen auf den Sammelposten Wirtschaftsgüter","6286","False","expense_depreciation","l10n_de_skr49.account_tag_skr49_052,l10n_de_skr49.account_tag_skr49_199,l10n_de_skr49.account_tag_skr49_005","chart_skr49_6286"
"chart_skr49_6290","Abschreibungen auf Umlaufvermögen, steuerrechtlich bedingt (soweit unüblich hoch)","6290","False","expense_depreciation","l10n_de_skr49.account_tag_skr49_052,l10n_de_skr49.account_tag_skr49_201,l10n_de_skr49.account_tag_skr49_005","chart_skr49_6290"
"chart_skr49_6295","Kalkulatorische Abschreibungen","6295","False","expense_depreciation","l10n_de_skr49.account_tag_skr49_053,l10n_de_skr49.account_tag_skr49_005","chart_skr49_6295"
"chart_skr49_6297","Verrechnete kalkulatorische Abschreibungen","6297","False","expense_depreciation","l10n_de_skr49.account_tag_skr49_053,l10n_de_skr49.account_tag_skr49_005","chart_skr49_6297"
"chart_skr49_6300","Sonstige betriebliche Aufwendungen","6300","False","expense","l10n_de_skr49.account_tag_skr49_053,l10n_de_skr49.account_tag_skr49_005","chart_skr49_6300"
"chart_skr49_6301","Werbekosten","6301","False","expense","l10n_de_skr49.account_tag_skr49_053,l10n_de_skr49.account_tag_skr49_005","chart_skr49_6301"
"chart_skr49_6302","Reparaturkosten Ausstattung","6302","False","expense","l10n_de_skr49.account_tag_skr49_053,l10n_de_skr49.account_tag_skr49_005","chart_skr49_6302"
"chart_skr49_6303","Transportkosten","6303","False","expense","l10n_de_skr49.account_tag_skr49_053,l10n_de_skr49.account_tag_skr49_005","chart_skr49_6303"
"chart_skr49_6305","Bewirtungskosten (abzugsfähig)","6305","False","expense","l10n_de_skr49.account_tag_skr49_053,l10n_de_skr49.account_tag_skr49_005","chart_skr49_6305"
"chart_skr49_6310","Reisekosten","6310","False","expense","l10n_de_skr49.account_tag_skr49_053,l10n_de_skr49.account_tag_skr49_005","chart_skr49_6310"
"chart_skr49_6315","Reisekosten Arbeitnehmer Verpflegungsmehraufwand","6315","False","expense","l10n_de_skr49.account_tag_skr49_053,l10n_de_skr49.account_tag_skr49_005","chart_skr49_6315"
"chart_skr49_6320","Reisekosten Arbeitnehmer","6320","False","expense","l10n_de_skr49.account_tag_skr49_053,l10n_de_skr49.account_tag_skr49_005","chart_skr49_6320"
"chart_skr49_6321","Reisekosten Arbeitnehmer Übernachtungsaufwand","6321","False","expense","l10n_de_skr49.account_tag_skr49_053,l10n_de_skr49.account_tag_skr49_005","chart_skr49_6321"
"chart_skr49_6322","Reisekosten Arbeitnehmer Fahrtkosten","6322","False","expense","l10n_de_skr49.account_tag_skr49_053,l10n_de_skr49.account_tag_skr49_005","chart_skr49_6322"
"chart_skr49_6325","Kilometergelderstattung Arbeitnehmer","6325","False","expense","l10n_de_skr49.account_tag_skr49_053,l10n_de_skr49.account_tag_skr49_005","chart_skr49_6325"
"chart_skr49_6328","Veranstaltungsabhängige Kosten","6328","False","expense","l10n_de_skr49.account_tag_skr49_053,l10n_de_skr49.account_tag_skr49_005","chart_skr49_6328"
"chart_skr49_6329","Reinigungskosten","6329","False","expense","l10n_de_skr49.account_tag_skr49_053,l10n_de_skr49.account_tag_skr49_005","chart_skr49_6329"
"chart_skr49_6330","Gebäudekosten","6330","False","expense","l10n_de_skr49.account_tag_skr49_053,l10n_de_skr49.account_tag_skr49_005","chart_skr49_6330"
"chart_skr49_6331","Strom","6331","False","expense","l10n_de_skr49.account_tag_skr49_053,l10n_de_skr49.account_tag_skr49_005","chart_skr49_6331"
"chart_skr49_6332","Wasser","6332","False","expense","l10n_de_skr49.account_tag_skr49_053,l10n_de_skr49.account_tag_skr49_005","chart_skr49_6332"
"chart_skr49_6333","Gas, Heizung","6333","False","expense","l10n_de_skr49.account_tag_skr49_053,l10n_de_skr49.account_tag_skr49_005","chart_skr49_6333"
"chart_skr49_6334","Sonstige Raumkosten","6334","False","expense","l10n_de_skr49.account_tag_skr49_053,l10n_de_skr49.account_tag_skr49_005","chart_skr49_6334"
"chart_skr49_6335","Gema-Gebühren","6335","False","expense","l10n_de_skr49.account_tag_skr49_053,l10n_de_skr49.account_tag_skr49_005","chart_skr49_6335"
"chart_skr49_6336","Musikkosten","6336","False","expense","l10n_de_skr49.account_tag_skr49_053,l10n_de_skr49.account_tag_skr49_005","chart_skr49_6336"
"chart_skr49_6339","Miete, Pacht","6339","False","expense","l10n_de_skr49.account_tag_skr49_053,l10n_de_skr49.account_tag_skr49_005","chart_skr49_6339"
"chart_skr49_6340","Verwaltungskosten","6340","False","expense","l10n_de_skr49.account_tag_skr49_053,l10n_de_skr49.account_tag_skr49_005","chart_skr49_6340"
"chart_skr49_6341","Porto, Telefon","6341","False","expense","l10n_de_skr49.account_tag_skr49_053,l10n_de_skr49.account_tag_skr49_005","chart_skr49_6341"
"chart_skr49_6342","Zeitschriften, Bücher (Fachliteratur)","6342","False","expense","l10n_de_skr49.account_tag_skr49_053,l10n_de_skr49.account_tag_skr49_005","chart_skr49_6342"
"chart_skr49_6343","Bürobedarf","6343","False","expense","l10n_de_skr49.account_tag_skr49_053,l10n_de_skr49.account_tag_skr49_005","chart_skr49_6343"
"chart_skr49_6345","Geschenke (abzugsfähig)","6345","False","expense","l10n_de_skr49.account_tag_skr49_053,l10n_de_skr49.account_tag_skr49_005","chart_skr49_6345"
"chart_skr49_6346","Repräsentationskosten","6346","False","expense","l10n_de_skr49.account_tag_skr49_053,l10n_de_skr49.account_tag_skr49_005","chart_skr49_6346"
"chart_skr49_6350","Fahrzeuge, Transportmittel","6350","False","expense","l10n_de_skr49.account_tag_skr49_053,l10n_de_skr49.account_tag_skr49_005","chart_skr49_6350"
"chart_skr49_6353","Kfz-Versicherungen","6353","False","expense","l10n_de_skr49.account_tag_skr49_053,l10n_de_skr49.account_tag_skr49_005","chart_skr49_6353"
"chart_skr49_6355","Verrechnete / aufgeteilte Kosten","6355","False","expense","l10n_de_skr49.account_tag_skr49_053,l10n_de_skr49.account_tag_skr49_005","chart_skr49_6355"
"chart_skr49_6360","Anteilige Zinsaufwendungen","6360","False","expense","l10n_de_skr49.account_tag_skr49_222,l10n_de_skr49.account_tag_skr49_005","chart_skr49_6360"
"chart_skr49_6361","Erlöse aus Verkäufen Sachanlagevermögen (bei Buchverlust)","6361","False","expense","l10n_de_skr49.account_tag_skr49_053,l10n_de_skr49.account_tag_skr49_005","chart_skr49_6361"
"chart_skr49_6362","Einstellungen in steuerliche Rücklagen","6362","False","expense","l10n_de_skr49.account_tag_skr49_053,l10n_de_skr49.account_tag_skr49_005","chart_skr49_6362"
"chart_skr49_6363","Anlagenabgänge Sachanlagen (Restbuchwert bei Buchverlust)","6363","False","expense","l10n_de_skr49.account_tag_skr49_053,l10n_de_skr49.account_tag_skr49_005","chart_skr49_6363"
"chart_skr49_6364","Rechts- und Beratungskosten","6364","False","expense","l10n_de_skr49.account_tag_skr49_053,l10n_de_skr49.account_tag_skr49_005","chart_skr49_6364"
"chart_skr49_6365","Anteilige Umsatzsteuerzahlungen","6365","False","expense","l10n_de_skr49.account_tag_skr49_053,l10n_de_skr49.account_tag_skr49_005","chart_skr49_6365"
"chart_skr49_6375","Abziehbare Vorsteuer","6375","False","expense","l10n_de_skr49.account_tag_skr49_053,l10n_de_skr49.account_tag_skr49_005","chart_skr49_6375"
"chart_skr49_6377","Nicht abziehbare Vorsteuer","6377","False","expense","l10n_de_skr49.account_tag_skr49_053,l10n_de_skr49.account_tag_skr49_005","chart_skr49_6377"
"chart_skr49_6380","Aufzuteilende Vorsteuer","6380","False","expense","l10n_de_skr49.account_tag_skr49_053,l10n_de_skr49.account_tag_skr49_005","chart_skr49_6380"
"chart_skr49_6385","Aufzuteilende Posten Teilbereich 6000 Zweckbetrieb 1","6385","False","expense","l10n_de_skr49.account_tag_skr49_053,l10n_de_skr49.account_tag_skr49_005","chart_skr49_6385"
"chart_skr49_6450","Zinsen und ähnliche Aufwendungen","6450","False","expense","l10n_de_skr49.account_tag_skr49_222,l10n_de_skr49.account_tag_skr49_005","chart_skr49_6450"
"chart_skr49_6475","Sonstige Steuern","6475","False","expense","l10n_de_skr49.account_tag_skr49_223,l10n_de_skr49.account_tag_skr49_005","chart_skr49_6475"
"chart_skr49_6500","Umsatzerlöse","6500","False","income","l10n_de_skr49.account_tag_skr49_049,l10n_de_skr49.account_tag_skr49_006","chart_skr49_6500"
"chart_skr49_6505","Umsatzerlöse 0 % Ust","6505","False","income","l10n_de_skr49.account_tag_skr49_049,l10n_de_skr49.account_tag_skr49_006","chart_skr49_6505"
"chart_skr49_6510","Eintrittsgelder 0 % Ust","6510","False","income","l10n_de_skr49.account_tag_skr49_049,l10n_de_skr49.account_tag_skr49_006","chart_skr49_6510"
"chart_skr49_6515","Einnahmen aus Programmverkauf","6515","False","income","l10n_de_skr49.account_tag_skr49_049,l10n_de_skr49.account_tag_skr49_006","chart_skr49_6515"
"chart_skr49_6520","Einnahmen aus Unterricht i. S. v. ⌡ 4 Nr. 22a UStG","6520","False","income","l10n_de_skr49.account_tag_skr49_049,l10n_de_skr49.account_tag_skr49_006","chart_skr49_6520"
"chart_skr49_6525","Einnahmen kulturelle Veranstaltungen Jugendhilfe","6525","False","income","l10n_de_skr49.account_tag_skr49_049,l10n_de_skr49.account_tag_skr49_006","chart_skr49_6525"
"chart_skr49_6545","Direkt mit dem Umsatz verbundene Steuern","6545","False","income","l10n_de_skr49.account_tag_skr49_049,l10n_de_skr49.account_tag_skr49_006","chart_skr49_6545"
"chart_skr49_6550","Bestandsveränderung","6550","False","income_other","l10n_de_skr49.account_tag_skr49_218,l10n_de_skr49.account_tag_skr49_006","chart_skr49_6550"
"chart_skr49_6555","Andere aktivierte Eigenleistungen","6555","False","income_other","l10n_de_skr49.account_tag_skr49_219,l10n_de_skr49.account_tag_skr49_006","chart_skr49_6555"
"chart_skr49_6559","Aktivierte Eigenleistungen (den Herstellungskosten zurechenbare Fremdkapitalzinsen)","6559","False","income_other","l10n_de_skr49.account_tag_skr49_219,l10n_de_skr49.account_tag_skr49_006","chart_skr49_6559"
"chart_skr49_6560","Sonstige betriebliche Erträge","6560","False","income_other","l10n_de_skr49.account_tag_skr49_050,l10n_de_skr49.account_tag_skr49_006","chart_skr49_6560"
"chart_skr49_6565","Einnahmen aus Nebenleistungen","6565","False","income","l10n_de_skr49.account_tag_skr49_049,l10n_de_skr49.account_tag_skr49_006","chart_skr49_6565"
"chart_skr49_6570","Veranstaltungsgebundene Zuschüsse","6570","False","income_other","l10n_de_skr49.account_tag_skr49_050,l10n_de_skr49.account_tag_skr49_006","chart_skr49_6570"
"chart_skr49_6575","Anteilige verrechnete Einnahmen/Umlagen","6575","False","income_other","l10n_de_skr49.account_tag_skr49_050,l10n_de_skr49.account_tag_skr49_006","chart_skr49_6575"
"chart_skr49_6580","Erlöse aus Verkäufen Sachanlagevermögen (bei Buchgewinn)","6580","False","income_other","l10n_de_skr49.account_tag_skr49_050,l10n_de_skr49.account_tag_skr49_006","chart_skr49_6580"
"chart_skr49_6582","Erträge aus der Auflösung einer steuerlichen Rücklage","6582","False","income_other","l10n_de_skr49.account_tag_skr49_050,l10n_de_skr49.account_tag_skr49_006","chart_skr49_6582"
"chart_skr49_6584","Anlagenabgänge Sachanlagen (Restbuchwert bei Buchgewinn)","6584","False","income_other","l10n_de_skr49.account_tag_skr49_050,l10n_de_skr49.account_tag_skr49_006","chart_skr49_6584"
"chart_skr49_6585","Unentgeltliche Wertabgaben 0 % USt","6585","False","income","l10n_de_skr49.account_tag_skr49_220,l10n_de_skr49.account_tag_skr49_006","chart_skr49_6585"
"chart_skr49_6670","Aufwendungen für Roh-, Hilfs- und Betriebsstoffe und bezogene Waren","6670","False","expense","l10n_de_skr49.account_tag_skr49_051,l10n_de_skr49.account_tag_skr49_211,l10n_de_skr49.account_tag_skr49_006","chart_skr49_6670"
"chart_skr49_6680","Aufwendungen für bezogene Leistungen","6680","False","expense","l10n_de_skr49.account_tag_skr49_051,l10n_de_skr49.account_tag_skr49_198,l10n_de_skr49.account_tag_skr49_006","chart_skr49_6680"
"chart_skr49_6700","Löhne und Gehälter","6700","False","expense","l10n_de_skr49.account_tag_skr49_048,l10n_de_skr49.account_tag_skr49_187,l10n_de_skr49.account_tag_skr49_006","chart_skr49_6700"
"chart_skr49_6705","Personalkosten übungsleiter","6705","False","expense","l10n_de_skr49.account_tag_skr49_048,l10n_de_skr49.account_tag_skr49_187,l10n_de_skr49.account_tag_skr49_006","chart_skr49_6705"
"chart_skr49_6710","Aufwandsentschädigung ⌡ 3 Nr. 26 EStG","6710","False","expense","l10n_de_skr49.account_tag_skr49_048,l10n_de_skr49.account_tag_skr49_187,l10n_de_skr49.account_tag_skr49_006","chart_skr49_6710"
"chart_skr49_6715","Aushilfslöhne","6715","False","expense","l10n_de_skr49.account_tag_skr49_048,l10n_de_skr49.account_tag_skr49_187,l10n_de_skr49.account_tag_skr49_006","chart_skr49_6715"
"chart_skr49_6750","Gesetzliche soziale Aufwendungen","6750","False","expense","l10n_de_skr49.account_tag_skr49_048,l10n_de_skr49.account_tag_skr49_188,l10n_de_skr49.account_tag_skr49_006","chart_skr49_6750"
"chart_skr49_6751","Beiträge zur Berufsgenossenschaft","6751","False","expense","l10n_de_skr49.account_tag_skr49_048,l10n_de_skr49.account_tag_skr49_188,l10n_de_skr49.account_tag_skr49_006","chart_skr49_6751"
"chart_skr49_6755","Abgeführte Lohnsteuer","6755","False","expense","l10n_de_skr49.account_tag_skr49_048,l10n_de_skr49.account_tag_skr49_187,l10n_de_skr49.account_tag_skr49_006","chart_skr49_6755"
"chart_skr49_6760","Freiwillige soziale Aufwendungen, lohnsteuerpflichtig","6760","False","expense","l10n_de_skr49.account_tag_skr49_048,l10n_de_skr49.account_tag_skr49_187,l10n_de_skr49.account_tag_skr49_006","chart_skr49_6760"
"chart_skr49_6775","Aufwendungen für Altersversorgung","6775","False","expense","l10n_de_skr49.account_tag_skr49_048,l10n_de_skr49.account_tag_skr49_188,l10n_de_skr49.account_tag_skr49_006","chart_skr49_6775"
"chart_skr49_6780","Abschreibungen auf Sachanlagen","6780","False","expense_depreciation","l10n_de_skr49.account_tag_skr49_052,l10n_de_skr49.account_tag_skr49_199,l10n_de_skr49.account_tag_skr49_006","chart_skr49_6780"
"chart_skr49_6785","Sofortabschreibung geringwertiger Wirtschaftsgüter","6785","False","expense_depreciation","l10n_de_skr49.account_tag_skr49_052,l10n_de_skr49.account_tag_skr49_199,l10n_de_skr49.account_tag_skr49_006","chart_skr49_6785"
"chart_skr49_6786","Abschreibungen auf Sammelposten Wirtschaftsgüter","6786","False","expense_depreciation","l10n_de_skr49.account_tag_skr49_052,l10n_de_skr49.account_tag_skr49_199,l10n_de_skr49.account_tag_skr49_006","chart_skr49_6786"
"chart_skr49_6790","Abschreibungen auf Umlaufvermögen, steuerrechtlich bedingt (soweit unüblich hoch)","6790","False","expense_depreciation","l10n_de_skr49.account_tag_skr49_052,l10n_de_skr49.account_tag_skr49_201,l10n_de_skr49.account_tag_skr49_006","chart_skr49_6790"
"chart_skr49_6795","Kalkulatorische Abschreibungen","6795","False","expense_depreciation","l10n_de_skr49.account_tag_skr49_053,l10n_de_skr49.account_tag_skr49_006","chart_skr49_6795"
"chart_skr49_6797","Verrechnete kalkulatorische Abschreibungen","6797","False","expense_depreciation","l10n_de_skr49.account_tag_skr49_053,l10n_de_skr49.account_tag_skr49_006","chart_skr49_6797"
"chart_skr49_6800","Sonstige betriebliche Aufwendungen","6800","False","expense","l10n_de_skr49.account_tag_skr49_053,l10n_de_skr49.account_tag_skr49_006","chart_skr49_6800"
"chart_skr49_6805","Bewirtungskosten (abzugsfähig)","6805","False","expense","l10n_de_skr49.account_tag_skr49_053,l10n_de_skr49.account_tag_skr49_006","chart_skr49_6805"
"chart_skr49_6810","Reisekosten","6810","False","expense","l10n_de_skr49.account_tag_skr49_053,l10n_de_skr49.account_tag_skr49_006","chart_skr49_6810"
"chart_skr49_6815","Reisekosten Arbeitnehmer Verpflegungsmehraufwand","6815","False","expense","l10n_de_skr49.account_tag_skr49_053,l10n_de_skr49.account_tag_skr49_006","chart_skr49_6815"
"chart_skr49_6820","Reisekosten Arbeitnehmer","6820","False","expense","l10n_de_skr49.account_tag_skr49_053,l10n_de_skr49.account_tag_skr49_006","chart_skr49_6820"
"chart_skr49_6821","Reisekosten Arbeitnehmer Übernachtungsaufwand","6821","False","expense","l10n_de_skr49.account_tag_skr49_053,l10n_de_skr49.account_tag_skr49_006","chart_skr49_6821"
"chart_skr49_6822","Reisekosten Arbeitnehmer Fahrtkosten","6822","False","expense","l10n_de_skr49.account_tag_skr49_053,l10n_de_skr49.account_tag_skr49_006","chart_skr49_6822"
"chart_skr49_6825","Kilometergelderstattung Arbeitnehmer","6825","False","expense","l10n_de_skr49.account_tag_skr49_053,l10n_de_skr49.account_tag_skr49_006","chart_skr49_6825"
"chart_skr49_6830","Gebäudekosten","6830","False","expense","l10n_de_skr49.account_tag_skr49_053,l10n_de_skr49.account_tag_skr49_006","chart_skr49_6830"
"chart_skr49_6831","Strom","6831","False","expense","l10n_de_skr49.account_tag_skr49_053,l10n_de_skr49.account_tag_skr49_006","chart_skr49_6831"
"chart_skr49_6832","Wasser","6832","False","expense","l10n_de_skr49.account_tag_skr49_053,l10n_de_skr49.account_tag_skr49_006","chart_skr49_6832"
"chart_skr49_6833","Gas, Heizung","6833","False","expense","l10n_de_skr49.account_tag_skr49_053,l10n_de_skr49.account_tag_skr49_006","chart_skr49_6833"
"chart_skr49_6834","Sonstige Raumkosten","6834","False","expense","l10n_de_skr49.account_tag_skr49_053,l10n_de_skr49.account_tag_skr49_006","chart_skr49_6834"
"chart_skr49_6835","Gema-Gebühren","6835","False","expense","l10n_de_skr49.account_tag_skr49_053,l10n_de_skr49.account_tag_skr49_006","chart_skr49_6835"
"chart_skr49_6839","Miete, Pacht","6839","False","expense","l10n_de_skr49.account_tag_skr49_053,l10n_de_skr49.account_tag_skr49_006","chart_skr49_6839"
"chart_skr49_6840","Verwaltungskosten","6840","False","expense","l10n_de_skr49.account_tag_skr49_053,l10n_de_skr49.account_tag_skr49_006","chart_skr49_6840"
"chart_skr49_6841","Porto, Telefon,","6841","False","expense","l10n_de_skr49.account_tag_skr49_053,l10n_de_skr49.account_tag_skr49_006","chart_skr49_6841"
"chart_skr49_6842","Bürobedarf","6842","False","expense","l10n_de_skr49.account_tag_skr49_053,l10n_de_skr49.account_tag_skr49_006","chart_skr49_6842"
"chart_skr49_6845","Geschenke (abzugsfähig)","6845","False","expense","l10n_de_skr49.account_tag_skr49_053,l10n_de_skr49.account_tag_skr49_006","chart_skr49_6845"
"chart_skr49_6850","Fahrzeuge, Transportmittel","6850","False","expense","l10n_de_skr49.account_tag_skr49_053,l10n_de_skr49.account_tag_skr49_006","chart_skr49_6850"
"chart_skr49_6853","Kfz-Versicherungen","6853","False","expense","l10n_de_skr49.account_tag_skr49_053,l10n_de_skr49.account_tag_skr49_006","chart_skr49_6853"
"chart_skr49_6855","Verrechnete / aufgeteilte Kosten","6855","False","expense","l10n_de_skr49.account_tag_skr49_053,l10n_de_skr49.account_tag_skr49_006","chart_skr49_6855"
"chart_skr49_6860","Anteilige Zinsaufwendungen","6860","False","expense","l10n_de_skr49.account_tag_skr49_222,l10n_de_skr49.account_tag_skr49_006","chart_skr49_6860"
"chart_skr49_6861","Erlöse aus Verkäufen Sachanlagevermögen (bei Buchverlust)","6861","False","expense","l10n_de_skr49.account_tag_skr49_053,l10n_de_skr49.account_tag_skr49_006","chart_skr49_6861"
"chart_skr49_6862","Einstellungen in steuerliche Rücklagen","6862","False","expense","l10n_de_skr49.account_tag_skr49_053,l10n_de_skr49.account_tag_skr49_006","chart_skr49_6862"
"chart_skr49_6863","Anlagenabgänge Sachanlagen (Restbuchwert bei Buchverlust)","6863","False","expense","l10n_de_skr49.account_tag_skr49_053,l10n_de_skr49.account_tag_skr49_006","chart_skr49_6863"
"chart_skr49_6864","Rechts- und Beratungskosten","6864","False","expense","l10n_de_skr49.account_tag_skr49_053,l10n_de_skr49.account_tag_skr49_006","chart_skr49_6864"
"chart_skr49_6865","Anteilige Umsatzsteuerzahlungen","6865","False","expense","l10n_de_skr49.account_tag_skr49_053,l10n_de_skr49.account_tag_skr49_006","chart_skr49_6865"
"chart_skr49_6875","Abziehbare Vorsteuer","6875","False","expense","l10n_de_skr49.account_tag_skr49_053,l10n_de_skr49.account_tag_skr49_006","chart_skr49_6875"
"chart_skr49_6877","Nicht abziehbare Vorsteuer","6877","False","expense","l10n_de_skr49.account_tag_skr49_053,l10n_de_skr49.account_tag_skr49_006","chart_skr49_6877"
"chart_skr49_6880","Aufzuteilende Vorsteuer","6880","False","expense","l10n_de_skr49.account_tag_skr49_053,l10n_de_skr49.account_tag_skr49_006","chart_skr49_6880"
"chart_skr49_6885","Aufzuteilende Posten Teilbereich 6500 Zweckbetrieb 2","6885","False","expense","l10n_de_skr49.account_tag_skr49_053,l10n_de_skr49.account_tag_skr49_006","chart_skr49_6885"
"chart_skr49_6890","Kosten des Unterrichts","6890","False","expense","l10n_de_skr49.account_tag_skr49_053,l10n_de_skr49.account_tag_skr49_006","chart_skr49_6890"
"chart_skr49_6895","Kosten Darbietung Jugendlicher und Erwachsener","6895","False","expense","l10n_de_skr49.account_tag_skr49_053,l10n_de_skr49.account_tag_skr49_006","chart_skr49_6895"
"chart_skr49_6950","Zinsen und ähnliche Aufwendungen","6950","False","expense","l10n_de_skr49.account_tag_skr49_222,l10n_de_skr49.account_tag_skr49_006","chart_skr49_6950"
"chart_skr49_6975","Sonstige steuern","6975","False","expense","l10n_de_skr49.account_tag_skr49_223,l10n_de_skr49.account_tag_skr49_006","chart_skr49_6975"
"chart_skr49_6990","Umgebuchte Einnahmen B 6000 (Gegenkonto 8980)","6990","False","income_other","l10n_de_skr49.account_tag_skr49_216,l10n_de_skr49.account_tag_skr49_006","chart_skr49_6990"
"chart_skr49_6992","Umgebuchte Ausgaben B 6000 (Gegenkonto 8990)","6992","False","income_other","l10n_de_skr49.account_tag_skr49_216,l10n_de_skr49.account_tag_skr49_006","chart_skr49_6992"
"chart_skr49_7000","Einnahmen aus Geschäftsbetrieben Sport","7000","False","income","l10n_de_skr49.account_tag_skr49_049,l10n_de_skr49.account_tag_skr49_224,l10n_de_skr49.account_tag_skr49_007","chart_skr49_7000"
"chart_skr49_7002","Einnahmen 19 % USt Sport 3","7002","False","income","l10n_de_skr49.account_tag_skr49_049,l10n_de_skr49.account_tag_skr49_224,l10n_de_skr49.account_tag_skr49_007","chart_skr49_7002"
"chart_skr49_7004","Eintritt aus Wettkämpfen 19 % USt","7004","False","income","l10n_de_skr49.account_tag_skr49_049,l10n_de_skr49.account_tag_skr49_224,l10n_de_skr49.account_tag_skr49_007","chart_skr49_7004"
"chart_skr49_7006","Eintritt aus Fußballspielen 19 % USt","7006","False","income","l10n_de_skr49.account_tag_skr49_049,l10n_de_skr49.account_tag_skr49_224,l10n_de_skr49.account_tag_skr49_007","chart_skr49_7006"
"chart_skr49_7008","Eintritt aus Sportturnieren 19 % USt","7008","False","income","l10n_de_skr49.account_tag_skr49_049,l10n_de_skr49.account_tag_skr49_224,l10n_de_skr49.account_tag_skr49_007","chart_skr49_7008"
"chart_skr49_7010","Eintritt aus sonstigen Sportveranstaltungen 19 % Ust","7010","False","income","l10n_de_skr49.account_tag_skr49_049,l10n_de_skr49.account_tag_skr49_224,l10n_de_skr49.account_tag_skr49_007","chart_skr49_7010"
"chart_skr49_7012","Zuwendungen Dritter (Sponsoren) 19 % USt","7012","False","income","l10n_de_skr49.account_tag_skr49_049,l10n_de_skr49.account_tag_skr49_224,l10n_de_skr49.account_tag_skr49_007","chart_skr49_7012"
"chart_skr49_7021","Eintrittsgelder aus Sport 1 (19 % USt)","7021","False","income","l10n_de_skr49.account_tag_skr49_049,l10n_de_skr49.account_tag_skr49_224,l10n_de_skr49.account_tag_skr49_007","chart_skr49_7021"
"chart_skr49_7022","Eintrittsgelder aus Sport 2 (19 % USt)","7022","False","income","l10n_de_skr49.account_tag_skr49_049,l10n_de_skr49.account_tag_skr49_224,l10n_de_skr49.account_tag_skr49_007","chart_skr49_7022"
"chart_skr49_7023","Eintrittsgelder aus Sport 3 (19 % USt)","7023","False","income","l10n_de_skr49.account_tag_skr49_049,l10n_de_skr49.account_tag_skr49_224,l10n_de_skr49.account_tag_skr49_007","chart_skr49_7023"
"chart_skr49_7050","Einnahmen aus Fußballspielen mit Lizenzspielern","7050","False","income","l10n_de_skr49.account_tag_skr49_049,l10n_de_skr49.account_tag_skr49_225,l10n_de_skr49.account_tag_skr49_007","chart_skr49_7050"
"chart_skr49_7052","Eintrittsgelder 19 % USt","7052","False","income","l10n_de_skr49.account_tag_skr49_049,l10n_de_skr49.account_tag_skr49_225,l10n_de_skr49.account_tag_skr49_007","chart_skr49_7052"
"chart_skr49_7054","Einnahmen aus Ablösesummen 19 % Ust","7054","False","income","l10n_de_skr49.account_tag_skr49_049,l10n_de_skr49.account_tag_skr49_225,l10n_de_skr49.account_tag_skr49_007","chart_skr49_7054"
"chart_skr49_7100","Sonstige Einnahmen Geschäftsbetrieb Sport 3","7100","False","income","l10n_de_skr49.account_tag_skr49_049,l10n_de_skr49.account_tag_skr49_195,l10n_de_skr49.account_tag_skr49_007","chart_skr49_7100"
"chart_skr49_7102","Anteilige verrechnete Einnahmen","7102","False","income","l10n_de_skr49.account_tag_skr49_049,l10n_de_skr49.account_tag_skr49_195,l10n_de_skr49.account_tag_skr49_007","chart_skr49_7102"
"chart_skr49_7104","Sonstige Erträge","7104","False","income","l10n_de_skr49.account_tag_skr49_049,l10n_de_skr49.account_tag_skr49_195,l10n_de_skr49.account_tag_skr49_007","chart_skr49_7104"
"chart_skr49_7106","Einnahmen aus Sportkursen/-lehrgängen mit bezahlten Sportlern","7106","False","income","l10n_de_skr49.account_tag_skr49_049,l10n_de_skr49.account_tag_skr49_195,l10n_de_skr49.account_tag_skr49_007","chart_skr49_7106"
"chart_skr49_7150","Einnahmen aus Ablöse bezahlter Sportler 19 % Ust","7150","False","income","l10n_de_skr49.account_tag_skr49_049,l10n_de_skr49.account_tag_skr49_195,l10n_de_skr49.account_tag_skr49_007","chart_skr49_7150"
"chart_skr49_7152","Erlöse aus Verkäufen Sachanlagevermögen (bei Buchgewinn) Teilbereich 7000","7152","False","income_other","l10n_de_skr49.account_tag_skr49_050,l10n_de_skr49.account_tag_skr49_007","chart_skr49_7152"
"chart_skr49_7153","Anlagenabgänge Sachanlagen (Restbuchwert bei Buchgewinn)","7153","False","income_other","l10n_de_skr49.account_tag_skr49_050,l10n_de_skr49.account_tag_skr49_007","chart_skr49_7153"
"chart_skr49_7154","Einnahmen aus Nebenleistungen","7154","False","income","l10n_de_skr49.account_tag_skr49_049,l10n_de_skr49.account_tag_skr49_195,l10n_de_skr49.account_tag_skr49_007","chart_skr49_7154"
"chart_skr49_7160","Erträge aus der Auflösung einer steuerlichen Rücklage","7160","False","income_other","l10n_de_skr49.account_tag_skr49_050,l10n_de_skr49.account_tag_skr49_007","chart_skr49_7160"
"chart_skr49_7190","Erträge aus Zuschreibungen des Sachanlagevermögen","7190","False","income_other","l10n_de_skr49.account_tag_skr49_050,l10n_de_skr49.account_tag_skr49_007","chart_skr49_7190"
"chart_skr49_7200","Aufwendungen für Roh-, Hilfs- und Betriebsstoffe und bezogene Waren","7200","False","expense","l10n_de_skr49.account_tag_skr49_051,l10n_de_skr49.account_tag_skr49_211,l10n_de_skr49.account_tag_skr49_007","chart_skr49_7200"
"chart_skr49_7210","Aufwendungen für bezogene Leistungen","7210","False","expense","l10n_de_skr49.account_tag_skr49_051,l10n_de_skr49.account_tag_skr49_198,l10n_de_skr49.account_tag_skr49_007","chart_skr49_7210"
"chart_skr49_7220","Vergütungen an Sportler","7220","False","expense","l10n_de_skr49.account_tag_skr49_048,l10n_de_skr49.account_tag_skr49_187,l10n_de_skr49.account_tag_skr49_007","chart_skr49_7220"
"chart_skr49_7224","Vergütungen i. S. v. ⌡ 67a Abs. 3 Satz 3 AO","7224","False","expense","l10n_de_skr49.account_tag_skr49_048,l10n_de_skr49.account_tag_skr49_187,l10n_de_skr49.account_tag_skr49_007","chart_skr49_7224"
"chart_skr49_7226","Sportvergütungen an Aktive","7226","False","expense","l10n_de_skr49.account_tag_skr49_048,l10n_de_skr49.account_tag_skr49_187,l10n_de_skr49.account_tag_skr49_007","chart_skr49_7226"
"chart_skr49_7228","Sonstige Vergütungen aktive Mitglieder","7228","False","expense","l10n_de_skr49.account_tag_skr49_048,l10n_de_skr49.account_tag_skr49_187,l10n_de_skr49.account_tag_skr49_007","chart_skr49_7228"
"chart_skr49_7232","Personalkosten Trainer, Übungsleiter","7232","False","expense","l10n_de_skr49.account_tag_skr49_048,l10n_de_skr49.account_tag_skr49_187,l10n_de_skr49.account_tag_skr49_007","chart_skr49_7232"
"chart_skr49_7234","Löhne und Gehälter","7234","False","expense","l10n_de_skr49.account_tag_skr49_048,l10n_de_skr49.account_tag_skr49_187,l10n_de_skr49.account_tag_skr49_007","chart_skr49_7234"
"chart_skr49_7236","Aushilfslöhne","7236","False","expense","l10n_de_skr49.account_tag_skr49_048,l10n_de_skr49.account_tag_skr49_187,l10n_de_skr49.account_tag_skr49_007","chart_skr49_7236"
"chart_skr49_7250","Gesetzliche soziale Aufwendungen","7250","False","expense","l10n_de_skr49.account_tag_skr49_048,l10n_de_skr49.account_tag_skr49_188,l10n_de_skr49.account_tag_skr49_007","chart_skr49_7250"
"chart_skr49_7251","Beiträge zur Berufsgenossenschaft","7251","False","expense","l10n_de_skr49.account_tag_skr49_048,l10n_de_skr49.account_tag_skr49_188,l10n_de_skr49.account_tag_skr49_007","chart_skr49_7251"
"chart_skr49_7252","Abgeführte Lohnsteuer","7252","False","expense","l10n_de_skr49.account_tag_skr49_048,l10n_de_skr49.account_tag_skr49_187,l10n_de_skr49.account_tag_skr49_007","chart_skr49_7252"
"chart_skr49_7260","Freiwillige soziale Aufwendungen, lohnsteuerpflichtig","7260","False","expense","l10n_de_skr49.account_tag_skr49_048,l10n_de_skr49.account_tag_skr49_187,l10n_de_skr49.account_tag_skr49_007","chart_skr49_7260"
"chart_skr49_7265","Aufwendungen für Altersversorgung","7265","False","expense","l10n_de_skr49.account_tag_skr49_048,l10n_de_skr49.account_tag_skr49_188,l10n_de_skr49.account_tag_skr49_007","chart_skr49_7265"
"chart_skr49_7270","Abschreibungen auf Sachanlagen","7270","False","expense_depreciation","l10n_de_skr49.account_tag_skr49_052,l10n_de_skr49.account_tag_skr49_199,l10n_de_skr49.account_tag_skr49_007","chart_skr49_7270"
"chart_skr49_7274","Sofortabschreibung geringwertiger Wirtschaftsgüter","7274","False","expense_depreciation","l10n_de_skr49.account_tag_skr49_052,l10n_de_skr49.account_tag_skr49_199,l10n_de_skr49.account_tag_skr49_007","chart_skr49_7274"
"chart_skr49_7275","Abschreibungen auf den Sammelposten Wirtschaftsgüter","7275","False","expense_depreciation","l10n_de_skr49.account_tag_skr49_052,l10n_de_skr49.account_tag_skr49_199,l10n_de_skr49.account_tag_skr49_007","chart_skr49_7275"
"chart_skr49_7278","Kalkulatorische Abschreibungen","7278","False","expense_depreciation","l10n_de_skr49.account_tag_skr49_052,l10n_de_skr49.account_tag_skr49_215,l10n_de_skr49.account_tag_skr49_007","chart_skr49_7278"
"chart_skr49_7279","Verrechnete kalkulatorische Abschreibungen","7279","False","expense_depreciation","l10n_de_skr49.account_tag_skr49_052,l10n_de_skr49.account_tag_skr49_215,l10n_de_skr49.account_tag_skr49_007","chart_skr49_7279"
"chart_skr49_7280","Abschreibungen auf Umlaufvermögen, steuerrechtlich bedingt (soweit unüblich hoch)","7280","False","expense_depreciation","l10n_de_skr49.account_tag_skr49_052,l10n_de_skr49.account_tag_skr49_201,l10n_de_skr49.account_tag_skr49_007","chart_skr49_7280"
"chart_skr49_7300","Reisekosten","7300","False","expense","l10n_de_skr49.account_tag_skr49_053,l10n_de_skr49.account_tag_skr49_202,l10n_de_skr49.account_tag_skr49_007","chart_skr49_7300"
"chart_skr49_7302","Reisekosten Arbeitnehmer Verpflegungsmehraufwand","7302","False","expense","l10n_de_skr49.account_tag_skr49_053,l10n_de_skr49.account_tag_skr49_202,l10n_de_skr49.account_tag_skr49_007","chart_skr49_7302"
"chart_skr49_7304","Reisekosten Arbeitnehmer","7304","False","expense","l10n_de_skr49.account_tag_skr49_053,l10n_de_skr49.account_tag_skr49_202,l10n_de_skr49.account_tag_skr49_007","chart_skr49_7304"
"chart_skr49_7305","Reisekosten Arbeitnehmer Übernachtungsaufwand","7305","False","expense","l10n_de_skr49.account_tag_skr49_053,l10n_de_skr49.account_tag_skr49_202,l10n_de_skr49.account_tag_skr49_007","chart_skr49_7305"
"chart_skr49_7306","Kilometergelderstattung Arbeitnehmer","7306","False","expense","l10n_de_skr49.account_tag_skr49_053,l10n_de_skr49.account_tag_skr49_202,l10n_de_skr49.account_tag_skr49_007","chart_skr49_7306"
"chart_skr49_7307","Reisekosten Arbeitnehmer Fahrtkosten","7307","False","expense","l10n_de_skr49.account_tag_skr49_053,l10n_de_skr49.account_tag_skr49_202,l10n_de_skr49.account_tag_skr49_007","chart_skr49_7307"
"chart_skr49_7308","Sonstiger Reisekostenersatz","7308","False","expense","l10n_de_skr49.account_tag_skr49_053,l10n_de_skr49.account_tag_skr49_202,l10n_de_skr49.account_tag_skr49_007","chart_skr49_7308"
"chart_skr49_7310","Kostenerstattung an Gastmannschaften","7310","False","expense","l10n_de_skr49.account_tag_skr49_053,l10n_de_skr49.account_tag_skr49_202,l10n_de_skr49.account_tag_skr49_007","chart_skr49_7310"
"chart_skr49_7312","Sonstige Vergütungen","7312","False","expense","l10n_de_skr49.account_tag_skr49_053,l10n_de_skr49.account_tag_skr49_202,l10n_de_skr49.account_tag_skr49_007","chart_skr49_7312"
"chart_skr49_7314","Aufwand für andere Vorteile","7314","False","expense","l10n_de_skr49.account_tag_skr49_053,l10n_de_skr49.account_tag_skr49_202,l10n_de_skr49.account_tag_skr49_007","chart_skr49_7314"
"chart_skr49_7316","Gezahlte Preisgelder an bezahlte Sportler","7316","False","expense","l10n_de_skr49.account_tag_skr49_053,l10n_de_skr49.account_tag_skr49_202,l10n_de_skr49.account_tag_skr49_007","chart_skr49_7316"
"chart_skr49_7318","Aufwandsersatz","7318","False","expense","l10n_de_skr49.account_tag_skr49_053,l10n_de_skr49.account_tag_skr49_202,l10n_de_skr49.account_tag_skr49_007","chart_skr49_7318"
"chart_skr49_7320","Anteilige Aufwandspauschale Teilbereich 7000 Geschäftsbetrieb Sport","7320","False","expense","l10n_de_skr49.account_tag_skr49_053,l10n_de_skr49.account_tag_skr49_202,l10n_de_skr49.account_tag_skr49_007","chart_skr49_7320"
"chart_skr49_7350","Sonstige veranstaltungsabhängige Kosten","7350","False","expense","l10n_de_skr49.account_tag_skr49_053,l10n_de_skr49.account_tag_skr49_226,l10n_de_skr49.account_tag_skr49_007","chart_skr49_7350"
"chart_skr49_7352","Reisekostenerstattung an Nichtaktive","7352","False","expense","l10n_de_skr49.account_tag_skr49_053,l10n_de_skr49.account_tag_skr49_226,l10n_de_skr49.account_tag_skr49_007","chart_skr49_7352"
"chart_skr49_7354","Transportkosten","7354","False","expense","l10n_de_skr49.account_tag_skr49_053,l10n_de_skr49.account_tag_skr49_226,l10n_de_skr49.account_tag_skr49_007","chart_skr49_7354"
"chart_skr49_7356","Abgaben","7356","False","expense","l10n_de_skr49.account_tag_skr49_053,l10n_de_skr49.account_tag_skr49_226,l10n_de_skr49.account_tag_skr49_007","chart_skr49_7356"
"chart_skr49_7358","Sonstige Kosten","7358","False","expense","l10n_de_skr49.account_tag_skr49_053,l10n_de_skr49.account_tag_skr49_226,l10n_de_skr49.account_tag_skr49_007","chart_skr49_7358"
"chart_skr49_7380","Kosten der Sportanlagen","7380","False","expense","l10n_de_skr49.account_tag_skr49_053,l10n_de_skr49.account_tag_skr49_203,l10n_de_skr49.account_tag_skr49_007","chart_skr49_7380"
"chart_skr49_7384","Miete, Pacht","7384","False","expense","l10n_de_skr49.account_tag_skr49_053,l10n_de_skr49.account_tag_skr49_203,l10n_de_skr49.account_tag_skr49_007","chart_skr49_7384"
"chart_skr49_7385","Strom","7385","False","expense","l10n_de_skr49.account_tag_skr49_053,l10n_de_skr49.account_tag_skr49_203,l10n_de_skr49.account_tag_skr49_007","chart_skr49_7385"
"chart_skr49_7386","Wasser","7386","False","expense","l10n_de_skr49.account_tag_skr49_053,l10n_de_skr49.account_tag_skr49_203,l10n_de_skr49.account_tag_skr49_007","chart_skr49_7386"
"chart_skr49_7387","Gas, Heizung","7387","False","expense","l10n_de_skr49.account_tag_skr49_053,l10n_de_skr49.account_tag_skr49_203,l10n_de_skr49.account_tag_skr49_007","chart_skr49_7387"
"chart_skr49_7388","Reparaturen","7388","False","expense","l10n_de_skr49.account_tag_skr49_053,l10n_de_skr49.account_tag_skr49_203,l10n_de_skr49.account_tag_skr49_007","chart_skr49_7388"
"chart_skr49_7400","Allgemeine Kosten des Sportbetriebs","7400","False","expense","l10n_de_skr49.account_tag_skr49_053,l10n_de_skr49.account_tag_skr49_204,l10n_de_skr49.account_tag_skr49_007","chart_skr49_7400"
"chart_skr49_7404","Verwaltungskosten","7404","False","expense","l10n_de_skr49.account_tag_skr49_053,l10n_de_skr49.account_tag_skr49_204,l10n_de_skr49.account_tag_skr49_007","chart_skr49_7404"
"chart_skr49_7406","Reisekostenerstattung","7406","False","expense","l10n_de_skr49.account_tag_skr49_053,l10n_de_skr49.account_tag_skr49_204,l10n_de_skr49.account_tag_skr49_007","chart_skr49_7406"
"chart_skr49_7408","Reisekosten Arbeitnehmer Verpflegungsmehraufwand","7408","False","expense","l10n_de_skr49.account_tag_skr49_053,l10n_de_skr49.account_tag_skr49_204,l10n_de_skr49.account_tag_skr49_007","chart_skr49_7408"
"chart_skr49_7410","Reisekosten Arbeitnehmer","7410","False","expense","l10n_de_skr49.account_tag_skr49_053,l10n_de_skr49.account_tag_skr49_204,l10n_de_skr49.account_tag_skr49_007","chart_skr49_7410"
"chart_skr49_7411","Reisekosten Arbeitnehmer Verpflegungsmehraufwand","7411","False","expense","l10n_de_skr49.account_tag_skr49_053,l10n_de_skr49.account_tag_skr49_204,l10n_de_skr49.account_tag_skr49_007","chart_skr49_7411"
"chart_skr49_7412","Kilometergelderstattung Arbeitnehmer","7412","False","expense","l10n_de_skr49.account_tag_skr49_053,l10n_de_skr49.account_tag_skr49_204,l10n_de_skr49.account_tag_skr49_007","chart_skr49_7412"
"chart_skr49_7413","Reisekosten Arbeitnehmer Fahrtkosten","7413","False","expense","l10n_de_skr49.account_tag_skr49_053,l10n_de_skr49.account_tag_skr49_204,l10n_de_skr49.account_tag_skr49_007","chart_skr49_7413"
"chart_skr49_7414","Versicherungen","7414","False","expense","l10n_de_skr49.account_tag_skr49_053,l10n_de_skr49.account_tag_skr49_204,l10n_de_skr49.account_tag_skr49_007","chart_skr49_7414"
"chart_skr49_7416","Sportkleidung","7416","False","expense","l10n_de_skr49.account_tag_skr49_053,l10n_de_skr49.account_tag_skr49_204,l10n_de_skr49.account_tag_skr49_007","chart_skr49_7416"
"chart_skr49_7418","Ausbildungskostenersatz","7418","False","expense","l10n_de_skr49.account_tag_skr49_053,l10n_de_skr49.account_tag_skr49_204,l10n_de_skr49.account_tag_skr49_007","chart_skr49_7418"
"chart_skr49_7430","Betriebskosten Fahrzeuge, Transportmittel","7430","False","expense","l10n_de_skr49.account_tag_skr49_053,l10n_de_skr49.account_tag_skr49_205,l10n_de_skr49.account_tag_skr49_007","chart_skr49_7430"
"chart_skr49_7432","Laufende Kfz-Betriebskosten","7432","False","expense","l10n_de_skr49.account_tag_skr49_053,l10n_de_skr49.account_tag_skr49_205,l10n_de_skr49.account_tag_skr49_007","chart_skr49_7432"
"chart_skr49_7440","Betriebskosten Ausstattung/Sportgeräte","7440","False","expense","l10n_de_skr49.account_tag_skr49_053,l10n_de_skr49.account_tag_skr49_206,l10n_de_skr49.account_tag_skr49_007","chart_skr49_7440"
"chart_skr49_7446","Reparaturkosten Ausstattung/Geräte","7446","False","expense","l10n_de_skr49.account_tag_skr49_053,l10n_de_skr49.account_tag_skr49_206,l10n_de_skr49.account_tag_skr49_007","chart_skr49_7446"
"chart_skr49_7462","Sonstige Steuern, Abgaben","7462","False","expense","l10n_de_skr49.account_tag_skr49_053,l10n_de_skr49.account_tag_skr49_227,l10n_de_skr49.account_tag_skr49_007","chart_skr49_7462"
"chart_skr49_7500","Verschiedene Kosten Teilbereich 7000 Geschäftsbetrieb Sport","7500","False","expense","l10n_de_skr49.account_tag_skr49_053,l10n_de_skr49.account_tag_skr49_215,l10n_de_skr49.account_tag_skr49_007","chart_skr49_7500"
"chart_skr49_7502","Verrechnete/aufgeteilte Kosten","7502","False","expense","l10n_de_skr49.account_tag_skr49_053,l10n_de_skr49.account_tag_skr49_215,l10n_de_skr49.account_tag_skr49_007","chart_skr49_7502"
"chart_skr49_7504","Anteilige Umsatzsteuerzahlungen30)","7504","False","expense","l10n_de_skr49.account_tag_skr49_053,l10n_de_skr49.account_tag_skr49_215,l10n_de_skr49.account_tag_skr49_007","chart_skr49_7504"
"chart_skr49_7506","Aufzuteilende Vorsteuer30)","7506","False","expense","l10n_de_skr49.account_tag_skr49_053,l10n_de_skr49.account_tag_skr49_215,l10n_de_skr49.account_tag_skr49_007","chart_skr49_7506"
"chart_skr49_7508","Abziehbare Vorsteuer30)","7508","False","expense","l10n_de_skr49.account_tag_skr49_053,l10n_de_skr49.account_tag_skr49_215,l10n_de_skr49.account_tag_skr49_007","chart_skr49_7508"
"chart_skr49_7509","Nicht abziehbare Vorsteuer","7509","False","expense","l10n_de_skr49.account_tag_skr49_053,l10n_de_skr49.account_tag_skr49_215,l10n_de_skr49.account_tag_skr49_007","chart_skr49_7509"
"chart_skr49_7510","Erlöse aus Verkäufen Sachanlagevermögen (bei Buchverlust)","7510","False","expense","l10n_de_skr49.account_tag_skr49_053,l10n_de_skr49.account_tag_skr49_215,l10n_de_skr49.account_tag_skr49_007","chart_skr49_7510"
"chart_skr49_7511","Anlagenabgänge Sachanlagen (Restbuchwert bei Buchverlust)","7511","False","expense","l10n_de_skr49.account_tag_skr49_053,l10n_de_skr49.account_tag_skr49_215,l10n_de_skr49.account_tag_skr49_007","chart_skr49_7511"
"chart_skr49_7512","Beiträge an Verbände und sonstige Beiträge","7512","False","expense","l10n_de_skr49.account_tag_skr49_053,l10n_de_skr49.account_tag_skr49_215,l10n_de_skr49.account_tag_skr49_007","chart_skr49_7512"
"chart_skr49_7513","Rechts- und Beratungskosten","7513","False","expense","l10n_de_skr49.account_tag_skr49_053,l10n_de_skr49.account_tag_skr49_215,l10n_de_skr49.account_tag_skr49_007","chart_skr49_7513"
"chart_skr49_7514","Anteilige Verwaltungskosten","7514","False","expense","l10n_de_skr49.account_tag_skr49_053,l10n_de_skr49.account_tag_skr49_215,l10n_de_skr49.account_tag_skr49_007","chart_skr49_7514"
"chart_skr49_7516","Aufzuteilende Posten Teilbereich 7000 Geschäftsbetrieb Sport","7516","False","expense","l10n_de_skr49.account_tag_skr49_053,l10n_de_skr49.account_tag_skr49_215,l10n_de_skr49.account_tag_skr49_007","chart_skr49_7516"
"chart_skr49_7517","Einstellungen in steuerliche Rücklagen","7517","False","expense","l10n_de_skr49.account_tag_skr49_053,l10n_de_skr49.account_tag_skr49_215,l10n_de_skr49.account_tag_skr49_007","chart_skr49_7517"
"chart_skr49_7518","Ertrag aus Storno Aufwandspauschale - Gegenkonto 3795","7518","False","expense","l10n_de_skr49.account_tag_skr49_053,l10n_de_skr49.account_tag_skr49_215,l10n_de_skr49.account_tag_skr49_007","chart_skr49_7518"
"chart_skr49_7520","Ertrag aus Storno Trainingskosten - Gegenkonto 3795","7520","False","expense","l10n_de_skr49.account_tag_skr49_053,l10n_de_skr49.account_tag_skr49_215,l10n_de_skr49.account_tag_skr49_007","chart_skr49_7520"
"chart_skr49_7800","Werbeeinnahmen in eigener Regie bei Sport","7800","False","income","l10n_de_skr49.account_tag_skr49_049,l10n_de_skr49.account_tag_skr49_228,l10n_de_skr49.account_tag_skr49_008","chart_skr49_7800"
"chart_skr49_7801","Einnahmen Reklameflächen 19 % USt in Eigenregie8)","7801","False","income","l10n_de_skr49.account_tag_skr49_049,l10n_de_skr49.account_tag_skr49_228,l10n_de_skr49.account_tag_skr49_008","chart_skr49_7801"
"chart_skr49_7802","Einnahmen Trikotwerbung 19 % USt in Eigenregie8)","7802","False","income","l10n_de_skr49.account_tag_skr49_049,l10n_de_skr49.account_tag_skr49_228,l10n_de_skr49.account_tag_skr49_008","chart_skr49_7802"
"chart_skr49_7803","Einnahmen Sportgerätewerbung 19 % USt in Eigenregie8)","7803","False","income","l10n_de_skr49.account_tag_skr49_049,l10n_de_skr49.account_tag_skr49_228,l10n_de_skr49.account_tag_skr49_008","chart_skr49_7803"
"chart_skr49_7804","Einnahmen Bandenwerbung 19 % USt in Eigenregie8)","7804","False","income","l10n_de_skr49.account_tag_skr49_049,l10n_de_skr49.account_tag_skr49_228,l10n_de_skr49.account_tag_skr49_008","chart_skr49_7804"
"chart_skr49_7805","Einnahmen aus Plakatwerbung und ähnliches 19 % USt in Eigenregie8)","7805","False","income","l10n_de_skr49.account_tag_skr49_049,l10n_de_skr49.account_tag_skr49_228,l10n_de_skr49.account_tag_skr49_008","chart_skr49_7805"
"chart_skr49_7806","Einnahmen Lautsprecherwerbung 19 % Ust in Eigenregie8)","7806","False","income","l10n_de_skr49.account_tag_skr49_049,l10n_de_skr49.account_tag_skr49_228,l10n_de_skr49.account_tag_skr49_008","chart_skr49_7806"
"chart_skr49_7810","Einnahmen aus übertragenen Werberechten im wirtschaftlichen Geschäftsbetrieb8)","7810","False","income","l10n_de_skr49.account_tag_skr49_049,l10n_de_skr49.account_tag_skr49_228,l10n_de_skr49.account_tag_skr49_008","chart_skr49_7810"
"chart_skr49_7811","Einnahmen Trikotwerberechte 19 % USt im wirtschaftlichen Geschäftsbetrieb8)","7811","False","income","l10n_de_skr49.account_tag_skr49_049,l10n_de_skr49.account_tag_skr49_228,l10n_de_skr49.account_tag_skr49_008","chart_skr49_7811"
"chart_skr49_7812","Einnahmen Sportgeräte-Werberechte 19 % USt im wirtschaftlichen Geschäftsbetrieb8)","7812","False","income","l10n_de_skr49.account_tag_skr49_049,l10n_de_skr49.account_tag_skr49_228,l10n_de_skr49.account_tag_skr49_008","chart_skr49_7812"
"chart_skr49_7813","Einnahmen aus sonstigen übertragenen Werberechten im wirtschaftlichen Geschäftsbetrieb8)","7813","False","income","l10n_de_skr49.account_tag_skr49_049,l10n_de_skr49.account_tag_skr49_228,l10n_de_skr49.account_tag_skr49_008","chart_skr49_7813"
"chart_skr49_7820","Einnahmen Inserate/Werbeanzeigen in Eigenregie8)","7820","False","income","l10n_de_skr49.account_tag_skr49_049,l10n_de_skr49.account_tag_skr49_228,l10n_de_skr49.account_tag_skr49_008","chart_skr49_7820"
"chart_skr49_7821","Einnahmen Verkauf Embleme/Abzeichen in Eigenregie8)","7821","False","income","l10n_de_skr49.account_tag_skr49_049,l10n_de_skr49.account_tag_skr49_228,l10n_de_skr49.account_tag_skr49_008","chart_skr49_7821"
"chart_skr49_7830","Kurzfristige Vermietung von Sportstätten an Nichtmitglieder","7830","False","income","l10n_de_skr49.account_tag_skr49_049,l10n_de_skr49.account_tag_skr49_229,l10n_de_skr49.account_tag_skr49_008","chart_skr49_7830"
"chart_skr49_7831","Kurzfristige Vermietung an Nichtmitglieder","7831","False","income","l10n_de_skr49.account_tag_skr49_049,l10n_de_skr49.account_tag_skr49_229,l10n_de_skr49.account_tag_skr49_008","chart_skr49_7831"
"chart_skr49_7832","Stundenweise Vermietung von Spielfeldern 19 % Ust","7832","False","income","l10n_de_skr49.account_tag_skr49_049,l10n_de_skr49.account_tag_skr49_229,l10n_de_skr49.account_tag_skr49_008","chart_skr49_7832"
"chart_skr49_7833","Stundenweise Vermietung von Tennisplätzen 19 % Ust","7833","False","income","l10n_de_skr49.account_tag_skr49_049,l10n_de_skr49.account_tag_skr49_229,l10n_de_skr49.account_tag_skr49_008","chart_skr49_7833"
"chart_skr49_7834","Stundenweise Vermietung von Schwimmhallen 19 % Ust","7834","False","income","l10n_de_skr49.account_tag_skr49_049,l10n_de_skr49.account_tag_skr49_229,l10n_de_skr49.account_tag_skr49_008","chart_skr49_7834"
"chart_skr49_7835","Stundenweise Vermietung von Kegelbahnen 19 % Ust","7835","False","income","l10n_de_skr49.account_tag_skr49_049,l10n_de_skr49.account_tag_skr49_229,l10n_de_skr49.account_tag_skr49_008","chart_skr49_7835"
"chart_skr49_7836","Stundenweise Vermietung von Geräten 19 % Ust","7836","False","income","l10n_de_skr49.account_tag_skr49_049,l10n_de_skr49.account_tag_skr49_229,l10n_de_skr49.account_tag_skr49_008","chart_skr49_7836"
"chart_skr49_7837","Einnahmen Green Fee 19 % Ust","7837","False","income","l10n_de_skr49.account_tag_skr49_049,l10n_de_skr49.account_tag_skr49_229,l10n_de_skr49.account_tag_skr49_008","chart_skr49_7837"
"chart_skr49_7840","Sonstige Einnahmen Teilbereich 7800 Geschäftsbetriebe Nebentätigkeiten Sport","7840","False","income_other","l10n_de_skr49.account_tag_skr49_049,l10n_de_skr49.account_tag_skr49_230,l10n_de_skr49.account_tag_skr49_008","chart_skr49_7840"
"chart_skr49_7841","Erlöse aus Verkäufen Sachanlagevermögen (bei Buchgewinn) Teilbereich 7800 Geschäftsbetriebe Nebentätigkeiten Sport","7841","False","income_other","l10n_de_skr49.account_tag_skr49_049,l10n_de_skr49.account_tag_skr49_230,l10n_de_skr49.account_tag_skr49_008","chart_skr49_7841"
"chart_skr49_7842","Erträge aus der Auflösung einer steuerlichen Rücklage","7842","False","income_other","l10n_de_skr49.account_tag_skr49_049,l10n_de_skr49.account_tag_skr49_230,l10n_de_skr49.account_tag_skr49_008","chart_skr49_7842"
"chart_skr49_7844","Anlagenabgänge Sachanlagen (Restbuchwert bei Buchgewinn)","7844","False","income_other","l10n_de_skr49.account_tag_skr49_049,l10n_de_skr49.account_tag_skr49_230,l10n_de_skr49.account_tag_skr49_008","chart_skr49_7844"
"chart_skr49_7850","Ausgaben zur Werbung","7850","False","expense","l10n_de_skr49.account_tag_skr49_053,l10n_de_skr49.account_tag_skr49_231,l10n_de_skr49.account_tag_skr49_008","chart_skr49_7850"
"chart_skr49_7851","Werbekosten-Pauschbetrag 85 % - Gegenkonto zu 3795","7851","False","expense","l10n_de_skr49.account_tag_skr49_053,l10n_de_skr49.account_tag_skr49_231,l10n_de_skr49.account_tag_skr49_008","chart_skr49_7851"
"chart_skr49_7852","Tatsächliche Kosten Werbung (bei Pauschalierung)","7852","False","expense","l10n_de_skr49.account_tag_skr49_053,l10n_de_skr49.account_tag_skr49_231,l10n_de_skr49.account_tag_skr49_008","chart_skr49_7852"
"chart_skr49_7854","Anteilige Druckkosten","7854","False","expense","l10n_de_skr49.account_tag_skr49_053,l10n_de_skr49.account_tag_skr49_231,l10n_de_skr49.account_tag_skr49_008","chart_skr49_7854"
"chart_skr49_7855","Anteilige Versandkosten","7855","False","expense","l10n_de_skr49.account_tag_skr49_053,l10n_de_skr49.account_tag_skr49_231,l10n_de_skr49.account_tag_skr49_008","chart_skr49_7855"
"chart_skr49_7856","Werbemittlungskosten","7856","False","expense","l10n_de_skr49.account_tag_skr49_053,l10n_de_skr49.account_tag_skr49_231,l10n_de_skr49.account_tag_skr49_008","chart_skr49_7856"
"chart_skr49_7858","Ertrag aus Storno tatsächliche Werbekosten (bei Pauschalierung - Gegenkonto zu 3795)","7858","False","expense","l10n_de_skr49.account_tag_skr49_053,l10n_de_skr49.account_tag_skr49_231,l10n_de_skr49.account_tag_skr49_008","chart_skr49_7858"
"chart_skr49_7860","Ausgaben zur Sportstättenvermietung","7860","False","expense","l10n_de_skr49.account_tag_skr49_053,l10n_de_skr49.account_tag_skr49_232,l10n_de_skr49.account_tag_skr49_008","chart_skr49_7860"
"chart_skr49_7861","Anteilige Kostenumlage für Sportstätten","7861","False","expense","l10n_de_skr49.account_tag_skr49_053,l10n_de_skr49.account_tag_skr49_232,l10n_de_skr49.account_tag_skr49_008","chart_skr49_7861"
"chart_skr49_7869","Erlöse aus Verkäufen Sachanlagevermögen (bei Buchverlust)","7869","False","expense","l10n_de_skr49.account_tag_skr49_053,l10n_de_skr49.account_tag_skr49_215,l10n_de_skr49.account_tag_skr49_008","chart_skr49_7869"
"chart_skr49_7870","Verschiedene Kosten Teilbereich 7800 Geschäftsbetriebe Nebentätigkeiten Sport","7870","False","expense","l10n_de_skr49.account_tag_skr49_053,l10n_de_skr49.account_tag_skr49_215,l10n_de_skr49.account_tag_skr49_008","chart_skr49_7870"
"chart_skr49_7871","Verrechnete/aufgeteilte Kosten TB 7800","7871","False","expense","l10n_de_skr49.account_tag_skr49_053,l10n_de_skr49.account_tag_skr49_215,l10n_de_skr49.account_tag_skr49_008","chart_skr49_7871"
"chart_skr49_7872","Anlagenabgänge Sachanlagen (Restbuchwert bei Buchverlust)","7872","False","expense","l10n_de_skr49.account_tag_skr49_053,l10n_de_skr49.account_tag_skr49_215,l10n_de_skr49.account_tag_skr49_008","chart_skr49_7872"
"chart_skr49_7873","Rechts- und Beratungskosten","7873","False","expense","l10n_de_skr49.account_tag_skr49_053,l10n_de_skr49.account_tag_skr49_215,l10n_de_skr49.account_tag_skr49_008","chart_skr49_7873"
"chart_skr49_7874","Einstellungen in steuerliche Rücklagen","7874","False","expense","l10n_de_skr49.account_tag_skr49_053,l10n_de_skr49.account_tag_skr49_215,l10n_de_skr49.account_tag_skr49_008","chart_skr49_7874"
"chart_skr49_7875","Anteilige Umsatzsteuerzahlungen30)","7875","False","expense","l10n_de_skr49.account_tag_skr49_053,l10n_de_skr49.account_tag_skr49_215,l10n_de_skr49.account_tag_skr49_008","chart_skr49_7875"
"chart_skr49_7876","Aufzuteilende Vorsteuer30)","7876","False","expense","l10n_de_skr49.account_tag_skr49_053,l10n_de_skr49.account_tag_skr49_215,l10n_de_skr49.account_tag_skr49_008","chart_skr49_7876"
"chart_skr49_7877","Abziehbare Vorsteuer30)","7877","False","expense","l10n_de_skr49.account_tag_skr49_053,l10n_de_skr49.account_tag_skr49_215,l10n_de_skr49.account_tag_skr49_008","chart_skr49_7877"
"chart_skr49_7878","Nicht abziehbare Vorsteuer","7878","False","expense","l10n_de_skr49.account_tag_skr49_053,l10n_de_skr49.account_tag_skr49_215,l10n_de_skr49.account_tag_skr49_008","chart_skr49_7878"
"chart_skr49_7879","Aufzuteilende Posten Teilbereich 7800 Geschäftsbetriebe Nebentätigkeiten Sport","7879","False","expense","l10n_de_skr49.account_tag_skr49_053,l10n_de_skr49.account_tag_skr49_215,l10n_de_skr49.account_tag_skr49_008","chart_skr49_7879"
"chart_skr49_8000","Einnahmen aus Umsatzerlösen","8000","False","income","l10n_de_skr49.account_tag_skr49_049,l10n_de_skr49.account_tag_skr49_009","chart_skr49_8000"
"chart_skr49_8002","Eintrittsgelder aus geselligen Veranstaltungen","8002","False","income","l10n_de_skr49.account_tag_skr49_049,l10n_de_skr49.account_tag_skr49_009","chart_skr49_8002"
"chart_skr49_8004","Erlöse aus Handelswaren","8004","False","income","l10n_de_skr49.account_tag_skr49_049,l10n_de_skr49.account_tag_skr49_009","chart_skr49_8004"
"chart_skr49_8006","Erlöse aus Leistungen","8006","False","income","l10n_de_skr49.account_tag_skr49_049,l10n_de_skr49.account_tag_skr49_009","chart_skr49_8006"
"chart_skr49_8008","Erlöse aus Leihgebühren","8008","False","income","l10n_de_skr49.account_tag_skr49_049,l10n_de_skr49.account_tag_skr49_009","chart_skr49_8008"
"chart_skr49_8010","Erlöse aus Geldspielautomaten","8010","False","income","l10n_de_skr49.account_tag_skr49_049,l10n_de_skr49.account_tag_skr49_009","chart_skr49_8010"
"chart_skr49_8012","Einnahmen aus Werbung Reklameflächen","8012","False","income","l10n_de_skr49.account_tag_skr49_049,l10n_de_skr49.account_tag_skr49_009","chart_skr49_8012"
"chart_skr49_8014","Anzeigengeschäfte (z. B. Vereinszeitschrift, Programme)","8014","False","income","l10n_de_skr49.account_tag_skr49_049,l10n_de_skr49.account_tag_skr49_009","chart_skr49_8014"
"chart_skr49_8016","Sonstige Werbeeinnahmen","8016","False","income","l10n_de_skr49.account_tag_skr49_049,l10n_de_skr49.account_tag_skr49_009","chart_skr49_8016"
"chart_skr49_8018","Kurzfristige Benutzungsgebühren von Nichtmitgliedern","8018","False","income","l10n_de_skr49.account_tag_skr49_049,l10n_de_skr49.account_tag_skr49_009","chart_skr49_8018"
"chart_skr49_8020","Erlöse umsatzsteuerfrei ⌡ 4 Nr. 7 ff UStG","8020","False","income","l10n_de_skr49.account_tag_skr49_049,l10n_de_skr49.account_tag_skr49_009","chart_skr49_8020"
"chart_skr49_8022","Einnahmen aus steuerschädlichen Lotterien und Ausspielungen ⌡ 4 Nr. 9b UStG","8022","False","income","l10n_de_skr49.account_tag_skr49_049,l10n_de_skr49.account_tag_skr49_009","chart_skr49_8022"
"chart_skr49_8024","Erlöse umsatzsteuerfrei ⌡ 4 Nr. 1-6 UStG","8024","False","income","l10n_de_skr49.account_tag_skr49_049,l10n_de_skr49.account_tag_skr49_009","chart_skr49_8024"
"chart_skr49_8026","Erlöse 7 % USt.","8026","False","income","l10n_de_skr49.account_tag_skr49_049,l10n_de_skr49.account_tag_skr49_009","chart_skr49_8026"
"chart_skr49_8028","Erlöse Speisen/Getränke 7 % USt (kein Verzehr an Ort und Stelle)","8028","False","income","l10n_de_skr49.account_tag_skr49_049,l10n_de_skr49.account_tag_skr49_009","chart_skr49_8028"
"chart_skr49_8030","Erlöse 19 % USt","8030","False","income","l10n_de_skr49.account_tag_skr49_049,l10n_de_skr49.account_tag_skr49_009","chart_skr49_8030"
"chart_skr49_8032","Erlöse 19 % USt Speisen/Getränke 19 % Ust (Verzehr an Ort und Stelle)","8032","False","income","l10n_de_skr49.account_tag_skr49_049,l10n_de_skr49.account_tag_skr49_009","chart_skr49_8032"
"chart_skr49_8034","Erlöse Speisen/Getränke ausserhalb Gaststätte 19 % USt","8034","False","income","l10n_de_skr49.account_tag_skr49_049,l10n_de_skr49.account_tag_skr49_009","chart_skr49_8034"
"chart_skr49_8036","Erlöse Festzeltbetrieb 19 % USt","8036","False","income","l10n_de_skr49.account_tag_skr49_049,l10n_de_skr49.account_tag_skr49_009","chart_skr49_8036"
"chart_skr49_8038","Getränkeumsatz","8038","False","income","l10n_de_skr49.account_tag_skr49_049,l10n_de_skr49.account_tag_skr49_009","chart_skr49_8038"
"chart_skr49_8042","Verrechnungskonto Geldspielautomaten","8042","False","income","l10n_de_skr49.account_tag_skr49_049,l10n_de_skr49.account_tag_skr49_009","chart_skr49_8042"
"chart_skr49_8044","Provisionserlöse","8044","False","income","l10n_de_skr49.account_tag_skr49_049,l10n_de_skr49.account_tag_skr49_009","chart_skr49_8044"
"chart_skr49_8045","Direkt mit dem Umsatz verbundene Steuern","8045","False","income","l10n_de_skr49.account_tag_skr49_049,l10n_de_skr49.account_tag_skr49_009","chart_skr49_8045"
"chart_skr49_8046","Erlösschmälerungen","8046","False","income","l10n_de_skr49.account_tag_skr49_049,l10n_de_skr49.account_tag_skr49_009","chart_skr49_8046"
"chart_skr49_8047","Gewährte Skonti","8047","False","income","l10n_de_skr49.account_tag_skr49_049,l10n_de_skr49.account_tag_skr49_009","chart_skr49_8047"
"chart_skr49_8048","Nicht steuerbare Umsätze","8048","False","income","l10n_de_skr49.account_tag_skr49_049,l10n_de_skr49.account_tag_skr49_009","chart_skr49_8048"
"chart_skr49_8050","Umsatzsteuervergütungen","8050","False","income","l10n_de_skr49.account_tag_skr49_049,l10n_de_skr49.account_tag_skr49_009","chart_skr49_8050"
"chart_skr49_8052","Unentgeltliche Wertabgaben","8052","False","income","l10n_de_skr49.account_tag_skr49_049,l10n_de_skr49.account_tag_skr49_009","chart_skr49_8052"
"chart_skr49_8090","Bestandsveränderung","8090","False","income","l10n_de_skr49.account_tag_skr49_218,l10n_de_skr49.account_tag_skr49_009","chart_skr49_8090"
"chart_skr49_8095","Andere aktivierte Eigenleistungen","8095","False","income","l10n_de_skr49.account_tag_skr49_219,l10n_de_skr49.account_tag_skr49_009","chart_skr49_8095"
"chart_skr49_8099","Aktivierte Eigenleistungen (den Herstellungskosten zurechenbare Fremdkapitalzinsen)","8099","False","income","l10n_de_skr49.account_tag_skr49_219,l10n_de_skr49.account_tag_skr49_009","chart_skr49_8099"
"chart_skr49_8100","Sonstige betriebliche Erträge","8100","False","income_other","l10n_de_skr49.account_tag_skr49_050,l10n_de_skr49.account_tag_skr49_009","chart_skr49_8100"
"chart_skr49_8102","Erlöse aus Verkäufen Sachanlagevermögen (bei Buchgewinn) Teilbereich 8000 Geschäftsbetrieb 1","8102","False","income_other","l10n_de_skr49.account_tag_skr49_050,l10n_de_skr49.account_tag_skr49_009","chart_skr49_8102"
"chart_skr49_8103","Anlagenabgänge Sachanlagen (Restbuchwert bei Buchgewinn)","8103","False","income_other","l10n_de_skr49.account_tag_skr49_050,l10n_de_skr49.account_tag_skr49_009","chart_skr49_8103"
"chart_skr49_8104","Verwendung von Gegenständen für Zwecke außerhalb des Unternehmens","8104","False","income_other","l10n_de_skr49.account_tag_skr49_050,l10n_de_skr49.account_tag_skr49_009","chart_skr49_8104"
"chart_skr49_8106","Unentgeltliche Erbringung einer sonstigen Leistung","8106","False","income_other","l10n_de_skr49.account_tag_skr49_050,l10n_de_skr49.account_tag_skr49_009","chart_skr49_8106"
"chart_skr49_8108","Erlöse Abfallverwertung","8108","False","income","l10n_de_skr49.account_tag_skr49_049,l10n_de_skr49.account_tag_skr49_009","chart_skr49_8108"
"chart_skr49_8110","Erlöse Leergut","8110","False","income","l10n_de_skr49.account_tag_skr49_049,l10n_de_skr49.account_tag_skr49_009","chart_skr49_8110"
"chart_skr49_8112","Anteilige verrechnete Einnahmen","8112","False","income_other","l10n_de_skr49.account_tag_skr49_050,l10n_de_skr49.account_tag_skr49_009","chart_skr49_8112"
"chart_skr49_8114","Erhaltene Zinsen auf Betriebsteuern","8114","False","income_other","l10n_de_skr49.account_tag_skr49_233,l10n_de_skr49.account_tag_skr49_009","chart_skr49_8114"
"chart_skr49_8130","Erträge aus der Auflösung einer steuerlichen Rücklage","8130","False","income_other","l10n_de_skr49.account_tag_skr49_050,l10n_de_skr49.account_tag_skr49_009","chart_skr49_8130"
"chart_skr49_8140","Erträge aus Zuschreibungen des Sachanlagevermögens","8140","False","income_other","l10n_de_skr49.account_tag_skr49_050,l10n_de_skr49.account_tag_skr49_009","chart_skr49_8140"
"chart_skr49_8150","Wareneinkauf","8150","False","expense","l10n_de_skr49.account_tag_skr49_051,l10n_de_skr49.account_tag_skr49_234,l10n_de_skr49.account_tag_skr49_009","chart_skr49_8150"
"chart_skr49_8152","Wareneingang 7 % VSt","8152","False","expense","l10n_de_skr49.account_tag_skr49_051,l10n_de_skr49.account_tag_skr49_234,l10n_de_skr49.account_tag_skr49_009","chart_skr49_8152"
"chart_skr49_8154","Wareneingang 19 % VSt","8154","False","expense","l10n_de_skr49.account_tag_skr49_051,l10n_de_skr49.account_tag_skr49_234,l10n_de_skr49.account_tag_skr49_009","chart_skr49_8154"
"chart_skr49_8156","Handelswaren","8156","False","expense","l10n_de_skr49.account_tag_skr49_051,l10n_de_skr49.account_tag_skr49_234,l10n_de_skr49.account_tag_skr49_009","chart_skr49_8156"
"chart_skr49_8158","Tatsächliche Kosten Altpapiersammlungen","8158","False","expense","l10n_de_skr49.account_tag_skr49_051,l10n_de_skr49.account_tag_skr49_053,l10n_de_skr49.account_tag_skr49_009","chart_skr49_8158"
"chart_skr49_8160","Tatsächliche Kosten Altmaterialsammlungen","8160","False","expense","l10n_de_skr49.account_tag_skr49_051,l10n_de_skr49.account_tag_skr49_053,l10n_de_skr49.account_tag_skr49_009","chart_skr49_8160"
"chart_skr49_8162","Ausgabenpauschale 95 % Altpapier (Gegenkonto 3895)","8162","False","expense","l10n_de_skr49.account_tag_skr49_051,l10n_de_skr49.account_tag_skr49_053,l10n_de_skr49.account_tag_skr49_009","chart_skr49_8162"
"chart_skr49_8164","Ausgabenpauschale 80 % Altmaterial (Gegenkonto 3895)","8164","False","expense","l10n_de_skr49.account_tag_skr49_051,l10n_de_skr49.account_tag_skr49_053,l10n_de_skr49.account_tag_skr49_009","chart_skr49_8164"
"chart_skr49_8166","Ertrag aus Stornokosten Altpapier/Altmaterial","8166","False","expense","l10n_de_skr49.account_tag_skr49_051,l10n_de_skr49.account_tag_skr49_053,l10n_de_skr49.account_tag_skr49_009","chart_skr49_8166"
"chart_skr49_8168","Rohstoffe","8168","False","expense","l10n_de_skr49.account_tag_skr49_051,l10n_de_skr49.account_tag_skr49_234,l10n_de_skr49.account_tag_skr49_009","chart_skr49_8168"
"chart_skr49_8170","Hilfs- und Betriebsstoffe","8170","False","expense","l10n_de_skr49.account_tag_skr49_051,l10n_de_skr49.account_tag_skr49_234,l10n_de_skr49.account_tag_skr49_009","chart_skr49_8170"
"chart_skr49_8172","Bezugs- und Nebenkosten","8172","False","expense","l10n_de_skr49.account_tag_skr49_051,l10n_de_skr49.account_tag_skr49_234,l10n_de_skr49.account_tag_skr49_009","chart_skr49_8172"
"chart_skr49_8174","Erhaltene Skonti","8174","False","expense","l10n_de_skr49.account_tag_skr49_051,l10n_de_skr49.account_tag_skr49_234,l10n_de_skr49.account_tag_skr49_009","chart_skr49_8174"
"chart_skr49_8200","Aufwendungen für bezogene Leistungen","8200","False","expense","l10n_de_skr49.account_tag_skr49_051,l10n_de_skr49.account_tag_skr49_198,l10n_de_skr49.account_tag_skr49_009","chart_skr49_8200"
"chart_skr49_8210","Löhne und Gehälter","8210","False","expense","l10n_de_skr49.account_tag_skr49_048,l10n_de_skr49.account_tag_skr49_187,l10n_de_skr49.account_tag_skr49_009","chart_skr49_8210"
"chart_skr49_8212","Aushilfslöhne","8212","False","expense","l10n_de_skr49.account_tag_skr49_048,l10n_de_skr49.account_tag_skr49_187,l10n_de_skr49.account_tag_skr49_009","chart_skr49_8212"
"chart_skr49_8214","Bedienungsgelder","8214","False","expense","l10n_de_skr49.account_tag_skr49_048,l10n_de_skr49.account_tag_skr49_187,l10n_de_skr49.account_tag_skr49_009","chart_skr49_8214"
"chart_skr49_8230","Gesetzliche soziale Aufwendungen","8230","False","expense","l10n_de_skr49.account_tag_skr49_048,l10n_de_skr49.account_tag_skr49_188,l10n_de_skr49.account_tag_skr49_009","chart_skr49_8230"
"chart_skr49_8232","Abgeführte Lohnsteuer","8232","False","expense","l10n_de_skr49.account_tag_skr49_048,l10n_de_skr49.account_tag_skr49_187,l10n_de_skr49.account_tag_skr49_009","chart_skr49_8232"
"chart_skr49_8234","Freiwillige soziale Aufwendungen, lohnsteuerpflichtig","8234","False","expense","l10n_de_skr49.account_tag_skr49_048,l10n_de_skr49.account_tag_skr49_187,l10n_de_skr49.account_tag_skr49_009","chart_skr49_8234"
"chart_skr49_8235","Aufwendungen für Altersversorgung","8235","False","expense","l10n_de_skr49.account_tag_skr49_048,l10n_de_skr49.account_tag_skr49_188,l10n_de_skr49.account_tag_skr49_009","chart_skr49_8235"
"chart_skr49_8236","Beiträge zur Berufsgenossenschaft","8236","False","expense","l10n_de_skr49.account_tag_skr49_048,l10n_de_skr49.account_tag_skr49_188,l10n_de_skr49.account_tag_skr49_009","chart_skr49_8236"
"chart_skr49_8240","Abschreibungen auf Sachanlagen","8240","False","expense_depreciation","l10n_de_skr49.account_tag_skr49_052,l10n_de_skr49.account_tag_skr49_199,l10n_de_skr49.account_tag_skr49_009","chart_skr49_8240"
"chart_skr49_8242","Sofortabschreibung geringwertiger Wirtschaftsgüter","8242","False","expense_depreciation","l10n_de_skr49.account_tag_skr49_052,l10n_de_skr49.account_tag_skr49_199,l10n_de_skr49.account_tag_skr49_009","chart_skr49_8242"
"chart_skr49_8243","Abschreibungen auf den Sammelposten Wirtschaftsgüter","8243","False","expense_depreciation","l10n_de_skr49.account_tag_skr49_052,l10n_de_skr49.account_tag_skr49_199,l10n_de_skr49.account_tag_skr49_009","chart_skr49_8243"
"chart_skr49_8246","Kalkulatorische Abschreibungen","8246","False","expense_depreciation","l10n_de_skr49.account_tag_skr49_052,l10n_de_skr49.account_tag_skr49_053,l10n_de_skr49.account_tag_skr49_009","chart_skr49_8246"
"chart_skr49_8256","Verrechnete kalkulatorische Abschreibungen","8256","False","expense_depreciation","l10n_de_skr49.account_tag_skr49_052,l10n_de_skr49.account_tag_skr49_053,l10n_de_skr49.account_tag_skr49_009","chart_skr49_8256"
"chart_skr49_8270","Abschreibungen auf Umlaufvermögen, steuerrechtlich bedingt (soweit unüblich hoch)","8270","False","expense_depreciation","l10n_de_skr49.account_tag_skr49_052,l10n_de_skr49.account_tag_skr49_201,l10n_de_skr49.account_tag_skr49_009","chart_skr49_8270"
"chart_skr49_8300","Anteilige Raumkosten","8300","False","expense","l10n_de_skr49.account_tag_skr49_053,l10n_de_skr49.account_tag_skr49_009","chart_skr49_8300"
"chart_skr49_8302","Miete, Pacht","8302","False","expense","l10n_de_skr49.account_tag_skr49_053,l10n_de_skr49.account_tag_skr49_009","chart_skr49_8302"
"chart_skr49_8303","Strom","8303","False","expense","l10n_de_skr49.account_tag_skr49_053,l10n_de_skr49.account_tag_skr49_009","chart_skr49_8303"
"chart_skr49_8304","Wasser","8304","False","expense","l10n_de_skr49.account_tag_skr49_053,l10n_de_skr49.account_tag_skr49_009","chart_skr49_8304"
"chart_skr49_8305","Gas, Heizung","8305","False","expense","l10n_de_skr49.account_tag_skr49_053,l10n_de_skr49.account_tag_skr49_009","chart_skr49_8305"
"chart_skr49_8306","Reinigungskosten","8306","False","expense","l10n_de_skr49.account_tag_skr49_053,l10n_de_skr49.account_tag_skr49_009","chart_skr49_8306"
"chart_skr49_8308","Verwaltungskosten","8308","False","expense","l10n_de_skr49.account_tag_skr49_053,l10n_de_skr49.account_tag_skr49_009","chart_skr49_8308"
"chart_skr49_8310","Bürobedarf","8310","False","expense","l10n_de_skr49.account_tag_skr49_053,l10n_de_skr49.account_tag_skr49_009","chart_skr49_8310"
"chart_skr49_8312","Porto","8312","False","expense","l10n_de_skr49.account_tag_skr49_053,l10n_de_skr49.account_tag_skr49_009","chart_skr49_8312"
"chart_skr49_8313","Telefon","8313","False","expense","l10n_de_skr49.account_tag_skr49_053,l10n_de_skr49.account_tag_skr49_009","chart_skr49_8313"
"chart_skr49_8314","Zinsen, Bankspesen","8314","False","expense","l10n_de_skr49.account_tag_skr49_053,l10n_de_skr49.account_tag_skr49_009","chart_skr49_8314"
"chart_skr49_8318","Versicherungen, Beiträge","8318","False","expense","l10n_de_skr49.account_tag_skr49_053,l10n_de_skr49.account_tag_skr49_009","chart_skr49_8318"
"chart_skr49_8320","Sonstige Abgaben","8320","False","expense","l10n_de_skr49.account_tag_skr49_053,l10n_de_skr49.account_tag_skr49_009","chart_skr49_8320"
"chart_skr49_8322","Laufende Kfz-Betriebskosten","8322","False","expense","l10n_de_skr49.account_tag_skr49_053,l10n_de_skr49.account_tag_skr49_009","chart_skr49_8322"
"chart_skr49_8326","Garagenmieten","8326","False","expense","l10n_de_skr49.account_tag_skr49_053,l10n_de_skr49.account_tag_skr49_009","chart_skr49_8326"
"chart_skr49_8327","Mietleasing Kfz","8327","False","expense","l10n_de_skr49.account_tag_skr49_053,l10n_de_skr49.account_tag_skr49_009","chart_skr49_8327"
"chart_skr49_8328","Fremdfahrzeugkosten","8328","False","expense","l10n_de_skr49.account_tag_skr49_053,l10n_de_skr49.account_tag_skr49_009","chart_skr49_8328"
"chart_skr49_8330","Werbe- und Reisekosten","8330","False","expense","l10n_de_skr49.account_tag_skr49_053,l10n_de_skr49.account_tag_skr49_009","chart_skr49_8330"
"chart_skr49_8332","Geschenke (abzugsfähig)","8332","False","expense","l10n_de_skr49.account_tag_skr49_053,l10n_de_skr49.account_tag_skr49_009","chart_skr49_8332"
"chart_skr49_8334","Bewirtungskosten (abzugsfähig)","8334","False","expense","l10n_de_skr49.account_tag_skr49_053,l10n_de_skr49.account_tag_skr49_009","chart_skr49_8334"
"chart_skr49_8336","Reisekosten","8336","False","expense","l10n_de_skr49.account_tag_skr49_053,l10n_de_skr49.account_tag_skr49_009","chart_skr49_8336"
"chart_skr49_8338","Reisekosten Arbeitnehmer Verpflegungsmehraufwand","8338","False","expense","l10n_de_skr49.account_tag_skr49_053,l10n_de_skr49.account_tag_skr49_009","chart_skr49_8338"
"chart_skr49_8339","Reisekosten Arbeitnehmer","8339","False","expense","l10n_de_skr49.account_tag_skr49_053,l10n_de_skr49.account_tag_skr49_009","chart_skr49_8339"
"chart_skr49_8340","Reisekosten Arbeitnehmer Übernachtungsaufwand","8340","False","expense","l10n_de_skr49.account_tag_skr49_053,l10n_de_skr49.account_tag_skr49_009","chart_skr49_8340"
"chart_skr49_8341","Reisekosten Arbeitnehmer Fahrtkosten","8341","False","expense","l10n_de_skr49.account_tag_skr49_053,l10n_de_skr49.account_tag_skr49_009","chart_skr49_8341"
"chart_skr49_8342","Kilometergelderstattung Arbeitnehmer","8342","False","expense","l10n_de_skr49.account_tag_skr49_053,l10n_de_skr49.account_tag_skr49_009","chart_skr49_8342"
"chart_skr49_8370","Einstellungen in steuerliche Rücklagen","8370","False","expense","l10n_de_skr49.account_tag_skr49_053,l10n_de_skr49.account_tag_skr49_009","chart_skr49_8370"
"chart_skr49_8372","Erlöse aus Verkäufen Sachanlagevermögen (bei Buchverlust)","8372","False","expense","l10n_de_skr49.account_tag_skr49_053,l10n_de_skr49.account_tag_skr49_009","chart_skr49_8372"
"chart_skr49_8373","Anlagenabgänge Sachanlagen (Restbuchwert bei Buchverlust)","8373","False","expense","l10n_de_skr49.account_tag_skr49_053,l10n_de_skr49.account_tag_skr49_009","chart_skr49_8373"
"chart_skr49_8374","Rechts- und Beratungskosten","8374","False","expense","l10n_de_skr49.account_tag_skr49_053,l10n_de_skr49.account_tag_skr49_009","chart_skr49_8374"
"chart_skr49_8378","Anteilige Umsatzsteuerzahlungen","8378","False","expense","l10n_de_skr49.account_tag_skr49_053,l10n_de_skr49.account_tag_skr49_009","chart_skr49_8378"
"chart_skr49_8380","Aufzuteilende Vorsteuer","8380","False","expense","l10n_de_skr49.account_tag_skr49_053,l10n_de_skr49.account_tag_skr49_009","chart_skr49_8380"
"chart_skr49_8382","Abziehbare Vorsteuer","8382","False","expense","l10n_de_skr49.account_tag_skr49_053,l10n_de_skr49.account_tag_skr49_009","chart_skr49_8382"
"chart_skr49_8384","Nicht abziehbare Vorsteuer","8384","False","expense","l10n_de_skr49.account_tag_skr49_053,l10n_de_skr49.account_tag_skr49_009","chart_skr49_8384"
"chart_skr49_8400","Erträge aus Beteiligungen","8400","False","income_other","l10n_de_skr49.account_tag_skr49_235,l10n_de_skr49.account_tag_skr49_009","chart_skr49_8400"
"chart_skr49_8410","Erträge aus anderen Wertpapieren","8410","False","income_other","l10n_de_skr49.account_tag_skr49_236,l10n_de_skr49.account_tag_skr49_009","chart_skr49_8410"
"chart_skr49_8420","Sonstige Zinsen und ähnliche Erträge","8420","False","income_other","l10n_de_skr49.account_tag_skr49_237,l10n_de_skr49.account_tag_skr49_009","chart_skr49_8420"
"chart_skr49_8430","Abschreibungen auf Finanzanlagen (dauerhaft)","8430","False","expense_depreciation","l10n_de_skr49.account_tag_skr49_238,l10n_de_skr49.account_tag_skr49_009","chart_skr49_8430"
"chart_skr49_8440","Zinsen und ähnliche Aufwendungen","8440","False","expense","l10n_de_skr49.account_tag_skr49_222,l10n_de_skr49.account_tag_skr49_009","chart_skr49_8440"
"chart_skr49_8480","Sonstige Steuern","8480","False","expense","l10n_de_skr49.account_tag_skr49_223,l10n_de_skr49.account_tag_skr49_009","chart_skr49_8480"
"chart_skr49_8500","Umsatzerlöse","8500","False","income","l10n_de_skr49.account_tag_skr49_049,l10n_de_skr49.account_tag_skr49_010","chart_skr49_8500"
"chart_skr49_8585","Direkt mit dem Umsatz verbundene Steuern","8585","False","income","l10n_de_skr49.account_tag_skr49_049,l10n_de_skr49.account_tag_skr49_010","chart_skr49_8585"
"chart_skr49_8590","Bestandsveränderungen","8590","False","income","l10n_de_skr49.account_tag_skr49_218,l10n_de_skr49.account_tag_skr49_010","chart_skr49_8590"
"chart_skr49_8595","Andere aktivierte Eigenleistungen","8595","False","income","l10n_de_skr49.account_tag_skr49_219,l10n_de_skr49.account_tag_skr49_010","chart_skr49_8595"
"chart_skr49_8599","Aktivierte Eigenleistungen (den Herstellungskosten zurechenbare Fremdkapitalzinsen)","8599","False","income","l10n_de_skr49.account_tag_skr49_219,l10n_de_skr49.account_tag_skr49_010","chart_skr49_8599"
"chart_skr49_8600","Sonstige betriebliche Erträge","8600","False","income_other","l10n_de_skr49.account_tag_skr49_050,l10n_de_skr49.account_tag_skr49_010","chart_skr49_8600"
"chart_skr49_8622","Erlöse aus Verkäufen Sachanlagevermögen (bei Buchgewinn)","8622","False","income_other","l10n_de_skr49.account_tag_skr49_050,l10n_de_skr49.account_tag_skr49_010","chart_skr49_8622"
"chart_skr49_8624","Anlagenabgänge Sachanlagen (Restbuchwert bei Buchgewinn)","8624","False","income_other","l10n_de_skr49.account_tag_skr49_050,l10n_de_skr49.account_tag_skr49_010","chart_skr49_8624"
"chart_skr49_8630","Erträge aus der Auflösung einer steuerlichen Rücklage","8630","False","income_other","l10n_de_skr49.account_tag_skr49_050,l10n_de_skr49.account_tag_skr49_010","chart_skr49_8630"
"chart_skr49_8640","Erträge aus Zuschreibungen des Sachanlagevermögens","8640","False","income_other","l10n_de_skr49.account_tag_skr49_050,l10n_de_skr49.account_tag_skr49_010","chart_skr49_8640"
"chart_skr49_8650","Aufwendungen für Roh-, Hilfs- und Betriebsstoffe und bezogene Waren","8650","False","expense","l10n_de_skr49.account_tag_skr49_051,l10n_de_skr49.account_tag_skr49_211,l10n_de_skr49.account_tag_skr49_010","chart_skr49_8650"
"chart_skr49_8700","Aufwendungen für bezogene Leistungen","8700","False","expense","l10n_de_skr49.account_tag_skr49_051,l10n_de_skr49.account_tag_skr49_198,l10n_de_skr49.account_tag_skr49_010","chart_skr49_8700"
"chart_skr49_8710","Löhne und Gehälter","8710","False","expense","l10n_de_skr49.account_tag_skr49_048,l10n_de_skr49.account_tag_skr49_187,l10n_de_skr49.account_tag_skr49_010","chart_skr49_8710"
"chart_skr49_8715","Aushilfslöhne","8715","False","expense","l10n_de_skr49.account_tag_skr49_048,l10n_de_skr49.account_tag_skr49_187,l10n_de_skr49.account_tag_skr49_010","chart_skr49_8715"
"chart_skr49_8720","Gesetzliche soziale Aufwendungen","8720","False","expense","l10n_de_skr49.account_tag_skr49_048,l10n_de_skr49.account_tag_skr49_188,l10n_de_skr49.account_tag_skr49_010","chart_skr49_8720"
"chart_skr49_8725","Freiwillige soziale Aufwendungen, lohnsteuerpflichtig","8725","False","expense","l10n_de_skr49.account_tag_skr49_048,l10n_de_skr49.account_tag_skr49_187,l10n_de_skr49.account_tag_skr49_010","chart_skr49_8725"
"chart_skr49_8735","Aufwendungen für Altersversorgung","8735","False","expense","l10n_de_skr49.account_tag_skr49_048,l10n_de_skr49.account_tag_skr49_188,l10n_de_skr49.account_tag_skr49_010","chart_skr49_8735"
"chart_skr49_8736","Beiträge zur Berufsgenossenschaft","8736","False","expense","l10n_de_skr49.account_tag_skr49_048,l10n_de_skr49.account_tag_skr49_188,l10n_de_skr49.account_tag_skr49_010","chart_skr49_8736"
"chart_skr49_8740","Abschreibungen auf Sachanlagen","8740","False","expense_depreciation","l10n_de_skr49.account_tag_skr49_052,l10n_de_skr49.account_tag_skr49_199,l10n_de_skr49.account_tag_skr49_010","chart_skr49_8740"
"chart_skr49_8745","Sofortabschreibung geringwertiger Wirtschaftsgüter","8745","False","expense_depreciation","l10n_de_skr49.account_tag_skr49_052,l10n_de_skr49.account_tag_skr49_199,l10n_de_skr49.account_tag_skr49_010","chart_skr49_8745"
"chart_skr49_8746","Abschreibungen auf den Sammelposten Wirtschaftsgüter","8746","False","expense_depreciation","l10n_de_skr49.account_tag_skr49_052,l10n_de_skr49.account_tag_skr49_199,l10n_de_skr49.account_tag_skr49_010","chart_skr49_8746"
"chart_skr49_8770","Abschreibungen auf Umlaufvermögen, steuerrechtlich bedingt (soweit unüblich hoch)","8770","False","expense_depreciation","l10n_de_skr49.account_tag_skr49_052,l10n_de_skr49.account_tag_skr49_201,l10n_de_skr49.account_tag_skr49_010","chart_skr49_8770"
"chart_skr49_8775","Kalkulatorische Abschreibungen","8775","False","expense_depreciation","l10n_de_skr49.account_tag_skr49_052,l10n_de_skr49.account_tag_skr49_053,l10n_de_skr49.account_tag_skr49_010","chart_skr49_8775"
"chart_skr49_8780","Verrechnete kalkulatorische Abschreibungen","8780","False","expense_depreciation","l10n_de_skr49.account_tag_skr49_052,l10n_de_skr49.account_tag_skr49_053,l10n_de_skr49.account_tag_skr49_010","chart_skr49_8780"
"chart_skr49_8800","Sonstige betriebliche Aufwendungen","8800","False","expense","l10n_de_skr49.account_tag_skr49_053,l10n_de_skr49.account_tag_skr49_010","chart_skr49_8800"
"chart_skr49_8830","Einstellungen in steuerliche Rücklagen","8830","False","expense","l10n_de_skr49.account_tag_skr49_053,l10n_de_skr49.account_tag_skr49_010","chart_skr49_8830"
"chart_skr49_8832","Erlöse aus Verkäufen Sachanlagevermögen (bei Buchverlust)","8832","False","expense","l10n_de_skr49.account_tag_skr49_053,l10n_de_skr49.account_tag_skr49_010","chart_skr49_8832"
"chart_skr49_8833","Anlagenabgänge Sachanlagen (Restbuchwert bei Buchverlust)","8833","False","expense","l10n_de_skr49.account_tag_skr49_053,l10n_de_skr49.account_tag_skr49_010","chart_skr49_8833"
"chart_skr49_8834","Rechts- und Beratungskosten","8834","False","expense","l10n_de_skr49.account_tag_skr49_053,l10n_de_skr49.account_tag_skr49_010","chart_skr49_8834"
"chart_skr49_8838","Anteilige Umsatzsteuerzahlungen","8838","False","expense","l10n_de_skr49.account_tag_skr49_053,l10n_de_skr49.account_tag_skr49_010","chart_skr49_8838"
"chart_skr49_8840","Aufzuteilende Vorsteuer","8840","False","expense","l10n_de_skr49.account_tag_skr49_053,l10n_de_skr49.account_tag_skr49_010","chart_skr49_8840"
"chart_skr49_8842","Abziehbare Vorsteuer","8842","False","expense","l10n_de_skr49.account_tag_skr49_053,l10n_de_skr49.account_tag_skr49_010","chart_skr49_8842"
"chart_skr49_8844","Nicht abziehbare Vorsteuer","8844","False","expense","l10n_de_skr49.account_tag_skr49_053,l10n_de_skr49.account_tag_skr49_010","chart_skr49_8844"
"chart_skr49_8850","Erträge aus Beteiligungen","8850","False","income_other","l10n_de_skr49.account_tag_skr49_235,l10n_de_skr49.account_tag_skr49_010","chart_skr49_8850"
"chart_skr49_8860","Erträge aus anderen Wertpapieren","8860","False","income_other","l10n_de_skr49.account_tag_skr49_236,l10n_de_skr49.account_tag_skr49_010","chart_skr49_8860"
"chart_skr49_8870","Sonstige Zinsen und ähnliche Erträge","8870","False","income_other","l10n_de_skr49.account_tag_skr49_237,l10n_de_skr49.account_tag_skr49_010","chart_skr49_8870"
"chart_skr49_8880","Abschreibungen auf Finanzanlagen (dauerhaft)","8880","False","expense_depreciation","l10n_de_skr49.account_tag_skr49_238,l10n_de_skr49.account_tag_skr49_010","chart_skr49_8880"
"chart_skr49_8890","Zinsen und ähnliche Aufwendungen","8890","False","expense","l10n_de_skr49.account_tag_skr49_222,l10n_de_skr49.account_tag_skr49_010","chart_skr49_8890"
"chart_skr49_8930","Sonstige steuern","8930","False","expense","l10n_de_skr49.account_tag_skr49_223,l10n_de_skr49.account_tag_skr49_010","chart_skr49_8930"
"chart_skr49_8980","Umgebuchte Einnahmen bisheriger Zweckbetriebe","8980","False","income","l10n_de_skr49.account_tag_skr49_239,l10n_de_skr49.account_tag_skr49_011","chart_skr49_8980"
"chart_skr49_8985","Erlöse 19 % USt","8985","False","income","l10n_de_skr49.account_tag_skr49_239,l10n_de_skr49.account_tag_skr49_011","chart_skr49_8985"
"chart_skr49_8986","Aufwand aus Storno Erlöse 7 % USt","8986","False","income","l10n_de_skr49.account_tag_skr49_239,l10n_de_skr49.account_tag_skr49_011","chart_skr49_8986"
"chart_skr49_8987","Gegenkonto zu 8985/8986","8987","False","income","l10n_de_skr49.account_tag_skr49_239,l10n_de_skr49.account_tag_skr49_011","chart_skr49_8987"
"chart_skr49_8990","Umgebuchte Ausgaben bisheriger Zweckbetriebe","8990","False","expense","l10n_de_skr49.account_tag_skr49_240,l10n_de_skr49.account_tag_skr49_011","chart_skr49_8990"
"chart_skr49_9000","Saldenvorträge Sachkonten","9000","False","income_other","l10n_de_skr49.account_tag_skr49_054","chart_skr49_9000"
"chart_skr49_9001","Saldenvorträge, Sachkonten","9001","False","income_other","l10n_de_skr49.account_tag_skr49_054","chart_skr49_9001"
"chart_skr49_9008","Saldenvorträge Debitoren","9008","False","income_other","l10n_de_skr49.account_tag_skr49_054","chart_skr49_9008"
"chart_skr49_9009","Saldenvorträge Kreditoren","9009","False","income_other","l10n_de_skr49.account_tag_skr49_054","chart_skr49_9009"
"chart_skr49_9070","Offene Posten aus 2000","9070","False","income_other","l10n_de_skr49.account_tag_skr49_054","chart_skr49_9070"
"chart_skr49_9071","Offene Posten aus 2001","9071","False","income_other","l10n_de_skr49.account_tag_skr49_054","chart_skr49_9071"
"chart_skr49_9072","Offene Posten aus 2002","9072","False","income_other","l10n_de_skr49.account_tag_skr49_054","chart_skr49_9072"
"chart_skr49_9073","Offene Posten aus 2003","9073","False","income_other","l10n_de_skr49.account_tag_skr49_054","chart_skr49_9073"
"chart_skr49_9074","Offene Posten aus 2004","9074","False","income_other","l10n_de_skr49.account_tag_skr49_054","chart_skr49_9074"
"chart_skr49_9075","Offene Posten aus 2005","9075","False","income_other","l10n_de_skr49.account_tag_skr49_054","chart_skr49_9075"
"chart_skr49_9076","Offene Posten aus 2006","9076","False","income_other","l10n_de_skr49.account_tag_skr49_054","chart_skr49_9076"
"chart_skr49_9077","Offene Posten aus 2007","9077","False","income_other","l10n_de_skr49.account_tag_skr49_054","chart_skr49_9077"
"chart_skr49_9078","Offene Posten aus 2008","9078","False","income_other","l10n_de_skr49.account_tag_skr49_054","chart_skr49_9078"
"chart_skr49_9079","Offene Posten aus 2009","9079","False","income_other","l10n_de_skr49.account_tag_skr49_054","chart_skr49_9079"
"chart_skr49_9080","Offene Posten aus 2010","9080","False","income_other","l10n_de_skr49.account_tag_skr49_054","chart_skr49_9080"
"chart_skr49_9081","Offene Posten aus 2011","9081","False","income_other","l10n_de_skr49.account_tag_skr49_054","chart_skr49_9081"
"chart_skr49_9082","Offene Posten aus 2012","9082","False","income_other","l10n_de_skr49.account_tag_skr49_054","chart_skr49_9082"
"chart_skr49_9083","Offene Posten aus 2013","9083","False","income_other","l10n_de_skr49.account_tag_skr49_054","chart_skr49_9083"
"chart_skr49_9084","Offene Posten aus 2014","9084","False","income_other","l10n_de_skr49.account_tag_skr49_054","chart_skr49_9084"
"chart_skr49_9085","Offene Posten aus 2015","9085","False","income_other","l10n_de_skr49.account_tag_skr49_054","chart_skr49_9085"
"chart_skr49_9086","Offene Posten aus 2016","9086","False","income_other","l10n_de_skr49.account_tag_skr49_054","chart_skr49_9086"
"chart_skr49_9087","Offene Posten aus 2017","9087","False","income_other","l10n_de_skr49.account_tag_skr49_054","chart_skr49_9087"
"chart_skr49_9088","Offene Posten aus 2018","9088","False","income_other","l10n_de_skr49.account_tag_skr49_054","chart_skr49_9088"
"chart_skr49_9090","Summenvortragskonto","9090","False","income_other","l10n_de_skr49.account_tag_skr49_054","chart_skr49_9090"
"chart_skr49_9091","Offene Posten aus 1991","9091","False","income_other","l10n_de_skr49.account_tag_skr49_054","chart_skr49_9091"
"chart_skr49_9092","Offene Posten aus 1992","9092","False","income_other","l10n_de_skr49.account_tag_skr49_054","chart_skr49_9092"
"chart_skr49_9093","Offene Posten aus 1993","9093","False","income_other","l10n_de_skr49.account_tag_skr49_054","chart_skr49_9093"
"chart_skr49_9094","Offene Posten aus 1994","9094","False","income_other","l10n_de_skr49.account_tag_skr49_054","chart_skr49_9094"
"chart_skr49_9095","Offene Posten aus 1995","9095","False","income_other","l10n_de_skr49.account_tag_skr49_054","chart_skr49_9095"
"chart_skr49_9096","Offene Posten aus 1996","9096","False","income_other","l10n_de_skr49.account_tag_skr49_054","chart_skr49_9096"
"chart_skr49_9097","Offene Posten aus 1997","9097","False","income_other","l10n_de_skr49.account_tag_skr49_054","chart_skr49_9097"
"chart_skr49_9098","Offene Posten aus 1998","9098","False","income_other","l10n_de_skr49.account_tag_skr49_054","chart_skr49_9098"
"chart_skr49_9099","Offene Posten aus 1999","9099","False","income_other","l10n_de_skr49.account_tag_skr49_054","chart_skr49_9099"
"chart_skr49_9240","Investitionsverbindlichkeiten bei den Leistungsverbindlichkeiten","9240","False","income_other","l10n_de_skr49.account_tag_skr49_055","chart_skr49_9240"
"chart_skr49_9241","Investitionsverbindlichkeiten aus Sachanlagenkäufen bei Leistungsverbindlichkeiten","9241","False","income_other","l10n_de_skr49.account_tag_skr49_055","chart_skr49_9241"
"chart_skr49_9242","Investitionsverbindlichkeiten aus Käufen von immateriellen Vermögensgegenständen bei Leistungsverbindlichkeiten","9242","False","income_other","l10n_de_skr49.account_tag_skr49_055","chart_skr49_9242"
"chart_skr49_9243","Investitionsverbindlichkeiten aus Käufen von Finanzanlagen bei Leistungsverbindlichkeiten","9243","False","income_other","l10n_de_skr49.account_tag_skr49_055","chart_skr49_9243"
"chart_skr49_9244","Gegenkonto zu Konten 9240-9243","9244","False","income_other","l10n_de_skr49.account_tag_skr49_055","chart_skr49_9244"
"chart_skr49_9245","Forderungen aus Sachanlagenverkäufen bei sonstigen Vermögensgegenständen","9245","False","income_other","l10n_de_skr49.account_tag_skr49_055","chart_skr49_9245"
"chart_skr49_9246","Forderungen aus Verkäufen immaterieller Vermögensgegenstände bei sonstigen Vermögensgegenständen","9246","False","income_other","l10n_de_skr49.account_tag_skr49_055","chart_skr49_9246"
"chart_skr49_9247","Forderungen aus Verkäufen von Finanzanlagen bei sonstigen Vermögensgegenständen","9247","False","income_other","l10n_de_skr49.account_tag_skr49_055","chart_skr49_9247"
"chart_skr49_9249","Gegenkonto zu Konten 9245-9247","9249","False","income_other","l10n_de_skr49.account_tag_skr49_055","chart_skr49_9249"
"chart_skr49_9270","Gegenkonto zu 9271 - 9279 (Sollbuchung)","9270","False","income_other","l10n_de_skr49.account_tag_skr49_056","chart_skr49_9270"
"chart_skr49_9271","Verbindlichkeiten aus der Begebung und Übertragung von Wechseln","9271","False","income_other","l10n_de_skr49.account_tag_skr49_056","chart_skr49_9271"
"chart_skr49_9272","Verbindlichkeiten aus der Begebung und Übertragung von Wechseln gegenüber verbundenen/assoziierten Unternehmen","9272","False","income_other","l10n_de_skr49.account_tag_skr49_056","chart_skr49_9272"
"chart_skr49_9273","Verbindlichkeiten aus Bürgschaften, Wechsel- und Scheckbürgschaften","9273","False","income_other","l10n_de_skr49.account_tag_skr49_056","chart_skr49_9273"
"chart_skr49_9274","Verbindlichkeiten aus Bürgschaften, Wechsel- und Scheckbürgschaften gegenüber verbundenen/assoziierten Unternehmen","9274","False","income_other","l10n_de_skr49.account_tag_skr49_056","chart_skr49_9274"
"chart_skr49_9275","Verbindlichkeiten aus Gewährleistungsverträgen","9275","False","income_other","l10n_de_skr49.account_tag_skr49_056","chart_skr49_9275"
"chart_skr49_9276","Verbindlichkeiten aus Gewährleistungsverträgen gegenüber verbundenen/assoziierten Unternehmen","9276","False","income_other","l10n_de_skr49.account_tag_skr49_056","chart_skr49_9276"
"chart_skr49_9277","Haftung aus der Bestellung von Sicherheiten für fremde Verbindlichkeiten","9277","False","income_other","l10n_de_skr49.account_tag_skr49_056","chart_skr49_9277"
"chart_skr49_9278","Haftung aus der Bestellung von Sicherheiten für fremde Verbindlichkeiten gegenüber verbundenen/assoziierten Unternehmen","9278","False","income_other","l10n_de_skr49.account_tag_skr49_056","chart_skr49_9278"
"chart_skr49_9279","Verpflichtungen aus Treuhandvermögen","9279","False","income_other","l10n_de_skr49.account_tag_skr49_056","chart_skr49_9279"
"chart_skr49_9280","Gegenkonto zu 9281-9286","9280","False","income_other","l10n_de_skr49.account_tag_skr49_057","chart_skr49_9280"
"chart_skr49_9281","Verpflichtungen aus Miet- und Leasingverträgen","9281","False","income_other","l10n_de_skr49.account_tag_skr49_057","chart_skr49_9281"
"chart_skr49_9283","Andere Verpflichtungen gem. ⌡ 285 Nr. 3a HGB","9283","False","income_other","l10n_de_skr49.account_tag_skr49_057","chart_skr49_9283"
"chart_skr49_9284","Andere Verpflichtungen gem. ⌡ 285 Nr. 3a HGB gegenüber verbundenen Unternehmen","9284","False","income_other","l10n_de_skr49.account_tag_skr49_057","chart_skr49_9284"
"chart_skr49_9285","Unterschiedsbetrag aus der Abzinsung von Altersversorgungsverpflichtungen nach ⌡ 253 Abs. 6 HGB (Haben)","9285","False","income_other","l10n_de_skr49.account_tag_skr49_058","chart_skr49_9285"
"chart_skr49_9286","Gegenkonto zu 9285","9286","False","income_other","l10n_de_skr49.account_tag_skr49_058","chart_skr49_9286"
"chart_skr49_9485","Steuerrechtlicher Ausgleichsposten","9485","False","income_other","l10n_de_skr49.account_tag_skr49_058,l10n_de_skr49.account_tag_skr49_241","chart_skr49_9485"
"chart_skr49_9490","Statistisches Konto für den Gewinnzuschlag nach ⌡⌡ 6b, 6c EStG (Haben)","9490","False","income_other","l10n_de_skr49.account_tag_skr49_059","chart_skr49_9490"
"chart_skr49_9491","Statistisches Konto für den Gewinnzuschlag nach ⌡⌡ 6b, 6c EStG (Soll) - Gegenkonto zu 9490","9491","False","income_other","l10n_de_skr49.account_tag_skr49_059","chart_skr49_9491"
"chart_skr49_9600","Faktor pauschale Vorsteuer 7 %","9600","False","income_other","l10n_de_skr49.account_tag_skr49_061","chart_skr49_9600"
"chart_skr49_9619","Gegenkonto zu 9600-9618","9619","False","income_other","l10n_de_skr49.account_tag_skr49_061","chart_skr49_9619"
"chart_skr49_9620","Fiktive Einnahmen aus Leistungen Dritter","9620","False","income_other","l10n_de_skr49.account_tag_skr49_061","chart_skr49_9620"
"chart_skr49_9621","Fiktive Ausgaben durch Zahlung Dritter","9621","False","income_other","l10n_de_skr49.account_tag_skr49_061","chart_skr49_9621"
"chart_skr49_9630","Nichtanzusetzende Einnahmen Klasse 7 u. 8 (⌡ 64 III AO)","9630","False","income_other","l10n_de_skr49.account_tag_skr49_061","chart_skr49_9630"
"chart_skr49_9631","Nichtanzusetzende Einnahmen Klasse 5 (⌡ 67a I AO)","9631","False","income_other","l10n_de_skr49.account_tag_skr49_061","chart_skr49_9631"
"chart_skr49_9632","Hinzuzurechnende Einnahmen Klasse 7 u. 8 (⌡ 64 III AO)","9632","False","income_other","l10n_de_skr49.account_tag_skr49_061","chart_skr49_9632"
"chart_skr49_9633","Hinzuzurechnende Einnahmen Klasse 5 (⌡ 67a I AO)","9633","False","income_other","l10n_de_skr49.account_tag_skr49_061","chart_skr49_9633"
"chart_skr49_9650","Umsatzsteuer Teilbereich 5000 Zweckbetrieb Sport 1","9650","False","income_other","l10n_de_skr49.account_tag_skr49_061","chart_skr49_9650"
"chart_skr49_9651","Umsatzsteuer Klasse 7","9651","False","income_other","l10n_de_skr49.account_tag_skr49_061","chart_skr49_9651"
"chart_skr49_9652","Umsatzsteuer Klasse 8","9652","False","income_other","l10n_de_skr49.account_tag_skr49_061","chart_skr49_9652"
"chart_skr49_9690","Gegenkonto für statistische Buchungen zu 9620 - 9689","9690","False","income_other","l10n_de_skr49.account_tag_skr49_061","chart_skr49_9690"
"chart_skr49_9700","Freies Statistikkonto für das Zusatzmodul Finanzrechnung","9700","False","income_other","l10n_de_skr49.account_tag_skr49_061","chart_skr49_9700"
"chart_skr49_9798","Gegenkonto 1 zu 9700-9797","9798","False","income_other","l10n_de_skr49.account_tag_skr49_061","chart_skr49_9798"
"chart_skr49_9799","Gegenkonto 2 zu 9700-9797","9799","False","income_other","l10n_de_skr49.account_tag_skr49_061","chart_skr49_9799"
"chart_skr49_9800","Abstimmsummenkonto für den Import von Buchungssätzen","9800","False","income_other","l10n_de_skr49.account_tag_skr49_061","chart_skr49_9800"
"chart_skr49_9802","Freies Konto für Werte","9802","False","income_other","l10n_de_skr49.account_tag_skr49_061","chart_skr49_9802"
"chart_skr49_9829","Gegenkonto zu 9802-9828 (Werte)","9829","False","income_other","l10n_de_skr49.account_tag_skr49_061","chart_skr49_9829"
"chart_skr49_9830","Freies Konto für Menge","9830","False","income_other","l10n_de_skr49.account_tag_skr49_061","chart_skr49_9830"
"chart_skr49_9849","Gegenkonto zu 9830-9848 (Menge)","9849","False","income_other","l10n_de_skr49.account_tag_skr49_061","chart_skr49_9849"
"chart_skr49_9850","Gegenkonto zu 9882 bis 9889 - für Vereinsergebnis/Stiftungsergebnis/Jahresüberschuss","9850","False","income_other","l10n_de_skr49.account_tag_skr49_062","chart_skr49_9850"
"chart_skr49_9860","Gegenkonto zu 9882 bis 9889 - für Ergebnisvortrag/Mittelvortrag/Bilanzgewinn","9860","False","income_other","l10n_de_skr49.account_tag_skr49_062","chart_skr49_9860"
"chart_skr49_9882","Ergebnisse Bereich 2000 und Teilbereich 3200","9882","False","income_other","l10n_de_skr49.account_tag_skr49_062","chart_skr49_9882"
"chart_skr49_9884","Ergebnisse Bereich 4000 und Teilbereich 3400","9884","False","income_other","l10n_de_skr49.account_tag_skr49_062","chart_skr49_9884"
"chart_skr49_9885","Ergebnisse Bereich 5000 und Teilbereich 3500","9885","False","income_other","l10n_de_skr49.account_tag_skr49_062","chart_skr49_9885"
"chart_skr49_9886","Ergebnisse Bereich 6000 und Teilbereich 3600","9886","False","income_other","l10n_de_skr49.account_tag_skr49_062","chart_skr49_9886"
"chart_skr49_9887","Ergebnisse Bereich 7000 und Teilbereich 3700","9887","False","income_other","l10n_de_skr49.account_tag_skr49_062","chart_skr49_9887"
"chart_skr49_9888","Ergebnisse Bereich 8000 und Teilbereich 3800","9888","False","income_other","l10n_de_skr49.account_tag_skr49_062","chart_skr49_9888"
"chart_skr49_9889","Ergebnisvorträge allgemein","9889","False","income_other","l10n_de_skr49.account_tag_skr49_062","chart_skr49_9889"
"chart_skr49_9966","Hinzurechnung Investitionsabzugsbetrag ⌡ 7g Abs. 2 EStG aus dem 2. vorangegangenen Wirtschaftsjahr, außerbilanziell (Haben)","9966","False","income_other","l10n_de_skr49.account_tag_skr49_063","chart_skr49_9966"
"chart_skr49_9967","Hinzurechnung Investitionsabzugsbetrag ⌡ 7g Abs. 2 EStG aus dem 3. vorangegangenen Wirtschaftsjahr, außerbilanziell (Haben)","9967","False","income_other","l10n_de_skr49.account_tag_skr49_063","chart_skr49_9967"
"chart_skr49_9968","Rückgängigmachung Investitionsabzugsbetrag ⌡ 7g Abs. 3, 4 EStG im 2. vorangegangenen Wirtschaftsjahr","9968","False","income_other","l10n_de_skr49.account_tag_skr49_063","chart_skr49_9968"
"chart_skr49_9969","Rückgängigmachung Investitionsabzugsbetrag ⌡ 7g Abs. 3, 4 EStG im 3. vorangegangenen Wirtschaftsjahr","9969","False","income_other","l10n_de_skr49.account_tag_skr49_063","chart_skr49_9969"
"chart_skr49_9970","Investitionsabzugsbetrag ⌡ 7g Abs. 1 EStG, ausserbilanziell (Soll)","9970","False","income_other","l10n_de_skr49.account_tag_skr49_063","chart_skr49_9970"
"chart_skr49_9971","Investitionsabzugsbetrag ⌡ 7g Abs. 1 EStG, ausserbilanziell (Haben) - Gegenkonto zu 9970","9971","False","income_other","l10n_de_skr49.account_tag_skr49_063","chart_skr49_9971"
"chart_skr49_9972","Hinzurechnung Investitionsabzugsbetrag ⌡ 7g Abs. 2 EStG aus dem vorangegangenen Wirtschaftsjahr, außerbilanziell (Haben)","9972","False","income_other","l10n_de_skr49.account_tag_skr49_063","chart_skr49_9972"
"chart_skr49_9973","Hinzurechnung Investitionsabzugsbetrag ⌡ 7g Abs. 2 EStG aus den vorangegangenen Wirtschaftsjahren, außerbilanziell (Soll) - Gegenkonto zu 9972, 9966, 9967","9973","False","income_other","l10n_de_skr49.account_tag_skr49_063","chart_skr49_9973"
"chart_skr49_9974","Rückgängigmachung Investitionsabzugsbetrag ⌡ 7g Abs. 3, 4 EStG im vorangegangenen Wirtschaftsjahr","9974","False","income_other","l10n_de_skr49.account_tag_skr49_063","chart_skr49_9974"
"chart_skr49_9975","Rückgängigmachung Investitionsabzugsbetrag ⌡ 7g Abs. 3, 4 EStG in den vorangegangenen Wirtschaftsjahren - Gegenkonto zu 9974, 9968, 9969","9975","False","income_other","l10n_de_skr49.account_tag_skr49_063","chart_skr49_9975"
"chart_skr49_9990","Erträge von außergewöhnlicher Größenordnung oder Bedeutung","9990","False","income_other","l10n_de_skr49.account_tag_skr49_064","chart_skr49_9990"
"chart_skr49_9991","Erträge (aperiodisch)","9991","False","income_other","l10n_de_skr49.account_tag_skr49_064","chart_skr49_9991"
"chart_skr49_9992","Erträge von außergewöhnlicher Größenordnung oder Bedeutung (aperiodisch)","9992","False","income_other","l10n_de_skr49.account_tag_skr49_064","chart_skr49_9992"
"chart_skr49_9993","Aufwendungen von außergewöhnlicher Größenordnung oder Bedeutung","9993","False","income_other","l10n_de_skr49.account_tag_skr49_064","chart_skr49_9993"
"chart_skr49_9994","Aufwendungen (aperiodisch)","9994","False","income_other","l10n_de_skr49.account_tag_skr49_064","chart_skr49_9994"
"chart_skr49_9995","Aufwendungen von außergewöhnlicher Größenordnung oder Bedeutung (aperiodisch)","9995","False","income_other","l10n_de_skr49.account_tag_skr49_064","chart_skr49_9995"
"chart_skr49_9998","Gegenkonto zu 9990-9997","9998","False","income_other","l10n_de_skr49.account_tag_skr49_064","chart_skr49_9998"
