id,name,note,code,referentiecode,account_type,tag_ids,reconcile,sort_code
101010,Verkrijgings- of vervaardigingsprijs kosten van oprichting en van uitgifte van aandelen,Verkrijgings- of vervaardigingsprijs kosten van oprichting en van uitgifte van aandelen,101010,BivaKouVvp,asset_fixed,l10n_nl_rgs.account_tag_0101000,0,A.A.A
101015,Actuele kostprijs kosten van oprichting en van uitgifte van aandelen,Actuele kostprijs,101015,BIvaKouAkp,asset_fixed,l10n_nl_rgs.account_tag_0101000,0,A.A.A1
101020,Cumulatieve afschrijvingen en waardeverminderingen kosten van oprichting en van uitgifte van aandelen,Cumulatieve afschrijvingen en waardeverminderingen,101020,BIvaKouCae,asset_fixed,l10n_nl_rgs.account_tag_0101000,0,A.A.B
101030,Cumulatieve herwaarderingen kosten van oprichting en van uitgifte van aandelen,Cumulatieve herwaarderingen,101030,BIvaKouCuh,asset_fixed,l10n_nl_rgs.account_tag_0101000,0,A.A.C
102010,Verkrijgings- of vervaardigingsprijs kosten van ontwikkeling,Verkrijgings- of vervaardigingsprijs,102010,BIvaKooVvp,asset_fixed,l10n_nl_rgs.account_tag_0102000,0,A.B.A
102015,Actuele kostprijs kosten van ontwikkeling,Actuele kostprijs,102015,BIvaKooAkp,asset_fixed,l10n_nl_rgs.account_tag_0102000,0,A.B.A1
102020,Cumulatieve afschrijvingen en waardeverminderingen kosten van ontwikkeling,Cumulatieve afschrijvingen en waardeverminderingen,102020,BIvaKooCae,asset_fixed,l10n_nl_rgs.account_tag_0102000,0,A.B.B
102030,Cumulatieve herwaarderingen kosten van ontwikkeling,Cumulatieve herwaarderingen,102030,BIvaKooCuh,asset_fixed,l10n_nl_rgs.account_tag_0102000,0,A.B.C
105010,Verkrijgings- of vervaardigingsprijs bouwclaims,Verkrijgings- of vervaardigingsprijs bouwclaims,105010,BIvaBouVvp,asset_fixed,l10n_nl_rgs.account_tag_0105000,0,A.K.A
105015,Actuele kostprijs bouwclaims,Actuele kostprijs,105015,BIvaBouAkp,asset_fixed,l10n_nl_rgs.account_tag_0105000,0,A.K.A1
105020,Cumulatieve afschrijvingen en waardeverminderingen bouwclaims,Cumulatieve afschrijvingen en waardeverminderingen bouwclaims,105020,BIvaBouCae,asset_fixed,l10n_nl_rgs.account_tag_0105000,0,A.K.B
105030,Cumulatieve herwaarderingen bouwclaims,Cumulatieve herwaarderingen bouwclaims,105030,BIvaBouCuh,asset_fixed,l10n_nl_rgs.account_tag_0105000,0,A.K.C
106010,"Verkrijgings- of vervaardigingsprijs concessies, vergunningen en intellectuele eigendom",Verkrijgings- of vervaardigingsprijs,106010,BIvaCevVvp,asset_fixed,l10n_nl_rgs.account_tag_0106000,0,A.C.A
106015,"Actuele kostprijs concessies, vergunningen en intellectuele eigendom",Actuele kostprijs,106015,BIvaCevAkp,asset_fixed,l10n_nl_rgs.account_tag_0106000,0,A.C.A1
106020,"Cumulatieve afschrijvingen en waardeverminderingen concessies, vergunningen en intellectuele eigendom",Cumulatieve afschrijvingen en waardeverminderingen,106020,BIvaCevCae,asset_fixed,l10n_nl_rgs.account_tag_0106000,0,A.C.B
106030,"Cumulatieve herwaarderingen concessies, vergunningen en intellectuele eigendom",Cumulatieve herwaarderingen,106030,BIvaCevCuh,asset_fixed,l10n_nl_rgs.account_tag_0106000,0,A.C.C
107010,Verkrijgings- of vervaardigingsprijs goodwill,Verkrijgings- of vervaardigingsprijs,107010,BIvaGooVvp,asset_fixed,l10n_nl_rgs.account_tag_0107000,0,A.D.A
107015,Actuele kostprijs goodwill,Actuele kostprijs,107015,BIvaGooAkp,asset_fixed,l10n_nl_rgs.account_tag_0107000,0,A.D.A1
107020,Cumulatieve afschrijvingen en waardeverminderingen goodwill,Cumulatieve afschrijvingen en waardeverminderingen,107020,BIvaGooCae,asset_fixed,l10n_nl_rgs.account_tag_0107000,0,A.D.B
107030,Cumulatieve herwaarderingen goodwill,Cumulatieve herwaarderingen,107030,BIvaGooCuh,asset_fixed,l10n_nl_rgs.account_tag_0107000,0,A.D.C
109010,Verkrijgings- of vervaardigingsprijs vooruitbetalingen op immateriële vaste activa,Verkrijgings- of vervaardigingsprijs,109010,BIvaVoiVvp,asset_fixed,l10n_nl_rgs.account_tag_0109000,0,A.E.A
109015,Actuele kostprijs vooruitbetalingen op immateriële vaste activa,Actuele kostprijs,109015,BIvaVoiAkp,asset_fixed,l10n_nl_rgs.account_tag_0109000,0,A.E.A1
109020,Cumulatieve afschrijvingen en waardeverminderingen vooruitbetalingen op immateriële vaste activa,Cumulatieve afschrijvingen en waardeverminderingen,109020,BIvaVoiCae,asset_fixed,l10n_nl_rgs.account_tag_0109000,0,A.E.B
109030,Cumulatieve herwaarderingen vooruitbetalingen op immateriële vaste activa,Cumulatieve herwaarderingen,109030,BIvaVoiCuh,asset_fixed,l10n_nl_rgs.account_tag_0109000,0,A.E.C
110010,Verkrijgings- of vervaardigingsprijs overige immateriële vaste activa,Verkrijgings- of vervaardigingsprijs,110010,BIvaOivVvp,asset_fixed,l10n_nl_rgs.account_tag_0110000,0,A.Z.A
110015,Actuele kostprijs overige immateriële vaste activa,Actuele kostprijs,110015,BIvaOivAkp,asset_fixed,l10n_nl_rgs.account_tag_0110000,0,A.Z.A1
110020,Cumulatieve afschrijvingen en waardeverminderingen overige immateriële vaste activa,Cumulatieve afschrijvingen en waardeverminderingen,110020,BIvaOivCae,asset_fixed,l10n_nl_rgs.account_tag_0110000,0,A.Z.B
110030,Cumulatieve herwaarderingen overige immateriële vaste activa,Cumulatieve herwaarderingen,110030,BIvaOivCuh,asset_fixed,l10n_nl_rgs.account_tag_0110000,0,A.Z.C
201010,Verkrijgings- of vervaardigingsprijs terreinen,Verkrijgings- of vervaardigingsprijs,201010,BMvaTerVvp,asset_fixed,l10n_nl_rgs.account_tag_0201000,0,B.A.A
201015,Actuele kostprijs terreinen,Actuele kostprijs,201015,BMvaTerAkp,asset_fixed,l10n_nl_rgs.account_tag_0201000,0,B.A.A1
201020,Cumulatieve afschrijvingen en waardeverminderingen terreinen,Cumulatieve afschrijvingen en waardeverminderingen,201020,BMvaTerCae,asset_fixed,l10n_nl_rgs.account_tag_0201000,0,B.A.B
201030,Cumulatieve herwaarderingen terreinen,Cumulatieve herwaarderingen,201030,BMvaTerCuh,asset_fixed,l10n_nl_rgs.account_tag_0201000,0,B.A.C
202010,Verkrijgings- of vervaardigingsprijs bedrijfsgebouwen,Verkrijgings- of vervaardigingsprijs,202010,BMvaBegVvp,asset_fixed,l10n_nl_rgs.account_tag_0202000,0,B.B.A
202015,Actuele kostprijs bedrijfsgebouwen,Actuele kostprijs,202015,BMvaBegAkp,asset_fixed,l10n_nl_rgs.account_tag_0202000,0,B.B.A1
202020,Cumulatieve afschrijvingen en waardeverminderingen bedrijfsgebouwen,Cumulatieve afschrijvingen en waardeverminderingen,202020,BMvaBegCae,asset_fixed,l10n_nl_rgs.account_tag_0202000,0,B.B.B
202030,Cumulatieve herwaarderingen bedrijfsgebouwen,Cumulatieve herwaarderingen,202030,BMvaBegCuh,asset_fixed,l10n_nl_rgs.account_tag_0202000,0,B.B.C
203010,Verkrijgings- of vervaardigingsprijs verbouwingen,Verkrijgings- of vervaardigingsprijs,203010,BMvaVerVvp,asset_fixed,l10n_nl_rgs.account_tag_0203000,0,B.C.A
203015,Actuele kostprijs verbouwingen,Actuele kostprijs,203015,BMvaVerAkp,asset_fixed,l10n_nl_rgs.account_tag_0203000,0,B.C.A1
203020,Cumulatieve afschrijvingen en waardeverminderingen verbouwingen,Cumulatieve afschrijvingen en waardeverminderingen,203020,BMvaVerCae,asset_fixed,l10n_nl_rgs.account_tag_0203000,0,B.C.B
203030,Cumulatieve herwaarderingen verbouwingen,Cumulatieve herwaarderingen,203030,BMvaVerCuh,asset_fixed,l10n_nl_rgs.account_tag_0203000,0,B.C.C
204010,Kostprijs vastgoedbeleggingen in ontwikkeling,Kostprijs,204010,BVasVioVvp,asset_fixed,l10n_nl_rgs.account_tag_0204000,0,C.A.A
204015,Actuele kostprijs vastgoedbeleggingen in ontwikkeling,Actuele kostprijs,204015,BVasVioAkp,asset_fixed,l10n_nl_rgs.account_tag_0204000,0,C.A.A1
204020,Cumulatieve afschrijvingen en waardeverminderingen ,Cumulatieve afschrijvingen en waardeverminderingen,204020,BVasVioCae,asset_fixed,l10n_nl_rgs.account_tag_0204000,0,C.A.B
204030,Cumulatieve herwaarderingen ,Cumulatieve herwaarderingen,204030,BVasVioCuh,asset_fixed,l10n_nl_rgs.account_tag_0204000,0,C.A.C
205010,Kostprijs vastgoedbeleggingen in exploitatie,Kostprijs,205010,BVasSviVvp,asset_fixed,l10n_nl_rgs.account_tag_0205000,0,C.B.A
205015,Actuele kostprijs vastgoedbeleggingen in exploitatie,Actuele kostprijs,205015,BVasSviAkp,asset_fixed,l10n_nl_rgs.account_tag_0205000,0,C.B.A1
205020,Cumulatieve afschrijvingen en waardeverminderingen ,Cumulatieve afschrijvingen en waardeverminderingen,205020,BVasSviCae,asset_fixed,l10n_nl_rgs.account_tag_0205000,0,C.B.B
205030,Cumulatieve herwaarderingen ,Cumulatieve herwaarderingen,205030,BVasSviCuh,asset_fixed,l10n_nl_rgs.account_tag_0205000,0,C.B.C
206010,Kostprijs Niet-Daeb- vastgoed in exploitatie,Kostprijs Niet-Daeb- vastgoed in exploitatie,206010,BVasCviVvp,asset_fixed,l10n_nl_rgs.account_tag_0206000,0,C.C.A
206015,Actuele kostprijs Niet-Daeb- vastgoed in exploitatie,Actuele kostprijs Niet-Daeb- vastgoed in exploitatie,206015,BVasCviAkp,asset_fixed,l10n_nl_rgs.account_tag_0206000,0,C.C.A1
206020,Cumulatieve afschrijvingen en waardeverminderingen Niet-Daeb-vastgoed in exploitatie,Cumulatieve afschrijvingen en waardeverminderingen Niet-Daeb-vastgoed in exploitatie,206020,BVasCviCae,asset_fixed,l10n_nl_rgs.account_tag_0206000,0,C.C.B
206030,Cumulatieve herwaarderingen Niet-Daeb-vastgoed in exploitatie,Cumulatieve herwaarderingen Niet-Daeb-vastgoed in exploitatie,206030,BVasCviCuh,asset_fixed,l10n_nl_rgs.account_tag_0206000,0,C.C.C
207010,Verkrijgings- of vervaardigingsprijs onroerende zaken verkocht onder voorwaarden,Verkrijgings- of vervaardigingsprijs onroerende zaken verkocht onder voorwaarden,207010,BVasOzvVvp,asset_fixed,l10n_nl_rgs.account_tag_0207000,0,C.D.A
207015,Actuele kostprijs onroerende zaken verkocht onder voorwaarden,Actuele kostprijs onroerende zaken verkocht onder voorwaarden,207015,BVasOzvAkp,asset_fixed,l10n_nl_rgs.account_tag_0207000,0,C.D.A1
207020,Cumulatieve afschrijvingen en waardeverminderingen onroerende zaken verkocht onder voorwaarden,Cumulatieve afschrijvingen en waardeverminderingen onroerende zaken verkocht onder voorwaarden,207020,BVasOzvCae,asset_fixed,l10n_nl_rgs.account_tag_0207000,0,C.D.B
207030,Cumulatieve herwaarderingen onroerende zaken verkocht onder voorwaarden,Cumulatieve herwaarderingen onroerende zaken verkocht onder voorwaarden,207030,BVasOzvCuh,asset_fixed,l10n_nl_rgs.account_tag_0207000,0,C.D.C
209010,Verkrijgings- of vervaardigingsprijs huurdersinvesteringen,Verkrijgings- of vervaardigingsprijs,209010,BMvaHuuVvp,asset_fixed,l10n_nl_rgs.account_tag_0209000,0,B.L.A
209015,Actuele kostprijs huurdersinvesteringen,Actuele kostprijs,209015,BMvaHuuAkp,asset_fixed,l10n_nl_rgs.account_tag_0209000,0,B.L.A1
209020,Cumulatieve afschrijvingen en waardeverminderingen huurdersinvesteringen,Cumulatieve afschrijvingen en waardeverminderingen,209020,BMvaHuuCae,asset_fixed,l10n_nl_rgs.account_tag_0209000,0,B.L.B
209030,Cumulatieve herwaarderingen huurdersinvesteringen,Cumulatieve herwaarderingen,209030,BMvaHuuCuh,asset_fixed,l10n_nl_rgs.account_tag_0209000,0,B.L.C
210010,Verkrijgings- of vervaardigingsprijs machines en installaties,Verkrijgings- of vervaardigingsprijs,210010,BMvaMeiVvp,asset_fixed,l10n_nl_rgs.account_tag_0210000,0,B.D.A
210015,Actuele kostprijs machines en installaties,Actuele kostprijs,210015,BMvaMeiAkp,asset_fixed,l10n_nl_rgs.account_tag_0210000,0,B.D.A1
210020,Cumulatieve afschrijvingen en waardeverminderingen machines en installaties,Cumulatieve afschrijvingen en waardeverminderingen,210020,BMvaMeiCae,asset_fixed,l10n_nl_rgs.account_tag_0210000,0,B.D.B
210030,Cumulatieve herwaarderingen machines en installaties,Cumulatieve herwaarderingen,210030,BMvaMeiCuh,asset_fixed,l10n_nl_rgs.account_tag_0210000,0,B.D.C
211010,Verkrijgings- of vervaardigingsprijs vliegtuigen,Verkrijgings- of vervaardigingsprijs,211010,BMvaVliVvp,asset_fixed,l10n_nl_rgs.account_tag_0211000,0,B.M.A
211015,Actuele kostprijs vliegtuigen,Actuele kostprijs,211015,BMvaVliAkp,asset_fixed,l10n_nl_rgs.account_tag_0211000,0,B.M.A1
211020,Cumulatieve afschrijvingen en waardeverminderingen vliegtuigen,Cumulatieve afschrijvingen en waardeverminderingen,211020,BMvaVliCae,asset_fixed,l10n_nl_rgs.account_tag_0211000,0,B.M.B
211030,Cumulatieve herwaarderingen vliegtuigen,Cumulatieve herwaarderingen,211030,BMvaVliCuh,asset_fixed,l10n_nl_rgs.account_tag_0211000,0,B.M.C
212010,Verkrijgings- of vervaardigingsprijs schepen,Verkrijgings- of vervaardigingsprijs,212010,BMvaSchVvp,asset_fixed,l10n_nl_rgs.account_tag_0212000,0,B.N.A
212015,Actuele kostprijs schepen,Actuele kostprijs,212015,BMvaSchAkp,asset_fixed,l10n_nl_rgs.account_tag_0212000,0,B.N.A1
212020,Cumulatieve afschrijvingen en waardeverminderingen schepen,Cumulatieve afschrijvingen en waardeverminderingen,212020,BMvaSchCae,asset_fixed,l10n_nl_rgs.account_tag_0212000,0,B.N.B
212030,Cumulatieve herwaarderingen schepen,Cumulatieve herwaarderingen,212030,BMvaSchCuh,asset_fixed,l10n_nl_rgs.account_tag_0212000,0,B.N.C
213010,Verkrijgings- of vervaardigingsprijs automobielen en overige transportmiddelen,Verkrijgings- of vervaardigingsprijs,213010,BMvaTevVvp,asset_fixed,l10n_nl_rgs.account_tag_0213000,0,B.I.A
213015,Actuele kostprijs automobielen en overige transportmiddelen,Actuele kostprijs,213015,BMvaTevAkp,asset_fixed,l10n_nl_rgs.account_tag_0213000,0,B.I.A1
213020,Cumulatieve afschrijvingen en waardeverminderingen automobielen en overige transportmiddelen,Cumulatieve afschrijvingen en waardeverminderingen,213020,BMvaTevCae,asset_fixed,l10n_nl_rgs.account_tag_0213000,0,B.I.B
213030,Cumulatieve herwaarderingen automobielen en overige transportmiddelen,Cumulatieve herwaarderingen,213030,BMvaTevCuh,asset_fixed,l10n_nl_rgs.account_tag_0213000,0,B.I.C
214010,Verkrijgings- of vervaardigingsprijs andere vaste bedrijfsmiddelen,Verkrijgings- of vervaardigingsprijs,214010,BMvaObeVvp,asset_fixed,l10n_nl_rgs.account_tag_0214000,0,B.E.A
214015,Actuele kostprijs andere vaste bedrijfsmiddelen,Actuele kostprijs,214015,BMvaObeAkp,asset_fixed,l10n_nl_rgs.account_tag_0214000,0,B.E.A1
214020,Cumulatieve afschrijvingen en waardeverminderingen andere vaste bedrijfsmiddelen,Cumulatieve afschrijvingen en waardeverminderingen,214020,BMvaObeCae,asset_fixed,l10n_nl_rgs.account_tag_0214000,0,B.E.B
214030,Cumulatieve herwaarderingen andere vaste bedrijfsmiddelen,Cumulatieve herwaarderingen,214030,BMvaObeCuh,asset_fixed,l10n_nl_rgs.account_tag_0214000,0,B.E.C
215010,Verkrijgings- of vervaardigingsprijs inventaris,Verkrijgings- of vervaardigingsprijs,215010,BMvaBeiVvp,asset_fixed,l10n_nl_rgs.account_tag_0215000,0,B.H.A
215015,Actuele kostprijs inventaris,Actuele kostprijs,215015,BMvaBeiAkp,asset_fixed,l10n_nl_rgs.account_tag_0215000,0,B.H.A1
215020,Cumulatieve afschrijvingen en waardeverminderingen inventaris,Cumulatieve afschrijvingen en waardeverminderingen,215020,BMvaBeiCae,asset_fixed,l10n_nl_rgs.account_tag_0215000,0,B.H.B
215030,Cumulatieve herwaarderingen inventaris,Cumulatieve herwaarderingen,215030,BMvaBeiCuh,asset_fixed,l10n_nl_rgs.account_tag_0215000,0,B.H.C
216010,Verkrijgings- of vervaardigingsprijs vaste bedrijfsmiddelen in uitvoering,Verkrijgings- of vervaardigingsprijs,216010,BMvaVbiVvp,asset_fixed,l10n_nl_rgs.account_tag_0216000,0,B.U.A
216015,Actuele kostprijs vaste bedrijfsmiddelen in uitvoering,Actuele kostprijs,216015,BMvaVbiAkp,asset_fixed,l10n_nl_rgs.account_tag_0216000,0,B.U.A1
216020,Cumulatieve afschrijvingen en waardeverminderingen vaste bedrijfsmiddelen in uitvoering,Cumulatieve afschrijvingen en waardeverminderingen,216020,BMvaVbiCae,asset_fixed,l10n_nl_rgs.account_tag_0216000,0,B.U.B
216030,Cumulatieve herwaarderingen vaste bedrijfsmiddelen in uitvoering,Cumulatieve herwaarderingen,216030,BMvaVbiCuh,asset_fixed,l10n_nl_rgs.account_tag_0216000,0,B.U.C
216110,Verkrijgings- of vervaardigingsprijs vooruitbetalingen op materiële vaste activa,Verkrijgings- of vervaardigingsprijs,216110,BMvaVmvVvp,asset_fixed,l10n_nl_rgs.account_tag_0216000,0,B.V.A
216115,Actuele kostprijs vooruitbetalingen op materiële vaste activa,Actuele kostprijs,216115,BMvaVmvAkp,asset_fixed,l10n_nl_rgs.account_tag_0216000,0,B.V.A1
216120,Cumulatieve afschrijvingen en waardeverminderingen vooruitbetalingen op materiële vaste activa,Cumulatieve afschrijvingen en waardeverminderingen,216120,BMvaVmvCae,asset_fixed,l10n_nl_rgs.account_tag_0216000,0,B.V.B
216130,Cumulatieve herwaarderingen vooruitbetalingen op materiële vaste activa,Cumulatieve herwaarderingen,216130,BMvaVmvCuh,asset_fixed,l10n_nl_rgs.account_tag_0216000,0,B.V.C
217010,Verkrijgings- of vervaardigingsprijs niet aan de bedrijfsuitoefening dienstbare materiële vaste activa,Verkrijgings- of vervaardigingsprijs,217010,BMvaNadVvp,asset_fixed,l10n_nl_rgs.account_tag_0217000,0,B.W.A
217015,Actuele kostprijs niet aan de bedrijfsuitoefening dienstbare materiële vaste activa,Actuele kostprijs,217015,BMvaNadAkp,asset_fixed,l10n_nl_rgs.account_tag_0217000,0,B.W.A1
217020,Cumulatieve afschrijvingen en waardeverminderingen niet aan de bedrijfsuitoefening dienstbare materiële vaste activa,Cumulatieve afschrijvingen en waardeverminderingen,217020,BMvaNadCae,asset_fixed,l10n_nl_rgs.account_tag_0217000,0,B.W.B
217030,Cumulatieve herwaarderingen niet aan de bedrijfsuitoefening dienstbare materiële vaste activa,Cumulatieve herwaarderingen,217030,BMvaNadCuh,asset_fixed,l10n_nl_rgs.account_tag_0217000,0,B.W.C
218010,Verkrijgings- of vervaardigingsprijs ten dienste van de exploitatie,Verkrijgings- of vervaardigingsprijs ten dienste van de exploitatie,218010,BMvaOrzVvp,asset_fixed,l10n_nl_rgs.account_tag_0218000,0,B.X.A
218015,Actuele kostprijs ten dienste van de exploitatie,Actuele kostprijs,218015,BMvaOrzAkp,asset_fixed,l10n_nl_rgs.account_tag_0218000,0,B.X.A1
218020,Cumulatieve afschrijvingen en waardeverminderingen  ten dienste van de exploitatie,Cumulatieve afschrijvingen en waardeverminderingen,218020,BMvaOrzCae,asset_fixed,l10n_nl_rgs.account_tag_0218000,0,B.X.B
218030,Cumulatieve herwaarderingen  ten dienste van de exploitatie,Cumulatieve herwaarderingen,218030,BMvaOrzCuh,asset_fixed,l10n_nl_rgs.account_tag_0218000,0,B.X.C
221010,Verkrijgings- of vervaardigingsprijs meerjaren plantopstand,Verkrijgings- of vervaardigingsprijs,221010,BMvaMepVvp,asset_fixed,l10n_nl_rgs.account_tag_0221000,0,B.Q.A
221020,Cumulatieve afschrijvingen en waardeverminderingen meerjaren plantopstand,Cumulatieve afschrijvingen en waardeverminderingen,221020,BMvaMepCae,asset_fixed,l10n_nl_rgs.account_tag_0221000,0,B.Q.B
221030,Cumulatieve herwaarderingen meerjaren plantopstand,Cumulatieve herwaarderingen,221030,BMvaMepCuh,asset_fixed,l10n_nl_rgs.account_tag_0221000,0,B.Q.C
222010,Verkrijgings- of vervaardigingsprijs gebruiksvee,Verkrijgings- of vervaardigingsprijs,222010,BMvaGebVvp,asset_fixed,l10n_nl_rgs.account_tag_0222000,0,B.S.A
222020,Cumulatieve afschrijvingen en waardeverminderingen gebruiksvee,Cumulatieve afschrijvingen en waardeverminderingen,222020,BMvaGebCae,asset_fixed,l10n_nl_rgs.account_tag_0222000,0,B.S.B
222030,Cumulatieve herwaarderingen gebruiksvee,Cumulatieve herwaarderingen,222030,BMvaGebCuh,asset_fixed,l10n_nl_rgs.account_tag_0222000,0,B.S.C
301010,Deelnemingen in groepsmaatschappijen,Deelnemingen in groepsmaatschappijen,301010,BFvaDigNev,asset_fixed,l10n_nl_rgs.account_tag_0301000,0,D.A.A
301020,Cumulatieve afschrijvingen en waardeverminderingen deelnemingen in groepsmaatschappijen,Cumulatieve afschrijvingen en waardeverminderingen,301020,BFvaDigCae,asset_fixed,l10n_nl_rgs.account_tag_0301000,0,D.A.B
301030,Cumulatieve herwaarderingen deelnemingen in groepsmaatschappijen,Cumulatieve herwaarderingen,301030,BFvaDigCuh,asset_fixed,l10n_nl_rgs.account_tag_0301000,0,D.A.C
302020,Deelnemingen in overige verbonden maatschappijen,Deelnemingen in overige verbonden maatschappijen,302020,BFvaDioNev,asset_fixed,l10n_nl_rgs.account_tag_0302000,0,D.B.A
302030,Cumulatieve afschrijvingen en waardeverminderingen deelnemingen in overige verbonden maatschappijen,Cumulatieve afschrijvingen en waardeverminderingen,302030,BFvaDioCae,asset_fixed,l10n_nl_rgs.account_tag_0302000,0,D.B.B
302040,Cumulatieve herwaarderingen deelnemingen in overige verbonden maatschappijen,Cumulatieve herwaarderingen,302040,BFvaDioCuh,asset_fixed,l10n_nl_rgs.account_tag_0302000,0,D.B.C
303010,Overige deelnemingen,Overige deelnemingen,303010,BFvaAndKpr,asset_fixed,l10n_nl_rgs.account_tag_0303000,0,D.E.A
303020,Cumulatieve afschrijvingen en waardeverminderingen overige deelnemingen,Cumulatieve afschrijvingen en waardeverminderingen,303020,BFvaAndCae,asset_fixed,l10n_nl_rgs.account_tag_0303000,0,D.E.B
303030,Cumulatieve herwaarderingen overige deelnemingen,Cumulatieve herwaarderingen,303030,BFvaAndCuh,asset_fixed,l10n_nl_rgs.account_tag_0303000,0,D.E.C
304010,Overige effecten (langlopend),Overige effecten (langlopend),304010,BFvaOveWaa,asset_fixed,l10n_nl_rgs.account_tag_0304000,0,D.G.A
304020,Cumulatieve afschrijvingen en waardeverminderingen overige effecten (langlopend),Cumulatieve afschrijvingen en waardeverminderingen,304020,BFvaOveCuw,asset_fixed,l10n_nl_rgs.account_tag_0304000,0,D.G.B
304030,Cumulatieve herwaarderingen overige effecten (langlopend),Cumulatieve herwaarderingen,304030,BFvaOveCuh,asset_fixed,l10n_nl_rgs.account_tag_0304000,0,D.G.C
305010,Vorderingen op groepsmaatschappijen,Vorderingen op groepsmaatschappijen,305010,BFvaVogVgl,asset_fixed,l10n_nl_rgs.account_tag_0305000,0,D.C.A
305020,Cumulatieve afschrijvingen en waardeverminderingen vorderingen op groepsmaatschappijen,Cumulatieve afschrijvingen en waardeverminderingen,305020,BFvaVogCae,asset_fixed,l10n_nl_rgs.account_tag_0305000,0,D.C.B
305030,Cumulatieve herwaarderingen vorderingen op groepsmaatschappijen,Cumulatieve herwaarderingen,305030,BFvaVogCuh,asset_fixed,l10n_nl_rgs.account_tag_0305000,0,D.C.C
306010,Vorderingen op participanten en op maatschappijen waarin wordt deelgenomen,Vorderingen op participanten en op maatschappijen waarin wordt deelgenomen,306010,BFvaVopVpl,asset_fixed,l10n_nl_rgs.account_tag_0306000,0,D.F.A
306020,Cumulatieve afschrijvingen en waardeverminderingen vorderingen op participanten en op maatschappijen waarin wordt deelgenomen,Cumulatieve afschrijvingen en waardeverminderingen,306020,BFvaVopCae,asset_fixed,l10n_nl_rgs.account_tag_0306000,0,D.F.B
306030,Cumulatieve herwaarderingen vorderingen op participanten en op maatschappijen waarin wordt deelgenomen,Cumulatieve herwaarderingen,306030,BFvaVopCuh,asset_fixed,l10n_nl_rgs.account_tag_0306000,0,D.F.C
307010,Vorderingen op overige verbonden maatschappijen,Vorderingen op overige verbonden maatschappijen,307010,BFvaVovVol,asset_fixed,l10n_nl_rgs.account_tag_0307000,0,D.D.A
307020,Cumulatieve afschrijvingen en waardeverminderingen vorderingen op overige verbonden maatschappijen,Cumulatieve afschrijvingen en waardeverminderingen,307020,BFvaVovCae,asset_fixed,l10n_nl_rgs.account_tag_0307000,0,D.D.B
307030,Cumulatieve herwaarderingen vorderingen op overige verbonden maatschappijen,Cumulatieve herwaarderingen,307030,BFvaVovCuh,asset_fixed,l10n_nl_rgs.account_tag_0307000,0,D.D.C
308010,Compensabele verliezen,Compensabele verliezen,308010,BFvaLbvBll,asset_fixed,l10n_nl_rgs.account_tag_0308000,0,D.I.A
308020,Verrekenbare tijdelijke verschillen,Verrekenbare tijdelijke verschillen,308020,BFvaLbvVtv,asset_fixed,l10n_nl_rgs.account_tag_0308000,0,D.I.B
308030,Verrekenbare tijdelijke verschillen in verband met investeringen in groepsmaatschappijen enz.,Verrekenbare tijdelijke verschillen in verband met investeringen in groepsmaatschappijen enz.,308030,BFvaLbvVtg,asset_fixed,l10n_nl_rgs.account_tag_0308000,0,D.I.C
309009,Hoofdsom te vorderen subsidies (langlopend),Hoofdsom te vorderen subsidies (langlopend),309009,BFvaOvrTsl,asset_fixed,l10n_nl_rgs.account_tag_0309000,0,D.H.G
309019,Cumulatieve aflossingen en waardeverminderingen te vorderen subsidies (langlopend),Cumulatieve aflossingen en waardeverminderingen te vorderen subsidies (langlopend),309019,BFvaOvrTsc,asset_fixed,l10n_nl_rgs.account_tag_0309000,0,D.H.GA
309020,"Hoofdsom leningen, voorschotten en garanties ten behoeve van bestuurders (langlopend)","Hoofdsom leningen, voorschotten en garanties ten behoeve van bestuurders",309020,BFvaOvrVob,asset_fixed,l10n_nl_rgs.account_tag_0309000,0,D.H.A
309021,"Hoofdsom leningen, voorschotten en garanties ten behoeve van gewezen bestuurders (langlopend)","Hoofdsom leningen, voorschotten en garanties ten behoeve van gewezen bestuurders",309021,BFvaOvrVgb,asset_fixed,l10n_nl_rgs.account_tag_0309000,0,D.H.B
309022,"Hoofdsom leningen, voorschotten en garanties ten behoeve van commissarissen (langlopend)","Hoofdsom leningen, voorschotten en garanties ten behoeve van commissarissen",309022,BFvaOvrVoc,asset_fixed,l10n_nl_rgs.account_tag_0309000,0,D.H.C
309023,"Hoofdsom leningen, voorschotten en garanties ten behoeve van gewezen commissarissen (langlopend)","Hoofdsom leningen, voorschotten en garanties ten behoeve van gewezen commissarissen",309023,BFvaOvrVgc,asset_fixed,l10n_nl_rgs.account_tag_0309000,0,D.H.D
309024,Hoofdsom vorderingen uit hoofde van leningen en voorschotten aan leden (langlopend),Hoofdsom vorderingen uit hoofde van leningen en voorschotten aan leden,309024,BFvaOvrLvl,asset_fixed,l10n_nl_rgs.account_tag_0309000,0,D.H.E
309025,Hoofdsom vorderingen uit hoofde van leningen en voorschotten houders van aandelen op naam (langlopend),Hoofdsom vorderingen uit hoofde van leningen en voorschotten houders van aandelen op naam,309025,BFvaOvrHva,asset_fixed,l10n_nl_rgs.account_tag_0309000,0,D.H.F
309027,Agio afkoop leningen/derivaten,Agio afkoop leningen/derivaten,309027,BFvaOvrAga,asset_fixed,l10n_nl_rgs.account_tag_0309000,0,D.H.L
309028,Storting ivm derivaten,Storting ivm derivaten,309028,BFvaOvrSid,asset_fixed,l10n_nl_rgs.account_tag_0309000,0,D.H.K
309029,Hoofdsom overige financiële vaste activa (langlopend),Hoofdsom overige financiële vaste activa (langlopend),309029,BFvaOvrOvl,asset_fixed,l10n_nl_rgs.account_tag_0309000,0,D.H.J
309039,Hoofdsom ledenrekeningen (langlopend),Hoofdsom ledenrekeningen (langlopend),309039,BFvaOvrLed,asset_fixed,l10n_nl_rgs.account_tag_0309000,0,D.H.I
309050,Hoofdsom waarborgsommen (langlopend),Hoofdsom waarborgsommen (langlopend),309050,BFvaOvrWaa,asset_fixed,l10n_nl_rgs.account_tag_0309000,0,D.H.H
309120,"Cumulatieve aflossingen en waardeverminderingen leningen, voorschotten en garanties bestuurders (langlopend)","Cumulatieve aflossingen en waardeverminderingen leningen, voorschotten en garanties bestuurders",309120,BFvaOvrVoa,asset_fixed,l10n_nl_rgs.account_tag_0309000,0,D.H.AA
309121,"Cumulatieve aflossingen en waardeverminderingen leningen, voorschotten en garanties gewezen bestuurders (langlopend)","Cumulatieve aflossingen en waardeverminderingen leningen, voorschotten en garanties gewezen bestuurders (langlopend)",309121,BFvaOvrVga,asset_fixed,l10n_nl_rgs.account_tag_0309000,0,D.H.BA
309122,"Cumulatieve aflossingen en waardeverminderingen leningen, voorschotten en garanties commissarissen (langlopend)","Cumulatieve aflossingen en waardeverminderingen leningen, voorschotten en garanties commissarissen (langlopend)",309122,BFvaOvrVca,asset_fixed,l10n_nl_rgs.account_tag_0309000,0,D.H.CA
309123,"Cumulatieve aflossingen en waardeverminderingen leningen, voorschotten en garanties gewezen commissarissen (langlopend)","Cumulatieve aflossingen en waardeverminderingen leningen, voorschotten en garanties gewezen commissarissen (langlopend)",309123,BFvaOvrVaw,asset_fixed,l10n_nl_rgs.account_tag_0309000,0,D.H.DA
309124,Cumulatieve aflossingen en waardeverminderingen leningen en voorschotten aan leden (Langlopend),Cumulatieve aflossingen en waardeverminderingen leningen en voorschotten aan leden (Langlopend),309124,BFvaOvrLvc,asset_fixed,l10n_nl_rgs.account_tag_0309000,0,D.H.EA
309125,Cumulatieve aflossingen en waardeverminderingen leningen en voorschotten houders van aandelen op naam (langlopend),Cumulatieve aflossingen en waardeverminderingen leningen en voorschotten houders van aandelen op naam (langlopend),309125,BFvaOvrHvc,asset_fixed,l10n_nl_rgs.account_tag_0309000,0,D.H.FA
309129,Cumulatieve aflossingen en waardeverminderingen overige financiële vaste activa (langlopend),Cumulatieve aflossingen en waardeverminderingen overige financiële vaste activa (langlopend),309129,BFvaOvrOvc,asset_fixed,l10n_nl_rgs.account_tag_0309000,0,D.H.JA
309139,Cumulatieve aflossingen en waardeverminderingen ledenrekeningen (langlopend),Cumulatieve aflossingen en waardeverminderingen ledenrekeningen (langlopend),309139,BFvaOvrLec,asset_fixed,l10n_nl_rgs.account_tag_0309000,0,D.H.IA
309150,Cumulatieve aflossingen en waardeverminderingen waarborgsommen (langlopend),Cumulatieve aflossingen en waardeverminderingen waarborgsommen (langlopend),309150,BFvaOvrWac,asset_fixed,l10n_nl_rgs.account_tag_0309000,0,D.H.HA
310010,Hoofdsom te vorderen BWS-subsidies (langlopend),Hoofdsom te vorderen BWS-subsidies,310010,BFvaSubSub,asset_fixed,l10n_nl_rgs.account_tag_0310000,0,D.J.A
310020,Cumulatieve aflossingen en waardeverminderingen te vorderen BWS-subsidies (langlopend),Cumulatieve aflossingen en waardeverminderingen te vorderen BWS-subsidies (langlopend),310020,BFvaSubSuc,asset_fixed,l10n_nl_rgs.account_tag_0310000,0,D.J.B
320010,Leningen u/g (langlopend),Leningen u/g (langlopend),320010,BFvaLenLen,asset_fixed,l10n_nl_rgs.account_tag_0320000,0,D.K.A
330010,Hoofdsom interne lening,Hoofdsom interne lening,330010,BFvaIlgIlg,asset_fixed,l10n_nl_rgs.account_tag_0330000,0,D.L.A
330020,Cumulatieve aflossing interne lening,Cumulatieve aflossing interne lening,330020,BFvaIlgAil,asset_fixed,l10n_nl_rgs.account_tag_0330000,0,D.L.B
330030,Aflossingsverplichting interne lening,Aflossingsverplichting interne lening,330030,BFvaIlgAvp,asset_fixed,l10n_nl_rgs.account_tag_0330000,0,D.L.A030
340010,Verkrijgingsprijs netto vermogenswaarde niet-Daeb,Verkrijgingsprijs,340010,BFvaNvmNvm,asset_fixed,l10n_nl_rgs.account_tag_0340000,0,D.M.A
340020,Cumulatieve afschrijvingen en waardeverminderingen netto vermogenswaarde niet-Daeb,Cumulatieve afschrijvingen en waardeverminderingen,340020,BFvaNvmCae,asset_fixed,l10n_nl_rgs.account_tag_0340000,0,D.M.B
340030,Cumulatieve herwaarderingen netto vermogenswaarde niet-Daeb,Cumulatieve herwaarderingen,340030,BFvaNvmCuh,asset_fixed,l10n_nl_rgs.account_tag_0340000,0,D.M.C
401010,Aandelen beursgenoteerde effecten,Aandelen beursgenoteerd,401010,BEffAanAbe,asset_current,l10n_nl_rgs.account_tag_0401000,0,H.A.A
401020,Aandelen niet-beursgenoteerde effecten,Aandelen niet beursgenoteerd,401020,BEffAanAnb,asset_current,l10n_nl_rgs.account_tag_0401000,0,H.A.B
402010,Obligaties beursgenoteerde effecten,Obligaties beursgenoteerd,402010,BEffOblObb,asset_current,l10n_nl_rgs.account_tag_0402000,0,H.B.A
402020,Obligaties niet-beursgenoteerde effecten,Obligaties niet beursgenoteerd,402020,BEffOblOnb,asset_current,l10n_nl_rgs.account_tag_0402000,0,H.B.B
403010,Overige effecten beursgenoteerde effecten,Overige effecten beursgenoteerd,403010,BEffOveOeb,asset_current,l10n_nl_rgs.account_tag_0403000,0,H.C.A
403020,Overige effecten niet-beursgenoteerde effecten,Overige effecten niet beursgenoteerd,403020,BEffOveOen,asset_current,l10n_nl_rgs.account_tag_0403000,0,H.C.B
404010,Optierechten beursgenoteerde effecten,Optierechten beursgenoteerd,404010,BEffOptOpb,asset_current,l10n_nl_rgs.account_tag_0404000,0,H.D.A
404020,Optierechten niet-beursgenoteerde effecten,Optierechten niet beursgenoteerd,404020,BEffOptOpn,asset_current,l10n_nl_rgs.account_tag_0404000,0,H.D.B
405010,Optieverplichtingen beursgenoteerde effecten,Optieverplichtingen  beursgenoteerd,405010,BEffOpvOpb,asset_current,l10n_nl_rgs.account_tag_0405000,0,H.E.A
405020,Optieverplichtingen niet-beursgenoteerde effecten,Optieverplichtingen  niet beursgenoteerd,405020,BEffOpvOpn,asset_current,l10n_nl_rgs.account_tag_0405000,0,H.E.B
406010,Derivaten,Derivaten,406010,BEffDerDer,asset_current,l10n_nl_rgs.account_tag_0406000,0,H.F.A
501010,Normale aandelen aandelenkapitaal,Normale aandelen,501010,BEivGokGea,equity,l10n_nl_rgs.account_tag_0501000,0,J.A.A
501020,Winstrechtloze aandelen ,Winstrechtloze aandelen,501020,BEivGokWia,equity,l10n_nl_rgs.account_tag_0501000,0,J.A.F
501030,Stemrechtloze aandelen ,Stemrechtloze aandelen,501030,BEivGokZea,equity,l10n_nl_rgs.account_tag_0501000,0,J.A.E
501040,Preferente aandelen ,Preferente aandelen,501040,BEivGokPra,equity,l10n_nl_rgs.account_tag_0501000,0,J.A.B
501050,Prioriteitsaandelen ,Prioriteitsaandelen,501050,BEivGokPri,equity,l10n_nl_rgs.account_tag_0501000,0,J.A.C
501070,Certificaten van aandelen ,Certificaten van aandelen,501070,BEivGokCva,equity,l10n_nl_rgs.account_tag_0501000,0,J.A.D
501080,Eigen aandelen ,Eigen aandelen,501080,BEivGokEia,equity,l10n_nl_rgs.account_tag_0501000,0,J.A.G
502010,Agioreserve agio,Agioreserve,502010,BEivAgiAgi,equity,l10n_nl_rgs.account_tag_0502000,0,J.D.A
503010,Herwaardering herwaarderingsreserves,Herwaarderingsreserve,503010,BEivHerHew,equity,l10n_nl_rgs.account_tag_0503000,0,J.E.A
504010,Negatieve bijschrijvingsreserve als gevolg van de omrekening van het aandelenkapitaal van een naamloze vennootschap naar de euro wettelijke reserves,Negatieve bijschrijvingsreserve als gevolg van de omrekening van het aandelenkapitaal van een naamloze vennootschap naar de euro,504010,BEivWerNba,equity,l10n_nl_rgs.account_tag_0504000,0,J.F.A
504020,Niet-uitkeerbare reserve als gevolg van de omrekening van het aandelenkapitaal van een naamloze vennootschap naar de euro,Niet-uitkeerbare reserve als gevolg van de omrekening van het aandelenkapitaal van een naamloze vennootschap naar de euro,504020,BEivWerRla,equity,l10n_nl_rgs.account_tag_0504000,0,J.F.B
504030,Wettelijke reserve voor inbreng in natura ,Wettelijke reserve voor inbreng in natura,504030,BEivWerRvi,equity,l10n_nl_rgs.account_tag_0504000,0,J.F.C
504040,Wettelijke reserve voor financiering van transacties in eigen aandelen ,Wettelijke reserve voor financiering van transacties in eigen aandelen,504040,BEivWerRvl,equity,l10n_nl_rgs.account_tag_0504000,0,J.F.D
504050,Wettelijke reserve voor geactiveerde kosten van oprichting en uitgifte van aandelen ,Wettelijke reserve voor geactiveerde kosten van oprichting en uitgifte van aandelen,504050,BEivWerRvg,equity,l10n_nl_rgs.account_tag_0504000,0,J.F.E
504060,Wettelijke reserve voor geactiveerde kosten van ontwikkeling ,Wettelijke reserve voor geactiveerde kosten van ontwikkeling,504060,BEivWerRgk,equity,l10n_nl_rgs.account_tag_0504000,0,J.F.F
504070,Wettelijke reserve deelnemingen,Wettelijke reserve deelnemingen,504070,BEivWerRed,equity,l10n_nl_rgs.account_tag_0504000,0,J.F.G
504080,Wettelijke reserve omrekeningsverschillen voor omrekening van het geïnvesteerde vermogen en het resultaat van deelnemingen,Wettelijke reserve omrekeningsverschillen,504080,BEivWerRvo,equity,l10n_nl_rgs.account_tag_0504000,0,J.F.H
504090,Reserve omrekeningsverschillen,Reserve omrekeningsverschillen,504090,BEivWerKoe,equity,l10n_nl_rgs.account_tag_0504000,0,J.F.I
505020,Bestemmingsreserve bestemmingsreserves,Bestemmingsreserve,505020,BEivBerBer,equity,l10n_nl_rgs.account_tag_0505019,0,J.I.A
505030,Statutaire reserve statutaire reserves,Statutaire reserve,505030,BEivStrStr,equity,l10n_nl_rgs.account_tag_0505000,0,J.G.A
506001,Algemene reserve ,Algemene reserve,506001,BEivOvrAlr,equity,l10n_nl_rgs.account_tag_0506000,0,J.K.B
506005,Overige reserves ,Overige reserves,506005,BEivOvrOrs,equity,l10n_nl_rgs.account_tag_0506000,0,J.K.C
506006,Continuïteitsreserve,Continuïteitsreserve,506006,BEivOvrCor,equity,l10n_nl_rgs.account_tag_0506000,0,J.K.D
506010,Niet verdeelde winst,Niet verdeelde winst,506010,BEivOreOvw,equity_unaffected,l10n_nl_rgs.account_tag_0506009,0,J.L.A
506020,Resultaat van het boekjaar ,Resultaat van het boekjaar,506020,BEivOreRvh,equity,l10n_nl_rgs.account_tag_0506009,0,J.L.B
506030,Voorgestelde bedrag aan dividenduitkeringen aan houders van eigenvermogensinstrumenten (geclassificeerd als eigen vermogen),Voorgestelde bedrag aan dividenduitkeringen aan houders van eigenvermogensinstrumenten (geclassificeerd als eigen vermogen),506030,BEivOreVde,equity,l10n_nl_rgs.account_tag_0506009,0,J.L.C
506040,Uit te keren preferent dividend die in mindering wordt gebracht op het resultaat na belastingen,Uit te keren preferent dividend die in mindering wordt gebracht op het resultaat na belastingen,506040,BEivOreUpd,equity,l10n_nl_rgs.account_tag_0506009,0,J.L.D
507020,Bestemmingsfondsen bestemmingsfondsen,Bestemmingsfondsen,507020,BEivBefBef,equity,l10n_nl_rgs.account_tag_0507000,0,J.H.A
507110,Financiële instrumenten op basis van juridische vorm geclassificeerd als eigen vermogen,Financiële instrumenten op basis van juridische vorm geclassificeerd als eigen vermogen,507110,BEivFijFij,equity,l10n_nl_rgs.account_tag_0507100,0,J.J.A
508010,Aandeel van derden aandeel van derden,Aandeel van derden,508010,BEivAvdAvd,equity,l10n_nl_rgs.account_tag_0508000,0,J.Z.A
509010,Ondernemingsvermogen exclusief fiscale reserves fiscaal eigen vermogen onderneming natuurlijke personen,Ondernemingsvermogen exclusief fiscale reserves fiscaal,509010,BEivKapOnd,equity,l10n_nl_rgs.account_tag_0509000,0,J.M.A
509030,Privé-stortingen,Privé-stortingen,509030,BEivKapPrs,equity,l10n_nl_rgs.account_tag_0509000,0,J.M.B
509040,Privé-opnamen,Privé-opnamen,509040,BEivKapPro,equity,l10n_nl_rgs.account_tag_0509000,0,J.M.C
509041,Privé-onttrekking contanten ,Privé-onttrekking contanten ,509041,BEivKapPoc,equity,l10n_nl_rgs.account_tag_0509000,0,J.M.D
509042,Privé-onttrekking in natura en goederen,Privé-onttrekking in natura en goederen,509042,BEivKapPng,equity,l10n_nl_rgs.account_tag_0509000,0,J.M.E
509043,Privé-belastingen,Privé-belastingen,509043,BEivKapPbe,equity,l10n_nl_rgs.account_tag_0509000,0,J.M.F
509044,Privé-premies ,Privé-premies ,509044,BEivKapPpr,equity,l10n_nl_rgs.account_tag_0509000,0,J.M.G
509050,Stichtingskapitaal,Stichtingskapitaal,509050,BEivSevSti,equity,l10n_nl_rgs.account_tag_0509049,0,J.B.A
509060,Verenigingskapitaal eigen vermogen onderneming natuurlijke personen,Verenigingskapitaal,509060,BEivSevVnk,equity,l10n_nl_rgs.account_tag_0509049,0,J.B.B
509065,Kapitaal participatie coöperatien,Kapitaal participatie coöperatie,509065,BEivSevCoo,equity,l10n_nl_rgs.account_tag_0509049,0,J.B.C
509070,Commanditair kapitaal,Commanditair kapitaal,509070,BEivCokCok,equity,l10n_nl_rgs.account_tag_0509069,0,J.C.A
509080,Informeel kapitaal (alleen in BD-VPB),Informeel kapitaal,509080,BEivOkcInk,equity,l10n_nl_rgs.account_tag_0509079,0,J.X.A
509110,Ondernemingsvermogen exclusief fiscale reserves,Ondernemingsvermogen exclusief fiscale reserves fiscaal,509110,BEivKa2Ond,equity,l10n_nl_rgs.account_tag_0509100,0,J.N.A
509130,Privé-stortingen firmant 2,Privé-stortingen firmant 2,509130,BEivKa2Prs,equity,l10n_nl_rgs.account_tag_0509100,0,J.N.B
509140,Privé-opnamen firmant 2,Privé-opnamen firmant 2,509140,BEivKa2Pro,equity,l10n_nl_rgs.account_tag_0509100,0,J.N.C
509150,Privé-onttrekking contanten firmant 2 ,Privé-onttrekking contanten firmant 2 ,509150,BEivKa2Poc,equity,l10n_nl_rgs.account_tag_0509100,0,J.N.D
509160,Privé-onttrekking in natura en goederen firmant 2,Privé-onttrekking in natura en goederen firmant 2,509160,BEivKa2Png,equity,l10n_nl_rgs.account_tag_0509100,0,J.N.E
509170,Privé-belastingen firmant 2,Privé-belastingen firmant 2,509170,BEivKa2Pbe,equity,l10n_nl_rgs.account_tag_0509100,0,J.N.F
509180,Privé-premies firmant 2 ,Privé-premies firmant 2 ,509180,BEivKa2Ppr,equity,l10n_nl_rgs.account_tag_0509100,0,J.N.G
509210,Ondernemingsvermogen exclusief fiscale reserves fiscaal eigen vermogen onderneming natuurlijke personen,Ondernemingsvermogen exclusief fiscale reserves fiscaal,509210,BEivKa3Ond,equity,l10n_nl_rgs.account_tag_0509200,0,J.O.A
509230,Privé-stortingen firmant 3,Privé-stortingen firmant 3,509230,BEivKa3Prs,equity,l10n_nl_rgs.account_tag_0509200,0,J.O.B
509240,Privé-opnamen firmant 3,Privé-opnamen firmant 3,509240,BEivKa3Pro,equity,l10n_nl_rgs.account_tag_0509200,0,J.O.C
509250,Privé-onttrekking contanten firmant 3 ,Privé-onttrekking contanten firmant 3 ,509250,BEivKa3Poc,equity,l10n_nl_rgs.account_tag_0509200,0,J.O.D
509260,Privé-onttrekking in natura en goederen firmant 3,Privé-onttrekking in natura en goederen firmant 3,509260,BEivKa3Png,equity,l10n_nl_rgs.account_tag_0509200,0,J.O.E
509270,Privé-belastingen firmant 3,Privé-belastingen firmant 3,509270,BEivKa3Pbe,equity,l10n_nl_rgs.account_tag_0509200,0,J.O.F
509280,Privé-premies firmant 3 ,Privé-premies firmant 3 ,509280,BEivKa3Ppr,equity,l10n_nl_rgs.account_tag_0509200,0,J.O.G
509310,Ondernemingsvermogen exclusief fiscale reserves fiscaal eigen vermogen onderneming natuurlijke personen,Ondernemingsvermogen exclusief fiscale reserves fiscaal,509310,BEivKa4Ond,equity,l10n_nl_rgs.account_tag_0509300,0,J.P.A
509330,Privé-stortingen firmant 4,Privé-stortingen firmant 4,509330,BEivKa4Prs,equity,l10n_nl_rgs.account_tag_0509300,0,J.P.B
509340,Privé-opnamen firmant 4,Privé-opnamen firmant 4,509340,BEivKa4Pro,equity,l10n_nl_rgs.account_tag_0509300,0,J.P.C
509350,Privé-onttrekking contanten firmant 4,Privé-onttrekking contanten firmant 4,509350,BEivKa4Poc,equity,l10n_nl_rgs.account_tag_0509300,0,J.P.D
509360,Privé-onttrekking in natura en goederen firmant 4,Privé-onttrekking in natura en goederen firmant 4,509360,BEivKa4Png,equity,l10n_nl_rgs.account_tag_0509300,0,J.P.E
509370,Privé-belastingen firmant 4,Privé-belastingen firmant 4,509370,BEivKa4Pbe,equity,l10n_nl_rgs.account_tag_0509300,0,J.P.F
509380,Privé-premies firmant 4,Privé-premies firmant 4,509380,BEivKa4Ppr,equity,l10n_nl_rgs.account_tag_0509300,0,J.P.G
509410,Ondernemingsvermogen exclusief fiscale reserves fiscaal eigen vermogen onderneming natuurlijke personen,Ondernemingsvermogen exclusief fiscale reserves fiscaal,509410,BEivKa5Ond,equity,l10n_nl_rgs.account_tag_0509400,0,J.Q.A
509430,Privé-stortingen firmant 5,Privé-stortingen firmant 5,509430,BEivKa5Prs,equity,l10n_nl_rgs.account_tag_0509400,0,J.Q.B
509440,Privé-opnamen firmant 5,Privé-opnamen firmant 5,509440,BEivKa5Pro,equity,l10n_nl_rgs.account_tag_0509400,0,J.Q.C
509450,Privé-onttrekking contanten firmant 5,Privé-onttrekking contanten firmant 5,509450,BEivKa5Poc,equity,l10n_nl_rgs.account_tag_0509400,0,J.Q.D
509460,Privé-onttrekking in natura en goederen firmant 5,Privé-onttrekking in natura en goederen firmant 5,509460,BEivKa5Png,equity,l10n_nl_rgs.account_tag_0509400,0,J.Q.E
509470,Privé-belastingen firmant 5,Privé-belastingen firmant 5,509470,BEivKa5Pbe,equity,l10n_nl_rgs.account_tag_0509400,0,J.Q.F
509480,Privé-premies firmant 5,Privé-premies firmant 5,509480,BEivKa5Ppr,equity,l10n_nl_rgs.account_tag_0509400,0,J.Q.G
510010,Fiscale oudedagsreserve eigen vermogen onderneming,Fiscale oudedagsreserve,510010,BEivFirFor,equity,l10n_nl_rgs.account_tag_0510000,0,J.Y.B
510020,Herinvesteringsreserve fiscaal eigen vermogen,Herinvesteringsreserve fiscaal,510020,BEivFirHer,equity,l10n_nl_rgs.account_tag_0510000,0,J.Y.A
510030,Opwaarderingsreserve eigen vermogen onderneming ,Opwaarderingsreserve,510030,BEivFirOpw,equity,l10n_nl_rgs.account_tag_0510000,0,J.Y.C
510040,Reserve assurantie eigen risico eigen vermogen onderneming,Reserve assurantie eigen risico,510040,BEivFirRae,equity,l10n_nl_rgs.account_tag_0510000,0,J.Y.D
510050,Kosten egalisatiereserve fiscaal (alleen in BD-VPB),Kosten egalisatiereserve fiscaal,510050,BEivOkcKeg,equity,l10n_nl_rgs.account_tag_0509079,0,J.X.B
510060,Exportreserve eigen vermogen onderneming,Exportreserve,510060,BEivFirExp,equity,l10n_nl_rgs.account_tag_0510000,0,J.Y.E
510070,Risicoreserve eigen vermogen onderneming,Risicoreserve,510070,BEivFirRis,equity,l10n_nl_rgs.account_tag_0510000,0,J.Y.F
510080,Terugkeerreserve,Terugkeerreserve,510080,BEivFirTer,equity,l10n_nl_rgs.account_tag_0510000,0,J.Y.G
510090,Overige fiscale reserves eigen vermogen onderneming,Overige fiscale reserves,510090,BEivFirOfr,equity,l10n_nl_rgs.account_tag_0510000,0,J.Y.H
601010,Egalisatierekening,Egalisatierekening,601010,BEgaEgaEga,liability_non_current,l10n_nl_rgs.account_tag_0601000,0,J.Z.B020
701010,Voorziening voor pensioenen directie in eigen beheer,Voorziening voor pensioenen directie in eigen beheer,701010,BVrzVvpVpd,liability_non_current,l10n_nl_rgs.account_tag_0701000,0,K.A.A
701020,Backserviceverplichting ,Backserviceverplichting,701020,BVrzVvpBac,liability_non_current,l10n_nl_rgs.account_tag_0701000,0,K.A.B
702010,Voorziening voor latente belastingverplichtingen,Voorziening voor latente belastingverplichtingen,702010,BVrzVvbVlb,liability_non_current,l10n_nl_rgs.account_tag_0702000,0,K.B.A
702020,Voorziening voor belastingen,Voorziening voor belastingen,702020,BVrzVvbVvb,liability_non_current,l10n_nl_rgs.account_tag_0702000,0,K.B.B
703010,Voorziening voor groot onderhoud ,Voorziening voor groot onderhoud,703010,BVrzOvzVvg,liability_non_current,l10n_nl_rgs.account_tag_0704000,0,K.C.D
704010,Garantievoorziening ,Garantievoorziening,704010,BVrzOvzGar,liability_non_current,l10n_nl_rgs.account_tag_0704000,0,K.C.I
704020,Voorziening voor herstelkosten,Voorziening voor herstelkosten,704020,BVrzOvzVhe,liability_non_current,l10n_nl_rgs.account_tag_0704000,0,K.C.A
704030,Voorziening voor opruiming van aanwezige milieuvervuiling ,Voorziening voor opruiming van aanwezige milieuvervuiling,704030,BVrzOvzVvo,liability_non_current,l10n_nl_rgs.account_tag_0704000,0,K.C.B
704040,"Voorziening uit hoofde van claims, geschillen en rechtsgedingen ","Voorziening uit hoofde van claims, geschillen en rechtsgedingen",704040,BVrzOvzVuc,liability_non_current,l10n_nl_rgs.account_tag_0704000,0,K.C.C
704050,Voorziening voor verwijderingsverplichtingen ,Voorziening voor verwijderingsverplichtingen,704050,BVrzOvzVwp,liability_non_current,l10n_nl_rgs.account_tag_0704000,0,K.C.E
704060,Voorziening voor verlieslatende contracten ,Voorziening voor verlieslatende contracten,704060,BVrzOvzVlc,liability_non_current,l10n_nl_rgs.account_tag_0704000,0,K.C.F
704070,Voorziening in verband met reorganisaties ,Voorziening in verband met reorganisaties,704070,BVrzOvzVir,liability_non_current,l10n_nl_rgs.account_tag_0704000,0,K.C.G
704080,Voorziening in verband met deelnemingen ,Voorziening in verband met deelnemingen,704080,BVrzOvzVid,liability_non_current,l10n_nl_rgs.account_tag_0704000,0,K.C.H
704090,Jubileumvoorziening ,Jubileumvoorziening,704090,BVrzOvzJub,liability_non_current,l10n_nl_rgs.account_tag_0704000,0,K.C.J
704100,Voorziening voor verzekering van arbeidsongeschiktheidsrisico's ,Voorziening voor verzekering van arbeidsongeschiktheidsrisico's,704100,BVrzOvzArb,liability_non_current,l10n_nl_rgs.account_tag_0704000,0,K.C.K
704120,Overige voorzieningen ,Overige voorzieningen,704120,BVrzOvzOvz,liability_non_current,l10n_nl_rgs.account_tag_0704000,0,K.C.L
704140,Voorziening onroerende zaken in ontwikkeling,Voorziening onroerende zaken in ontwikkeling,704140,BVrzOvzOio,liability_non_current,l10n_nl_rgs.account_tag_0704000,0,K.C.M
704150,Voorziening onroerende zaken in ontwikkeling voor verkoop,Voorziening onroerende zaken in ontwikkeling voor verkoop,704150,BVrzOvzOiv,liability_non_current,l10n_nl_rgs.account_tag_0704000,0,K.C.N
704160,Loopbaan begeleiding voorziening,Loopbaan begeleiding voorziening,704160,BVrzOvzLob,liability_non_current,l10n_nl_rgs.account_tag_0704000,0,K.C.O
704170,Voorziening voor verzekering van ziekte of arbeidsongeschiktheid,Voorziening voor verzekering van ziekte of arbeidsongeschiktheid,704170,BVrzOvzZoa,liability_non_current,l10n_nl_rgs.account_tag_0704000,0,K.C.P
704175,Voorziening voor onrendabele investeringen en herstructureringen,Voorziening voor onrendabele investeringen en herstructureringen,704175,BVrzOihOrt,liability_non_current,l10n_nl_rgs.account_tag_0704174,0,K.D.A
704180,Voorziening uit hoofde van personeelsbeloningen,Voorziening uit hoofde van personeelsbeloningen,704180,BVrzOvzUhp,liability_non_current,l10n_nl_rgs.account_tag_0704000,0,K.C.Q
704190,Voorziening uit hoofde van op aandelen gebaseerde betalingen,Voorziening uit hoofde van op aandelen gebaseerde betalingen,704190,BVrzOvzAgb,liability_non_current,l10n_nl_rgs.account_tag_0704000,0,K.C.R
704191,Voorziening voor verplichtingen uit hoofde van ziekte of arbeidsongeschiktheid,Voorziening voor verplichtingen uit hoofde van ziekte of arbeidsongeschiktheid,704191,BVrzOvzVza,liability_non_current,l10n_nl_rgs.account_tag_0704000,0,K.C.S
705010,Bruto waarde ,Bruto waarde,705010,BLasNegBrw,liability_non_current,l10n_nl_rgs.account_tag_0705000,0,L.O.A
705015,Cumulatief bedrag die ten gunste van de winst- en verliesrekening is gebracht ,Cumulatief bedrag die ten gunste van de winst- en verliesrekening is gebracht,705015,BLasNegCbd,liability_non_current,l10n_nl_rgs.account_tag_0705000,0,L.O.B
801010,Hoofdsom achtergestelde schulden (langlopend),Hoofdsom achtergestelde schulden,801010,BLasAclAll,liability_non_current,l10n_nl_rgs.account_tag_0801000,0,L.A.A
801020,Cumulatieve aflossingen achtergestelde schulden (langlopend),Cumulatieve aflossingen achtergestelde schulden,801020,BLasAclCla,liability_non_current,l10n_nl_rgs.account_tag_0801000,0,L.A.B
802010,Hoofdsom converteerbare leningen (langlopend),Hoofdsom converteerbare leningen,802010,BLasColCll,liability_non_current,l10n_nl_rgs.account_tag_0802000,0,L.B.A
802020,Cumulatieve aflossingen converteerbare leningen (langlopend),Cumulatieve aflossingen converteerbare leningen,802020,BLasColCla,liability_non_current,l10n_nl_rgs.account_tag_0802000,0,L.B.B
803010,Hoofdsom andere obligaties en onderhandse leningen (langlopend),Hoofdsom andere obligaties en onderhandse leningen,803010,BLasAoeAol,liability_non_current,l10n_nl_rgs.account_tag_0803000,0,L.C.A
803020,Cumulatieve aflossingen andere obligaties en onderhandse leningen (langlopend),Cumulatieve aflossingen andere obligaties en onderhandse leningen,803020,BLasAoeCla,liability_non_current,l10n_nl_rgs.account_tag_0803000,0,L.C.B
804010,Hoofdsom financiële lease verplichtingen (langlopend),Hoofdsom financiële lease verplichtingen,804010,BLasFlvFlv,liability_non_current,l10n_nl_rgs.account_tag_0804000,0,L.D.A
804020,Cumulatieve aflossingen financiële lease verplichtingen (langlopend),Cumulatieve aflossingen financiële lease verplichtingen,804020,BLasFlvCla,liability_non_current,l10n_nl_rgs.account_tag_0804000,0,L.D.B
805010,Hoofdsom hypotheken van kredietinstellingen (langlopend),Hoofdsom hypotheken,805010,BLasSakHvl,liability_non_current,l10n_nl_rgs.account_tag_0805000,0,L.E.A0
805015,Cumulatieve aflossingen hypotheken van kredietinstellingen (langlopend),Cumulatieve aflossingen hypotheken,805015,BLasSakCla,liability_non_current,l10n_nl_rgs.account_tag_0805000,0,L.E.A1
805020,Hoofdsom financieringen van kredietinstellingen (langlopend),Hoofdsom financieringen,805020,BLasSakFvl,liability_non_current,l10n_nl_rgs.account_tag_0805000,0,L.E.B0
805025,Cumulatieve aflossingen financieringen van kredietinstellingen (langlopend),Cumulatieve aflossingen financieringen,805025,BLasSakFca,liability_non_current,l10n_nl_rgs.account_tag_0805000,0,L.E.B1
805030,Hoofdsom leningen van kredietinstellingen (langlopend),Hoodsom leningen,805030,BLasSakLvl,liability_non_current,l10n_nl_rgs.account_tag_0805000,0,L.E.C0
805035,Cumulatieve aflossingen leningen van kredietinstellingen (langlopend),Cumulatieve aflossingen leningen,805035,BLasSakLca,liability_non_current,l10n_nl_rgs.account_tag_0805000,0,L.E.C1
805040,Hoofdsom overige schulden aan kredietinstellingen (langlopend),Hoofdsom overige schulden aan kredietinstellingen,805040,BLasSakOvl,liability_non_current,l10n_nl_rgs.account_tag_0805000,0,L.E.D0
805045,Cumulatieve aflossingen overige schulden aan kredietinstellingen (langlopend),Cumulatieve aflossingen overige schulden aan kredietinstellingen,805045,BLasSakOca,liability_non_current,l10n_nl_rgs.account_tag_0805000,0,L.E.D1
805050,Hoofdsom schulden van kredietinstellingen geborgd door WSW (langlopend),Hoofdsom schulden van kredietinstellingen geborgd door WSW,805050,BLasSakWsl,liability_non_current,l10n_nl_rgs.account_tag_0805000,0,L.E.E0
805055,Cumulatieve aflossingen schulden van kredietinstellingen geborgd door WSW (langlopend),Cumulatieve aflossingen schulden van kredietinstellingen geborgd door WSW,805055,BLasSakWsa,liability_non_current,l10n_nl_rgs.account_tag_0805000,0,L.E.E1
805060,Hoofdsom schulden van kredietinstellingen gegarandeerd door overheden (langlopend),Hoofdsom schulden van kredietinstellingen gegarandeerd door overheden,805060,BLasSakGol,liability_non_current,l10n_nl_rgs.account_tag_0805000,0,L.E.F0
805065,Cumulatieve aflossingen leningen van kredietinstellingen gegarandeerd door overheden (langlopend),Cumulatieve aflossingen schulden van kredietinstellingen gegarandeerd door overheden,805065,BLasSakGoa,liability_non_current,l10n_nl_rgs.account_tag_0805000,0,L.E.F1
805070,Hoofdsom obligolening van kredietinstellingen geborgd door WSW (langlopend),Hoofdsom obligolening van kredietinstellingen geborgd door WSW,805070,BLasSakObl,liability_non_current,l10n_nl_rgs.account_tag_0805000,0,L.E.G0
805075,Cumulatieve aflossingen obligolening van kredietinstellingen geborgd door WSW (langlopend),Cumulatieve aflossingen obligolening van kredietinstellingen geborgd door WSW,805075,BLasSakOba,liability_non_current,l10n_nl_rgs.account_tag_0805000,0,L.E.G1
806010,Hoofdsom schulden aan groepsmaatschappijen (langlopend),Hoofdsom schulden aan groepsmaatschappijen,806010,BLasSagHoo,liability_non_current,l10n_nl_rgs.account_tag_0806009,0,L.I.A
806015,Aflossingen schulden aan groepsmaatschappijen (langlopend),Aflossingen schulden aan groepsmaatschappijen,806015,BLasSagAfl,liability_non_current,l10n_nl_rgs.account_tag_0806009,0,L.I.B
806020,Hoofdsom schulden aan overige verbonden maatschappijen (langlopend),Hoofdsom schulden aan overige verbonden maatschappijen,806020,BLasSaoHoo,liability_non_current,l10n_nl_rgs.account_tag_0806019,0,L.J.A
806025,Aflossingen schulden aan overige verbonden maatschappijen (langlopend),Aflossingen schulden aan overige verbonden maatschappijen,806025,BLasSaoAfl,liability_non_current,l10n_nl_rgs.account_tag_0806019,0,L.J.B
806030,Hoofdsom schulden aan participanten en aan maatschappijen waarin wordt deelgenomen (langlopend),Hoofdsom schulden aan participanten en aan maatschappijen waarin wordt deelgenomen,806030,BLasSapHoo,liability_non_current,l10n_nl_rgs.account_tag_0806029,0,L.K.A
806035,Aflossingen schulden aan participanten en aan maatschappijen waarin wordt deelgenomen (langlopend),Aflossingen schulden aan participanten en aan maatschappijen waarin wordt deelgenomen,806035,BLasSapAfl,liability_non_current,l10n_nl_rgs.account_tag_0806029,0,L.K.B
806040,Hoofdsom belastingen en premies sociale verzekeringen (langlopend),Hoofdsom belastingen en premies sociale verzekeringen,806040,BLasBepBep,liability_non_current,l10n_nl_rgs.account_tag_0806039,0,L.L.A
806041,Cumulatieve aflossingen belastingen en premies sociale verzekeringen (langlopend),Cumulatieve aflossingen belastingen en premies sociale verzekeringen,806041,BLasBepBec,liability_non_current,l10n_nl_rgs.account_tag_0806039,0,L.L.B
806045,Hoofdsom schulden uit hoofde van belastingen (langlopend),Hoofdsom schulden uit hoofde van belastingen,806045,BLasSuhSuh,liability_non_current,l10n_nl_rgs.account_tag_0806044,0,L.M.A
806046,Cumulatieve aflossingen schulden uit hoofde van belastingen (langlopend),Cumulatieve aflossingen schulden uit hoofde van belastingen,806046,BLasSuhSuc,liability_non_current,l10n_nl_rgs.account_tag_0806044,0,L.M.B
806050,Hoofdsom schulden ter zake van pensioenen (langlopend),Hoofdsom schulden ter zake van pensioenen,806050,BLasStzStz,liability_non_current,l10n_nl_rgs.account_tag_0806049,0,L.N.A
806051,Cumulatieve aflossingen schulden ter zake van pensioenen (langlopend),Cumulatieve aflossingen schulden ter zake van pensioenen,806051,BLasStzStc,liability_non_current,l10n_nl_rgs.account_tag_0806049,0,L.N.B
806060,Hoofdsom ontvangen vooruitbetalingen op bestellingen (langlopend),Hoofdsom ontvangen vooruitbetalingen op bestellingen,806060,BLasVobVob,liability_non_current,l10n_nl_rgs.account_tag_0806059,1,L.F.A
806061,Cumulatieve aflossingen ontvangen vooruitbetalingen op bestellingen (langlopend),Cumulatieve aflossingen ontvangen vooruitbetalingen op bestellingen,806061,BLasVobVoc,liability_non_current,l10n_nl_rgs.account_tag_0806059,1,L.F.B
806070,Hoofdsom schulden aan leveranciers en handelskredieten (langlopend),Hoofdsom schulden aan leveranciers en handelskredieten,806070,BLasSalSal,liability_non_current,l10n_nl_rgs.account_tag_0806069,0,L.G.A
806071,Cumulatieve aflossingen schulden aan leveranciers en handelskredieten (langlopend),Cumulatieve aflossingen schulden aan leveranciers en handelskredieten,806071,BLasSalSac,liability_non_current,l10n_nl_rgs.account_tag_0806069,0,L.G.B
806080,Hoofdsom te betalen wissels en cheques (langlopend),Hoofdsom te betalen wissels en cheques,806080,BLasTbwTbw,liability_non_current,l10n_nl_rgs.account_tag_0806079,0,L.H.A
806081,Cumulatieve aflossingen te betalen wissels en cheques (langlopend),Cumulatieve aflossingen te betalen wissels en cheques,806081,BLasTbwTbc,liability_non_current,l10n_nl_rgs.account_tag_0806079,0,L.H.B
806110,Verplichtingen uit hoofde van onroerende zaken verkocht onder voorwaarden (langlopend),Verplichtingen uit hoofde van onroerende zaken verkocht onder voorwaarden,806110,BLasVhzVhz,liability_non_current,l10n_nl_rgs.account_tag_0806109,0,L.T.A
806120,Hoofdsom schulden aan overheid (langlopend),Hoofdsom schulden aan overheid,806120,BLasSohSoh,liability_non_current,l10n_nl_rgs.account_tag_0806119,0,L.S.A
806125,Cumulatieve aflossingen schulden aan overheid (langlopend),Cumulatieve aflossingen schulden aan overheid,806125,BLasSohAso,liability_non_current,l10n_nl_rgs.account_tag_0806119,0,L.S.A1
806130,Hoofdsom overige schulden (langlopend),Hoofdsom overige schulden,806130,BLasOlsOsl,liability_non_current,l10n_nl_rgs.account_tag_0806129,0,L.U.A
806133,Hoodsom intern lening (Langlopend),Hoofdsom intern lening,806133,BLasOlsIlg,liability_non_current,l10n_nl_rgs.account_tag_0806129,0,L.U.B
806134,Aflossingen intern lening (Langlopend),Aflossingen intern lening,806134,BLasOlsIla,liability_non_current,l10n_nl_rgs.account_tag_0806129,0,L.U.B1
806135,Cumulatieve aflossingen overige schulden (langlopend),Cumulatieve aflossingen overige schulden,806135,BLasOlsAfl,liability_non_current,l10n_nl_rgs.account_tag_0806129,0,L.U.A1
806137,Hoofdsom waarborgsommen (Langlopend),Hoofdsom waarborgsommen,806137,BLasOlsWbs,liability_non_current,l10n_nl_rgs.account_tag_0806129,0,L.U.C
806138,Aflossingen waarborgsommen (langlopend),Aflossingen waarborgsommen,806138,BLasOlsWba,liability_non_current,l10n_nl_rgs.account_tag_0806129,0,L.U.C1
806140,Hoofdsom derivaten (Langlopend),Hoofdsom derivaten,806140,BLasOlsDer,liability_non_current,l10n_nl_rgs.account_tag_0806129,0,L.U.D
806141,Aflossingen derivaten (Langlopend),Aflossingen derivaten,806141,BLasOlsDea,liability_non_current,l10n_nl_rgs.account_tag_0806129,0,L.U.D1
806149,Oudedagsverplichting,Oudedagsverplichting,806149,BLasOdvOdv,liability_non_current,l10n_nl_rgs.account_tag_0806148,0,L.P.A
806150,Hoofdsom schulden aan overheid geborgd door WSW (langlopend),Hoofdsom schulden aan overheid geborgd door WSW,806150,BLasSohWsw,liability_non_current,l10n_nl_rgs.account_tag_0806119,0,L.S.B0
806155,Cumulatieve aflossingen schulden aan overheid geborgd door WSW (langlopend),Cumulatieve aflossingen schulden aan overheid geborgd door WSW,806155,BLasSohAws,liability_non_current,l10n_nl_rgs.account_tag_0806119,0,L.S.B1
806160,Hoofdsom schulden aan overheid gegarandeerd door overheid (langlopend),Hoofdsom schulden aan overheid gegarandeerd door overheid,806160,BLasSohGos,liability_non_current,l10n_nl_rgs.account_tag_0806119,0,L.S.C0
806165,Cumulatieve aflossingen schulden aan overheid gegarandeerd door overheid (langlopend),Cumulatieve aflossingen schulden aan overheid gegarandeerd door overheid,806165,BLasSohGoa,liability_non_current,l10n_nl_rgs.account_tag_0806119,0,L.S.C1
806171,Hoofdsom,Hoofdsom overlopende passiva,806171,BLasOvpOvp,liability_non_current,l10n_nl_rgs.account_tag_0806170,0,L.V.A
806172,Aflossingen,Aflossingen overlopende passiva,806172,BLasOvpOva,liability_non_current,l10n_nl_rgs.account_tag_0806170,0,L.V.B
807010,Hoofdsom participaties (langlopend),Hoofdsom participaties,807010,BLasParPar,liability_non_current,l10n_nl_rgs.account_tag_0807000,0,L.Q.A
807020,Cumulatieve aflossingen participaties (langlopend),Cumulatieve aflossingen participaties,807020,BLasParCla,liability_non_current,l10n_nl_rgs.account_tag_0807000,0,L.Q.B
1001010,Kas,Kas,1001010,BLimKasKas,asset_cash,l10n_nl_rgs.account_tag_1001000,0,I.A010
1001020,Kleine kas,Kleine kas,1001020,BLimKasKlk,asset_cash,l10n_nl_rgs.account_tag_1001000,0,I.A020
1002010,Rekening-courant bank,Rekening-courant bank,1002010,BLimBanRba,asset_cash,l10n_nl_rgs.account_tag_1002000,0,I.B.A
1002011,Rekening-courant bank - Naam A - ,Rekening-courant bank- Naam A,1002011,BLimBanRbb,asset_cash,l10n_nl_rgs.account_tag_1002000,0,I.B.A200
1002012,Rekening-courant bank - Naam B - ,Rekening-courant bank- Naam B,1002012,BLimBanRbc,asset_cash,l10n_nl_rgs.account_tag_1002000,0,I.B.A210
1002013,Rekening-courant bank - Naam C - ,Rekening-courant bank- Naam C,1002013,BLimBanRbd,asset_cash,l10n_nl_rgs.account_tag_1002000,0,I.B.A220
1002014,Rekening-courant bank - Naam D - ,Rekening-courant bank- Naam D,1002014,BLimBanRbe,asset_cash,l10n_nl_rgs.account_tag_1002000,0,I.B.A230
1002015,Rekening-courant bank - Naam E - ,Rekening-courant bank- Naam E,1002015,BLimBanRbf,asset_cash,l10n_nl_rgs.account_tag_1002000,0,I.B.A240
1002020,Depotrekening,Depotrekening,1002020,BLimBanDrk,asset_cash,l10n_nl_rgs.account_tag_1002000,0,I.B.B
1002030,Depositorekening,Depositorekening,1002030,BLimBanDep,asset_cash,l10n_nl_rgs.account_tag_1002000,0,I.B.C
1002040,Beleggingsrekening,Beleggingsrekening,1002040,BLimBanBel,asset_cash,l10n_nl_rgs.account_tag_1002000,0,I.B.D
1002050,Internetrekening,Internetrekening,1002050,BLimBanInb,asset_cash,l10n_nl_rgs.account_tag_1002000,0,I.B.F
1002060,G-rekening,G-rekening,1002060,BLimBanGrb,asset_cash,l10n_nl_rgs.account_tag_1002000,0,I.B.E
1002070,(Bedrijfs)spaarrekening,(Bedrijfs)spaarrekening,1002070,BLimBanSpa,asset_cash,l10n_nl_rgs.account_tag_1002000,0,I.B.G
1003010,Stortingen onderweg,Stortingen onderweg,1003010,BLimKruSto,asset_current,l10n_nl_rgs.account_tag_1003000,1,I.C010
1003015,Tussenrekening kluis,Tussenrekening kluis,1003015,BLimKruKlu,asset_current,l10n_nl_rgs.account_tag_1003000,1,I.C015
1003020,PIN betalingen,PIN betalingen,1003020,BLimKruPib,asset_current,l10n_nl_rgs.account_tag_1003000,1,I.C020
1003030,Creditcard afrekening,Creditcard afrekening,1003030,BLimKruCra,asset_current,l10n_nl_rgs.account_tag_1003000,1,I.C030
1003040,Wissels en cheques,Wissels en cheques,1003040,BLimKruWec,asset_current,l10n_nl_rgs.account_tag_1003000,1,I.C040
1101020,Handelsdebiteuren intercompany,Handelsdebiteuren intercompany,1101020,BVorDebHdi,asset_receivable,l10n_nl_rgs.account_tag_1101000,1,G.A.020
1101030,Voorziening voor oninbaarheid op vorderingen op handelsdebiteuren ,Voorziening voor oninbaarheid op vorderingen op handelsdebiteuren,1101030,BVorDebVdd,asset_current,l10n_nl_rgs.account_tag_1101000,0,G.A.030
1101040,Huurdebiteuren,Huurdebiteuren,1101040,BVorDebHdb,asset_receivable,l10n_nl_rgs.account_tag_1101000,1,G.A.040
1101050,Tussenrekening ontvangsten debiteuren,Tussenrekening ontvangsten debiteuren (ontvangsten onderweg),1101050,BVorDebTus,asset_current,l10n_nl_rgs.account_tag_1101000,1,G.A.050
1101060,Voorziening voor oninbaarheid op vorderingen op huurdebiteuren,Voorziening voor oninbaarheid op vorderingen op huurdebiteuren,1101060,BVorDebVhd,asset_current,l10n_nl_rgs.account_tag_1101000,0,G.A.060
1102010,Terug te vorderen Omzetbelasting,Terug te vorderen Omzetbelasting,1102010,BVorVbkTvo,liability_current,l10n_nl_rgs.account_tag_1103159,0,G.G.B
1102015,Terug te vorderen EU omzetbelasting,Terug te vorderen EU omzetbelasting,1102015,BVorVbkEob,liability_current,l10n_nl_rgs.account_tag_1103159,0,G.G.B030
1102020,Terug te vorderen Loonheffing,Terug te vorderen Loonheffing,1102020,BVorVbkTvl,liability_current,l10n_nl_rgs.account_tag_1103159,0,G.G.E
1102030,Terug te vorderen Vennootschapsbelasting,Terug te vorderen Vennootschapsbelasting,1102030,BVorVbkTvv,liability_current,l10n_nl_rgs.account_tag_1103159,0,G.G.F
1102040,Terug te vorderen Dividendbelasting,Terug te vorderen Dividendbelasting,1102040,BVorVbkTtv,liability_current,l10n_nl_rgs.account_tag_1103159,0,G.G.G
1102050,Ingehouden dividendbelasting,Ingehouden dividendbelasting,1102050,BVorVbkInd,liability_current,l10n_nl_rgs.account_tag_1103159,0,G.G.H
1102060,Terug te vorderen overige belastingen,Terug te vorderen overige belastingen,1102060,BVorVbkTtb,liability_current,l10n_nl_rgs.account_tag_1103159,0,G.G.I
1103005,"Leningen, voorschotten en garanties ten behoeve van bestuurders en gewezen bestuurders overige vorderingen (kortlopend)","Leningen, voorschotten en garanties ten behoeve van bestuurders en gewezen bestuurders",1103005,BVorOvrLvb,asset_current,l10n_nl_rgs.account_tag_1103000,0,G.K.A
1103006,"Leningen, voorschotten en garanties ten behoeve van commissarissen en gewezen commissarissen overige vorderingen (kortlopend)","Leningen, voorschotten en garanties ten behoeve van commissarissen en gewezen commissarissen",1103006,BVorOvrLvc,asset_current,l10n_nl_rgs.account_tag_1103000,0,G.K.B
1103010,Waarborgsommen overige vorderingen,Waarborgsommen,1103010,BVorOvrWbs,asset_current,l10n_nl_rgs.account_tag_1103000,0,G.K.H
1103040,Te vorderen overheidssubsidies te vorderen subsidies,Te vorderen overheidssubsidies,1103040,BVorTskTos,asset_current,l10n_nl_rgs.account_tag_1103039,0,G.I.A
1103050,Te vorderen loonsubsidie te vorderen subsidies,Te vorderen loonsubsidie,1103050,BVorTskTls,asset_current,l10n_nl_rgs.account_tag_1103039,0,G.I.B
1103060,Te vorderen overige subsidies te vorderen subsidies,Te vorderen overige subsidies,1103060,BVorTskTvs,asset_current,l10n_nl_rgs.account_tag_1103039,0,G.I.C
1103070,Te vorderen rente lening,Te vorderen rente lening,1103070,BVorOvrTvr,asset_current,l10n_nl_rgs.account_tag_1103000,0,G.K.J
1103080,Te vorderen overige rente,Te vorderen overige rente,1103080,BVorOvrTvo,asset_current,l10n_nl_rgs.account_tag_1103000,0,G.K.K
1103090,Vooruitbetalingen,Vooruitbetalingen,1103090,BVorOvrVrb,asset_current,l10n_nl_rgs.account_tag_1103000,1,G.K.I
1103100,Rekening-courant groepsmaatschappij 1,Rekening-courant groepsmaatschappij 1,1103100,BVorVogVr1,asset_current,l10n_nl_rgs.account_tag_1103099,0,G.B.A
1103101,Rekening-courant groepsmaatschappij 2,Rekening-courant groepsmaatschappij 2,1103101,BVorVogVr2,asset_current,l10n_nl_rgs.account_tag_1103099,0,G.B.B
1103102,Rekening-courant groepsmaatschappij 3,Rekening-courant groepsmaatschappij 3,1103102,BVorVogVr3,asset_current,l10n_nl_rgs.account_tag_1103099,0,G.B.C
1103103,Rekening-courant groepsmaatschappij 4,Rekening-courant groepsmaatschappij 4,1103103,BVorVogVr4,asset_current,l10n_nl_rgs.account_tag_1103099,0,G.B.D
1103104,Rekening-courant groepsmaatschappij 5,Rekening-courant groepsmaatschappij 5,1103104,BVorVogVr5,asset_current,l10n_nl_rgs.account_tag_1103099,0,G.B.E
1103105,Vordering / lening Daeb,Vordering / lening groepsmaatschappij 1,1103105,BVorVogVg1,asset_current,l10n_nl_rgs.account_tag_1103099,0,G.B.P
1103106,Rekening-courant DAEB,Rekening-courant DAEB,1103106,BVorVogDae,asset_current,l10n_nl_rgs.account_tag_1103099,0,G.B.Q
1103107,Rekening-courant Niet-DAEB,Rekening-courant Niet-DAEB,1103107,BVorVogNda,asset_current,l10n_nl_rgs.account_tag_1103099,0,G.B.R
1103110,Rekening-courant overige verbonden maatschappij 1,Rekening-courant overige verbonden maatschappij 1,1103110,BVorVovVr1,asset_current,l10n_nl_rgs.account_tag_1103109,0,G.C.A
1103111,Rekening-courant overige verbonden maatschappij 2,Rekening-courant overige verbonden maatschappij 2,1103111,BVorVovVr2,asset_current,l10n_nl_rgs.account_tag_1103109,0,G.C.B
1103112,Rekening-courant overige verbonden maatschappij 3,Rekening-courant overige verbonden maatschappij 3,1103112,BVorVovVr3,asset_current,l10n_nl_rgs.account_tag_1103109,0,G.C.C
1103113,Rekening-courant overige verbonden maatschappij 4,Rekening-courant overige verbonden maatschappij 4,1103113,BVorVovVr4,asset_current,l10n_nl_rgs.account_tag_1103109,0,G.C.D
1103114,Rekening-courant overige verbonden maatschappij 5,Rekening-courant overige verbonden maatschappij 5,1103114,BVorVovVr5,asset_current,l10n_nl_rgs.account_tag_1103109,0,G.C.E
1103115,Vordering / lening overige verbonden maatschappij 1,Vordering / lening overige verbonden maatschappij 1,1103115,BVorVovVo1,asset_current,l10n_nl_rgs.account_tag_1103109,0,G.C.P
1103120,Rekening-courant participant en op maatschappij waarin wordt deelgenomen 1 (kortlopend),Rekening-courant participant en op maatschappij waarin wordt deelgenomen 1 (kortlopend),1103120,BVorVopVr1,asset_current,l10n_nl_rgs.account_tag_1103119,0,G.D.A
1103121,Rekening-courant participant en op maatschappij waarin wordt deelgenomen 2 (kortlopend),Rekening-courant participant en op maatschappij waarin wordt deelgenomen 2 (kortlopend),1103121,BVorVopVr2,asset_current,l10n_nl_rgs.account_tag_1103119,0,G.D.B
1103122,Rekening-courant participant en op maatschappij waarin wordt deelgenomen 3 (kortlopend),Rekening-courant participant en op maatschappij waarin wordt deelgenomen 3 (kortlopend),1103122,BVorVopVr3,asset_current,l10n_nl_rgs.account_tag_1103119,0,G.D.C
1103123,Rekening-courant participant en op maatschappij waarin wordt deelgenomen 4 (kortlopend),Rekening-courant participant en op maatschappij waarin wordt deelgenomen 4 (kortlopend),1103123,BVorVopVr4,asset_current,l10n_nl_rgs.account_tag_1103119,0,G.D.D
1103124,Rekening-courant participant en op maatschappij waarin wordt deelgenomen 5 (kortlopend),Rekening-courant participant en op maatschappij waarin wordt deelgenomen 5 (kortlopend),1103124,BVorVopVr5,asset_current,l10n_nl_rgs.account_tag_1103119,0,G.D.E
1103125,Vordering / lening participant en op maatschappij waarin wordt deelgenomen 1,Vordering / lening participant en op maatschappij waarin wordt deelgenomen 1,1103125,BVorVopVo1,asset_current,l10n_nl_rgs.account_tag_1103119,0,G.D.P
1103130,Nog te verrichten stortingen op aandelen van aandeelhouders opgevraagde stortingen,Nog te verrichten stortingen op aandelen,1103130,BVorVaoNtv,asset_current,l10n_nl_rgs.account_tag_1103129,1,G.F.010
1103135,Vorderingen uit hoofde van leningen en voorschotten aan leden of houders van aandelen op naam (kortlopend) van aandeelhouders opgevraagde stortingen,Vorderingen uit hoofde van leningen en voorschotten aan leden of houders van aandelen op naam (kortlopend),1103135,BVorVaoVuh,asset_current,l10n_nl_rgs.account_tag_1103129,0,G.F.020
1103140,Rekening-courant bestuurders,Rekening-courant bestuurders,1103140,BVorOvrRcb,asset_current,l10n_nl_rgs.account_tag_1103000,0,G.K.D
1103141,Rekening-courant commissarissen,Rekening-courant commissarissen,1103141,BVorOvrRcc,asset_current,l10n_nl_rgs.account_tag_1103000,0,G.K.E
1103142,Rekening-courant overigen (kortlopend),Rekening-courant overigen,1103142,BVorOvrRco,asset_current,l10n_nl_rgs.account_tag_1103000,0,G.K.F
1103143,Rekening-courant aandeelhouders (kortlopend),Rekening-courant aandeelhouders,1103143,BVorOvrRca,asset_current,l10n_nl_rgs.account_tag_1103000,0,G.K.G
1103150,Terug te ontvangen pensioenpremies,Terug te ontvangen pensioenpremies,1103150,BVorVpkTto,asset_current,l10n_nl_rgs.account_tag_1103149,0,G.J.A
1103155,Te ontvangen pensioenuitkeringen,Te ontvangen pensioenuitkeringen,1103155,BVorVpkTop,asset_current,l10n_nl_rgs.account_tag_1103149,0,G.J.B
1103160,Vorderingen uit hoofde van belastingen,Vorderingen uit hoofde van belastingen,1103160,BVorVbkVbk,asset_current,l10n_nl_rgs.account_tag_1103159,0,G.G.A
1103170,Latente belastingvorderingen (kortlopend),Latente belastingvorderingen (kortlopend),1103170,BVorLbvBlk,asset_current,l10n_nl_rgs.account_tag_1103169,0,G.H.A
1103171,Te verrekenen met verliezen uit het verleden latente belastingvorderingen (kortlopend),Te verrekenen met verliezen uit het verleden,1103171,BVorLbvCba,asset_current,l10n_nl_rgs.account_tag_1103169,0,G.H.B
1103172,Te verrekenen met toekomstige verliezen latente belastingvorderingen (kortlopend),Te verrekenen met toekomstige verliezen,1103172,BVorLbvCfo,asset_current,l10n_nl_rgs.account_tag_1103169,0,G.H.C
1103180,Ledenrekeningen overige vorderingen,Ledenrekeningen,1103180,BVorOvrLek,asset_current,l10n_nl_rgs.account_tag_1103000,0,G.K.C
1103190,Overige vorderingen overige vorderingen,Overige vorderingen,1103190,BVorOvrOvk,asset_current,l10n_nl_rgs.account_tag_1103000,0,G.K.T
1103200,Leningen u/g (kortlopend),Leningen u/g (kortlopend),1103200,BVorOvrLen,asset_current,l10n_nl_rgs.account_tag_1103000,0,G.K.U
1103310,Vorderingen op lid A van de coöperatie,Vorderingen op lid A van de coöperatie,1103310,BVorVlcLi1,asset_current,l10n_nl_rgs.account_tag_1103300,0,G.E.A
1103320,Vorderingen op lid B van de coöperatie,Vorderingen op lid B van de coöperatie,1103320,BVorVlcLi2,asset_current,l10n_nl_rgs.account_tag_1103300,0,G.E.B
1103330,Vorderingen op lid C van de coöperatie,Vorderingen op lid C van de coöperatie,1103330,BVorVlcLi3,asset_current,l10n_nl_rgs.account_tag_1103300,0,G.E.C
1103340,Vorderingen op lid D van de coöperatie,Vorderingen op lid D van de coöperatie,1103340,BVorVlcLi4,asset_current,l10n_nl_rgs.account_tag_1103300,0,G.E.D
1103350,Vorderingen op lid E van de coöperatie,Vorderingen op lid E van de coöperatie,1103350,BVorVlcLi5,asset_current,l10n_nl_rgs.account_tag_1103300,0,G.E.E
1103390,Interne lening (kortlopend),Interne lening (kortlopend),1103390,BVorOvrIln,asset_current,l10n_nl_rgs.account_tag_1103000,0,G.K.V
1103007,Margin-call deposito,Margin-call deposito,1103007,BVorOvrMcd,asset_current,l10n_nl_rgs.account_tag_1103000,0,G.K.W
1104010,Vooruitbetaalde facturen,Vooruitbetaalde facturen,1104010,BVorOvaVof,liability_current,l10n_nl_rgs.account_tag_1104000,1,G.L.A
1104020,Vooruitverzonden op bestellingen,Vooruitverzonden op bestellingen,1104020,BVorOvaVbs,liability_current,l10n_nl_rgs.account_tag_1104000,1,G.L.B
1104030,Nog te factureren of nog te verzenden facturen,Nog te factureren of nog te verzenden facturen,1104030,BVorOvaNtf,liability_current,l10n_nl_rgs.account_tag_1104000,1,G.L.C
1104040,Te ontvangen rente,Te ontvangen rente,1104040,BVorOvaTor,asset_prepayments,l10n_nl_rgs.account_tag_1104000,0,G.L.V
1104050,Vooruitbetaalde rente,Vooruitbetaalde rente,1104050,BVorOvaVbr,asset_prepayments,l10n_nl_rgs.account_tag_1104000,1,G.L.W
1104060,Overige overlopende activa,Overige overlopende activa ,1104060,BVorOvaOoa,asset_prepayments,l10n_nl_rgs.account_tag_1104000,0,G.L.X
1104070,Nog te ontvangen omzetbonificaties,Nog te ontvangen omzetbonificaties,1104070,BVorOvaNoo,liability_current,l10n_nl_rgs.account_tag_1104000,1,G.L.D
1104075,Vooruitbetaalde erfpacht,Vooruitbetaalde erfpacht,1104075,BVorOvaErf,asset_prepayments,l10n_nl_rgs.account_tag_1104000,1,G.L.Y
1104080,Nog te ontvangen provisies,Nog te ontvangen provisies,1104080,BVorOvaNtp,liability_current,l10n_nl_rgs.account_tag_1104000,1,G.L.E
1104085,Nog te ontvangen servicekosten,Nog te ontvangen servicekosten,1104085,BVorOvaNos,asset_prepayments,l10n_nl_rgs.account_tag_1104000,1,G.L.Z.Z010
1104090,Nog te ontvangen huren,Nog te ontvangen huren,1104090,BVorOvaNth,liability_current,l10n_nl_rgs.account_tag_1104000,1,G.L.F
1104095,Nog toe rekenen rente swaps,Nog toe rekenen rente swaps,1104095,BVorOvaNtr,asset_prepayments,l10n_nl_rgs.account_tag_1104000,1,G.L.Z.Z020
1104100,Nog te ontvangen vergoedingen,Nog te ontvangen vergoedingen,1104100,BVorOvaNov,liability_current,l10n_nl_rgs.account_tag_1104000,1,G.L.G
1104110,Nog te ontvangen bijdragen,Nog te ontvangen bijdragen,1104110,BVorOvaNob,liability_current,l10n_nl_rgs.account_tag_1104000,1,G.L.H
1104115,Overige vorderingen daeb,Overige vorderingen daeb,1104115,BVorOvrOvd,liability_current,l10n_nl_rgs.account_tag_1103000,0,G.K.X
1104120,Vooruitbetaalde personeelskosten,Vooruitbetaalde personeelskosten,1104120,BVorOvaVop,asset_prepayments,l10n_nl_rgs.account_tag_1104000,1,G.L.I
1104125,Overige vorderingen niet-daeb,Overige vorderingen niet-daeb,1104125,BVorOvrOvn,liability_current,l10n_nl_rgs.account_tag_1103000,0,G.K.Y
1104130,Vooruitbetaalde huisvestingskosten,Vooruitbetaalde huisvestingskosten,1104130,BVorOvaVoh,asset_prepayments,l10n_nl_rgs.account_tag_1104000,1,G.L.J
1104140,Vooruitbetaalde exploitatie- en machinekosten,Vooruitbetaalde exploitatie- en machinekosten,1104140,BVorOvaVem,asset_prepayments,l10n_nl_rgs.account_tag_1104000,1,G.L.K
1104150,Vooruitbetaalde verkoopkosten,Vooruitbetaalde verkoopkosten,1104150,BVorOvaVov,asset_prepayments,l10n_nl_rgs.account_tag_1104000,1,G.L.L
1104160,Vooruitbetaalde autokosten,Vooruitbetaalde autokosten,1104160,BVorOvaVak,asset_prepayments,l10n_nl_rgs.account_tag_1104000,1,G.L.M
1104170,Vooruitbetaalde transportkosten,Vooruitbetaalde transportkosten,1104170,BVorOvaVtr,asset_prepayments,l10n_nl_rgs.account_tag_1104000,1,G.L.N
1104180,Vooruitbetaalde kantoorkosten,Vooruitbetaalde kantoorkosten,1104180,BVorOvaVok,asset_prepayments,l10n_nl_rgs.account_tag_1104000,1,G.L.O
1104190,Vooruitbetaalde organisatiekosten,Vooruitbetaalde organisatiekosten,1104190,BVorOvaVoo,asset_prepayments,l10n_nl_rgs.account_tag_1104000,1,G.L.P
1104200,Vooruitbetaalde assurantiekosten,Vooruitbetaalde assurantiekosten,1104200,BVorOvaVas,asset_prepayments,l10n_nl_rgs.account_tag_1104000,1,G.L.Q
1104205,Overheid,Overheid,1104205,BVorOvhVor,asset_current,l10n_nl_rgs.account_tag_1104105,0,G.N.A
1104210,Vooruitbetaalde accountants- en advieskosten,Vooruitbetaalde accountants- en advieskosten,1104210,BVorOvaVae,asset_prepayments,l10n_nl_rgs.account_tag_1104000,1,G.L.R
1104220,Vooruitbetaalde administratiekosten,Vooruitbetaalde administratiekosten,1104220,BVorOvaVoa,asset_prepayments,l10n_nl_rgs.account_tag_1104000,0,G.L.S
1104230,Vooruitbetaalde kosten fondsenwerving,Vooruitbetaalde kosten fondsenwerving,1104230,BVorOvaVkf,asset_prepayments,l10n_nl_rgs.account_tag_1104000,1,G.L.T
1104240,Vooruitbetaalde andere kosten,Vooruitbetaalde andere kosten,1104240,BVorOvaVan,asset_prepayments,l10n_nl_rgs.account_tag_1104000,1,G.L.U
1104250,Pensioenvordering onder overlopende activa,Pensioenvordering onder overlopende activa,1104250,BVorOvaPen,asset_prepayments,l10n_nl_rgs.account_tag_1104000,0,G.L.Z.Z030
1105100,Tussenrekeningen betalingen,Tussenrekeningen betalingen,1105100,BVorTusTbt,asset_cash,l10n_nl_rgs.account_tag_1105000,1,G.M.A
1105200,Tussenrekeningen salarissen,Tussenrekeningen salarissen,1105200,BVorTusTsa,asset_cash,l10n_nl_rgs.account_tag_1105000,1,G.M.B
1105300,Tussenrekeningen inkopen,Tussenrekeningen inkopen,1105300,BVorTusTin,asset_cash,l10n_nl_rgs.account_tag_1105000,1,G.M.C
1105400,Tussenrekeningen projecten,Tussenrekeningen projecten,1105400,BVorTusTpj,asset_cash,l10n_nl_rgs.account_tag_1105000,1,G.M.D
1105500,Tussenrekeningen productie,Tussenrekeningen productie,1105500,BVorTusTpr,asset_cash,l10n_nl_rgs.account_tag_1105000,1,G.M.E
1105600,Tussenrekeningen dienstverlening,Tussenrekeningen dienstverlening,1105600,BVorTusTdv,asset_cash,l10n_nl_rgs.account_tag_1105000,1,G.M.F
1105700,Tussenrekening voorraden,Tussenrekening voorraden,1105700,BVorTusTvr,asset_cash,l10n_nl_rgs.account_tag_1105000,1,G.M.G
1105800,Tussenrekeningen verkopen,Tussenrekeningen verkopen,1105800,BVorTusTvk,asset_cash,l10n_nl_rgs.account_tag_1105000,1,G.M.H
1105900,Tussenrekeningen ontvangsten,Tussenrekeningen ontvangsten,1105900,BVorTusTon,asset_cash,l10n_nl_rgs.account_tag_1105000,1,G.M.I
1106000,Tussenrekeningen overig,Tussenrekeningen overig,1106000,BVorTusTov,asset_cash,l10n_nl_rgs.account_tag_1105000,1,G.M.J
1107000,Tussenrekeningen leningen,Tussenrekeningen leningen,1107000,BVorTusLen,asset_cash,l10n_nl_rgs.account_tag_1105000,1,G.M.K
1201010,Achtergestelde schulden,Achtergestelde schulden,1201010,BSchKolAlk,liability_non_current,l10n_nl_rgs.account_tag_1201000,0,M.A.A
1201020,Converteerbare leningen,Converteerbare leningen,1201020,BSchKolClk,liability_non_current,l10n_nl_rgs.account_tag_1201000,0,M.A.B
1201030,"Obligatieleningen, pandbrieven en andere leningen","Obligatieleningen, pandbrieven en andere leningen",1201030,BSchKolAok,liability_non_current,l10n_nl_rgs.account_tag_1201000,0,M.A.C
1201040,Aangegane verplichtingen overig,Aangegane verplichtingen overig,1201040,BSchKolAov,liability_non_current,l10n_nl_rgs.account_tag_1201000,0,M.A.D
1201050,Derivaten,Derivaten,1201050,BSchKolDer,liability_non_current,l10n_nl_rgs.account_tag_1201000,0,M.A.E
1201060,Hypotheken van kredietinstellingen (kortlopend),Hypotheken van kredietinstellingen (kortlopend),1201060,BSchAosHvk,liability_current,l10n_nl_rgs.account_tag_1201059,0,M.M.A
1201070,Financieringen van kredietinstellingen (kortlopend),Financieringen van kredietinstellingen (kortlopend),1201070,BSchAosFvk,liability_current,l10n_nl_rgs.account_tag_1201059,0,M.M.C
1201080,Leningen van kredietinstellingen (kortlopend),Leningen van kredietinstellingen (kortlopend),1201080,BSchAosLvk,liability_current,l10n_nl_rgs.account_tag_1201059,0,M.M.B
1201090,Aflossingsverplichtingen,Aflossingsverplichtingen,1201090,BSchAosAos,liability_current,l10n_nl_rgs.account_tag_1201059,0,M.M.D
1201100,Marktwaardecorrectie van de vastrentende lening (kortlopend),Marktwaardecorrectie van de vastrentende lening (kortlopend),1201100,BSchAosMvl,liability_current,l10n_nl_rgs.account_tag_1201059,0,M.M.E
1203020,Handelscrediteuren intercompany,Handelscrediteuren intercompany,1203020,BSchCreHci,liability_payable,l10n_nl_rgs.account_tag_1203000,1,M.D.B
1203030,Ontvangen vooruitbetalingen op bestellingen,Ontvangen vooruitbetalingen op bestellingen,1203030,BSchCreVbk,liability_current,l10n_nl_rgs.account_tag_1203000,1,M.D.C
1203040,Kostencrediteuren,Kostencrediteuren,1203040,BSchCreKcr,liability_payable,l10n_nl_rgs.account_tag_1203000,1,M.D.D
1203050,Tussenrekening betalingen crediteuren (betalingen onderweg),Tussenrekening betalingen crediteuren (betalingen onderweg),1203050,BSchCreTus,asset_current,l10n_nl_rgs.account_tag_1203000,1,M.D.E
1203060,Tussenrekening te fiatteren facturen,Tussenrekening te fiatteren facturen,1203060,BSchCreTtf,asset_cash,l10n_nl_rgs.account_tag_1203000,0,M.D.F
1204010,Netto lonen,Netto lonen,1204010,BSchSalNet,liability_current,l10n_nl_rgs.account_tag_1204000,0,M.O.A
1204020,Voorschotten personeel,Voorschotten personeel,1204020,BSchSalVpe,liability_current,l10n_nl_rgs.account_tag_1204000,0,M.O.B
1204030,Tantièmes,Tantièmes,1204030,BSchSalTan,liability_current,l10n_nl_rgs.account_tag_1204000,0,M.O.C
1204040,Te betalen vakantiegeld,Te betalen vakantiegeld,1204040,BSchSalTvg,liability_current,l10n_nl_rgs.account_tag_1204000,0,M.O.D
1204050,Reservering vakantiedagen,Reservering vakantiedagen,1204050,BSchSalTbv,liability_current,l10n_nl_rgs.account_tag_1204000,0,M.O.E
1204060,Vakantiebonnen,Vakantiebonnen,1204060,BSchSalVab,liability_current,l10n_nl_rgs.account_tag_1204000,0,M.O.F
1204070,Bruto lonen en salarissen,Bruto lonen en salarissen,1204070,BSchSalBls,liability_current,l10n_nl_rgs.account_tag_1204000,0,M.O.G
1204075,Overige reserveringen,Overige reserveringen,1204075,BSchSalOrn,liability_current,l10n_nl_rgs.account_tag_1204000,0,M.O.H
1204080,Premies sociale verzekeringen,Premies sociale verzekeringen,1204080,BSchSalPsv,liability_current,l10n_nl_rgs.account_tag_1204000,0,M.O.I
1204090,Te betalen pensioenuitkeringen,Te betalen pensioenuitkeringen,1204090,BSchStzPen,liability_current,l10n_nl_rgs.account_tag_1204089,0,M.L.A
1204100,Personeelsfonds / personeelsvereniging,Personeelsfonds / personeelsvereniging,1204100,BSchSalPer,liability_current,l10n_nl_rgs.account_tag_1204000,0,M.O.J
1204110,Overige netto-afdrachten,Overige netto-afdrachten,1204110,BSchSalOna,liability_current,l10n_nl_rgs.account_tag_1204000,0,M.O.K
1204120,Gratificaties,Gratificaties,1204120,BSchSalGra,liability_current,l10n_nl_rgs.account_tag_1204000,0,M.O.L
1204130,Te betalen overige sociale fondsen,Te betalen overige sociale fondsen,1204130,BSchSalOsf,liability_current,l10n_nl_rgs.account_tag_1204000,0,M.O.M
1204140,Reservering eindejaarsuitkering,Reservering eindejaarsuitkering,1204140,BSchSalReu,liability_current,l10n_nl_rgs.account_tag_1204000,0,M.O.N
1205010,Te betalen Omzetbelasting,Te betalen Omzetbelasting,1205010,BSchBepBtw,liability_current,l10n_nl_rgs.account_tag_1205009,0,M.K.A
1205020,Te betalen EU omzetbelasting,Te betalen EU omzetbelasting,1205020,BSchBepEob,liability_current,l10n_nl_rgs.account_tag_1205009,0,M.K.A200
1205030,Omzetbelasting afdracht,Omzetbelasting afdracht,1205030,BSchBepBaf,liability_current,l10n_nl_rgs.account_tag_1205009,0,M.K.A300
1206010,Te betalen Loonheffing,Te betalen Loonheffing,1206010,BSchBepLhe,liability_current,l10n_nl_rgs.account_tag_1205009,0,M.K.B
1207010,Te betalen Vennootschapsbelasting,Te betalen Vennootschapsbelasting,1207010,BSchBepVpb,liability_current,l10n_nl_rgs.account_tag_1205009,0,M.K.C
1208000,Overige belastingen,Overige belastingen,1208000,BSchBepOvb,liability_current,l10n_nl_rgs.account_tag_1205009,0,M.K.D
1208110,Schuld aan groepsmaatschappij 1,Schuld aan groepsmaatschappij 1,1208110,BSchSagSg1,liability_current,l10n_nl_rgs.account_tag_1208100,0,M.F.A
1208120,Schuld aan groepsmaatschappij 2,Schuld aan groepsmaatschappij 2,1208120,BSchSagSg2,liability_current,l10n_nl_rgs.account_tag_1208100,0,M.F.B
1208130,Schuld aan groepsmaatschappij 3,Schuld aan groepsmaatschappij 3,1208130,BSchSagSg3,liability_current,l10n_nl_rgs.account_tag_1208100,0,M.F.C
1208140,Schuld aan groepsmaatschappij 4,Schuld aan groepsmaatschappij 4,1208140,BSchSagSg4,liability_current,l10n_nl_rgs.account_tag_1208100,0,M.F.D
1208150,Schuld aan groepsmaatschappij 5,Schuld aan groepsmaatschappij 5,1208150,BSchSagSg5,liability_current,l10n_nl_rgs.account_tag_1208100,0,M.F.E
1208160,Schuld aan DAEB,Schuld aan DAEB,1208160,BSchSagDae,liability_current,l10n_nl_rgs.account_tag_1208100,0,M.F.F
1208170,Schuld aan Niet-DAEB,Schuld aan Niet-DAEB,1208170,BSchSagNda,liability_current,l10n_nl_rgs.account_tag_1208100,0,M.F.G
1208210,Schuld aan overige verbonden maatschappij 1,Schuld aan overige verbonden maatschappij 1,1208210,BSchSaoSo1,liability_current,l10n_nl_rgs.account_tag_1208200,0,M.G.A
1208220,Schuld aan overige verbonden maatschappij 2,Schuld aan overige verbonden maatschappij 2,1208220,BSchSaoSo2,liability_current,l10n_nl_rgs.account_tag_1208200,0,M.G.B
1208230,Schuld aan overige verbonden maatschappij 3,Schuld aan overige verbonden maatschappij 3,1208230,BSchSaoSo3,liability_current,l10n_nl_rgs.account_tag_1208200,0,M.G.C
1208240,Schuld aan overige verbonden maatschappij 4,Schuld aan overige verbonden maatschappij 4,1208240,BSchSaoSo4,liability_current,l10n_nl_rgs.account_tag_1208200,0,M.G.D
1208250,Schuld aan overige verbonden maatschappij 5,Schuld aan overige verbonden maatschappij 5,1208250,BSchSaoSo5,liability_current,l10n_nl_rgs.account_tag_1208200,0,M.G.E
1208310,Schulden aan participant en aan maatschappij waarin wordt deelgenomen 1,Schulden aan participant en aan maatschappij waarin wordt deelgenomen 1,1208310,BSchSapSp1,liability_current,l10n_nl_rgs.account_tag_1208300,0,M.H.A
1208320,Schulden aan participant en aan maatschappij waarin wordt deelgenomen 2,Schulden aan participant en aan maatschappij waarin wordt deelgenomen 2,1208320,BSchSapSp2,liability_current,l10n_nl_rgs.account_tag_1208300,0,M.H.B
1208330,Schulden aan participant en aan maatschappij waarin wordt deelgenomen 3,Schulden aan participant en aan maatschappij waarin wordt deelgenomen 3,1208330,BSchSapSp3,liability_current,l10n_nl_rgs.account_tag_1208300,0,M.H.C
1208340,Schulden aan participant en aan maatschappij waarin wordt deelgenomen 4,Schulden aan participant en aan maatschappij waarin wordt deelgenomen 4,1208340,BSchSapSp4,liability_current,l10n_nl_rgs.account_tag_1208300,0,M.H.D
1208350,Schulden aan participant en aan maatschappij waarin wordt deelgenomen 5,Schulden aan participant en aan maatschappij waarin wordt deelgenomen 5,1208350,BSchSapSp5,liability_current,l10n_nl_rgs.account_tag_1208300,0,M.H.E
1208410,Schulden uit hoofde van belasting naar de winst,Schulden uit hoofde van belasting naar de winst,1208410,BSchShbShb,liability_current,l10n_nl_rgs.account_tag_1208400,0,M.I.A
1208510,Financiële lease verplichtingen,Financiële lease verplichtingen,1208510,BSchFlkFlk,liability_current,l10n_nl_rgs.account_tag_1208500,0,M.J.A
1209010,Schulden aan aandeelhouders,Schulden aan aandeelhouders,1209010,BSchOvsSaa,liability_current,l10n_nl_rgs.account_tag_1209000,0,M.P.D
1209020,Rekening-courant bestuurders (Kortlopend),Rekening-courant bestuurders (Kortlopend),1209020,BSchOvsRcb,liability_current,l10n_nl_rgs.account_tag_1209000,0,M.P.A
1209025,Rekening-courant commissarissen (Kortlopend),Rekening-courant commissarissen (Kortlopend),1209025,BSchOvsRcc,liability_current,l10n_nl_rgs.account_tag_1209000,0,M.P.B
1209030,Rekening-courant bij kredietinstellingen schulden aan kredietinstellingen,Rekening-courant bij kredietinstellingen,1209030,BSchSakRba,liability_non_current,l10n_nl_rgs.account_tag_1209029,0,M.B.A
1209031,Rekening-courant bij kredietinstellingen - Naam A - schulden aan kredietinstellingen,Rekening-courant bij kredietinstellingen - Naam A,1209031,BSchSakRbb,liability_non_current,l10n_nl_rgs.account_tag_1209029,0,M.B.A200
1209032,Rekening-courant bij kredietinstellingen - Naam B - schulden aan kredietinstellingen,Rekening-courant bij kredietinstellingen - Naam B,1209032,BSchSakRbc,liability_non_current,l10n_nl_rgs.account_tag_1209029,0,M.B.A210
1209033,Rekening-courant bij kredietinstellingen - Naam C - schulden aan kredietinstellingen,Rekening-courant bij kredietinstellingen - Naam C,1209033,BSchSakRbd,liability_non_current,l10n_nl_rgs.account_tag_1209029,0,M.B.A220
1209034,Rekening-courant bij kredietinstellingen - Naam D - schulden aan kredietinstellingen,Rekening-courant bij kredietinstellingen - Naam D,1209034,BSchSakRbe,liability_non_current,l10n_nl_rgs.account_tag_1209029,0,M.B.A230
1209035,Rekening-courant bij kredietinstellingen - Naam E - schulden aan kredietinstellingen,Rekening-courant bij kredietinstellingen - Naam E,1209035,BSchSakRbf,liability_non_current,l10n_nl_rgs.account_tag_1209029,0,M.B.A240
1209041,Vooruitgezonden facturen,Vooruitgezonden facturen,1209041,BSchVobVgf,liability_non_current,l10n_nl_rgs.account_tag_1209040,1,M.C.A
1209042,Ontvangen vooruitbetalingen op bestellingen,Ontvangen vooruitbetalingen op bestellingen,1209042,BSchVobVob,liability_current,l10n_nl_rgs.account_tag_1209040,1,M.C.B
1209045,Rekening-courant overigen (Kortlopend),Rekening-courant overigen (Kortlopend),1209045,BSchOvsRco,liability_current,l10n_nl_rgs.account_tag_1209000,0,M.P.C
1209065,Overige verplichtingen inzake personeel,Overige verplichtingen inzake personeel,1209065,BSchOvsOvi,liability_current,l10n_nl_rgs.account_tag_1209000,0,M.P.E
1209070,Te betalen dividenduitkeringen,Te betalen dividenduitkeringen,1209070,BSchOvsTbd,liability_current,l10n_nl_rgs.account_tag_1209000,0,M.P.F
1209080,Overige schulden te betalen wissels en cheques,Overige schulden,1209080,BSchTbwOvs,liability_current,l10n_nl_rgs.account_tag_1209079,0,M.E.C
1209081,Aflossingsverplichtingen,Aflossingsverplichtingen,1209081,BSchTbwAvp,liability_current,l10n_nl_rgs.account_tag_1209079,0,M.E.A
1209082,Te betalen rente,Te betalen rente,1209082,BSchTbwTbr,liability_current,l10n_nl_rgs.account_tag_1209079,0,M.E.B
1209090,Giftenverplichtingen,Giftenverplichtingen,1209090,BSchOvsGif,liability_current,l10n_nl_rgs.account_tag_1209000,0,M.P.G
1209100,Terugbetaling subsidies,Terugbetaling subsidies,1209100,BSchOvsSuv,liability_current,l10n_nl_rgs.account_tag_1209000,0,M.P.H
1209110,Te betalen pensioenpremies,Te betalen pensioenpremies,1209110,BSchOvsStp,liability_current,l10n_nl_rgs.account_tag_1209000,0,M.P.I
1209120,Onderhanden projecten,Onderhanden projecten (passiva),1209120,BSchOppOpp,liability_current,l10n_nl_rgs.account_tag_1209119,0,M.N.A
1209130,Verplichtingen uit hoofde van onroerende zaken verkocht onder voorwaarden,Verplichtingen uit hoofde van onroerende zaken verkocht onder voorwaarden,1209130,BSchOvsVvv,liability_current,l10n_nl_rgs.account_tag_1209000,0,M.P.K
1209135,Waarborgsommen overige schulden,Waarborgsommen,1209135,BSchOvsWaa,liability_current,l10n_nl_rgs.account_tag_1209000,0,M.P.N
1209140,Verplichtingen aan overheid,Verplichtingen aan overheid,1209140,BSchOvsVpo,liability_current,l10n_nl_rgs.account_tag_1209000,0,M.P.L
1209145,Ledenrekeningen,Ledenrekeningen,1209145,BSchOvsLed,liability_current,l10n_nl_rgs.account_tag_1209000,0,M.P.O
1209150,Overige schulden,Overige schulden,1209150,BSchOvsOvs,liability_current,l10n_nl_rgs.account_tag_1209000,0,M.P.M
1209155,Loyalty / membersaldo,Loyalty / membersaldo,1209155,BSchOvsLoy,liability_current,l10n_nl_rgs.account_tag_1209000,0,M.P.P
1210010,Nog te ontvangen facturen,Nog te ontvangen facturen,1210010,BSchOpaNto,liability_current,l10n_nl_rgs.account_tag_1210000,1,M.Q.A
1210020,Nog te betalen andere kosten,Nog te betalen andere kosten,1210020,BSchOpaNtb,liability_current,l10n_nl_rgs.account_tag_1210000,1,M.Q.B
1210030,Te betalen rente,Te betalen rente,1210030,BSchOpaTbr,liability_current,l10n_nl_rgs.account_tag_1210000,1,M.Q.C
1210040,Vooruitontvangen rente,Vooruitontvangen rente,1210040,BSchOpaVor,liability_current,l10n_nl_rgs.account_tag_1210000,1,M.Q.D
1210050,Overige overlopende passiva,Overige overlopende passiva,1210050,BSchOpaOop,liability_current,l10n_nl_rgs.account_tag_1210000,0,M.Q.E
1210055,Nog te betalen servicekosten,Nog te betalen servicekosten,1210055,BSchOpaNbs,liability_current,l10n_nl_rgs.account_tag_1210000,1,M.Q.F
1210060,Nog te betalen omzetbonificaties,Nog te betalen omzetbonificaties,1210060,BSchOpaNom,liability_current,l10n_nl_rgs.account_tag_1210000,1,M.Q.H
1210070,Nog te betalen provisies overlopende passiva,Nog te betalen provisies,1210070,BSchOpaNpr,liability_current,l10n_nl_rgs.account_tag_1210000,1,M.Q.I
1210080,Nog te betalen huren,Nog te betalen huren,1210080,BSchOpaNbh,liability_current,l10n_nl_rgs.account_tag_1210000,1,M.Q.J
1210090,Nog te betalen vergoedingen,Nog te betalen vergoedingen,1210090,BSchOpaNve,liability_current,l10n_nl_rgs.account_tag_1210000,0,M.Q.K
1210100,Nog te betalen bijdragen,Nog te betalen bijdragen,1210100,BSchOpaNbi,liability_current,l10n_nl_rgs.account_tag_1210000,1,M.Q.L
1210110,Nog te betalen personeelskosten,Nog te betalen personeelskosten,1210110,BSchOpaNpe,liability_current,l10n_nl_rgs.account_tag_1210000,1,M.Q.M
1210120,Nog te betalen huisvestingskosten,Nog te betalen huisvestingskosten,1210120,BSchOpaNhv,liability_current,l10n_nl_rgs.account_tag_1210000,1,M.Q.N
1210130,Nog te betalen exploitatie- en machinekosten,Nog te betalen exploitatie- en machinekosten,1210130,BSchOpaNee,liability_current,l10n_nl_rgs.account_tag_1210000,1,M.Q.O
1210140,Nog te betalen verkoopkosten,Nog te betalen verkoopkosten,1210140,BSchOpaNvk,liability_current,l10n_nl_rgs.account_tag_1210000,1,M.Q.P
1210150,Nog te betalen autokosten,Nog te betalen autokosten,1210150,BSchOpaNak,liability_current,l10n_nl_rgs.account_tag_1210000,1,M.Q.Q
1210160,Nog te betalen transportkosten,Nog te betalen transportkosten,1210160,BSchOpaNtk,liability_current,l10n_nl_rgs.account_tag_1210000,1,M.Q.R
1210170,Nog te betalen kantoorkosten,Nog te betalen kantoorkosten,1210170,BSchOpaNkk,liability_current,l10n_nl_rgs.account_tag_1210000,0,M.Q.S
1210180,Nog te betalen organisatiekosten,Nog te betalen organisatiekosten,1210180,BSchOpaNok,liability_current,l10n_nl_rgs.account_tag_1210000,0,M.Q.T
1210190,Nog te betalen assurantiekosten,Nog te betalen assurantiekosten,1210190,BSchOpaNas,liability_current,l10n_nl_rgs.account_tag_1210000,1,M.Q.U
1210200,Nog te betalen accountants- en advieskosten,Nog te betalen accountants- en advieskosten,1210200,BSchOpaNaa,liability_current,l10n_nl_rgs.account_tag_1210000,1,M.Q.V
1210210,Nog te betalen administratiekosten,Nog te betalen administratiekosten,1210210,BSchOpaNad,liability_current,l10n_nl_rgs.account_tag_1210000,1,M.Q.W
1210220,Nog te betalen kosten fondsenwerving,Nog te betalen kosten fondsenwerving,1210220,BSchOpaNkf,liability_current,l10n_nl_rgs.account_tag_1210000,1,M.Q.X
1210230,Vooruitontvangen erfpacht,Vooruitontvangen erfpacht,1210230,BSchOpaErf,liability_current,l10n_nl_rgs.account_tag_1210000,1,M.Q.Y
1210240,Vooruitontvangen huren,Vooruitontvangen huren,1210240,BSchOpaHur,liability_current,l10n_nl_rgs.account_tag_1210000,1,M.Q.Z
1210250,Voorstanden huren,Voorstanden huren,1210250,BSchOpaVhr,liability_current,l10n_nl_rgs.account_tag_1210000,1,M.Q.Z010
1210256,Kosten S&V verrekenbaar,Kosten S&V verrekenbaar,1210256,BSchOpaKsv,liability_current,l10n_nl_rgs.account_tag_1210000,0,M.Q.Z016
1210257,Opbrengsten S&V verrekenbaar,Opbrengsten S&V verrekenbaar,1210257,BSchOpaNao,liability_current,l10n_nl_rgs.account_tag_1210000,0,M.Q.Z017
1210260,Vooruitgefactureerde omzet,Vooruitgefactureerde omzet,1210260,BSchOpaVgo,liability_current,l10n_nl_rgs.account_tag_1210000,0,M.Q.Z020
1210270,Schulden pensioen onder overlopende passiva,Schulden pensioen onder overlopende passiva,1210270,BSchOpaPen,liability_current,l10n_nl_rgs.account_tag_1210000,0,M.Q.Z030
1211100,Schulden aan overheid (kortlopend),Schulden aan overheid (kortlopend),1211100,BSchSohSoh,liability_non_current,l10n_nl_rgs.account_tag_1211000,0,M.A.F010
1220500,Tussenrekeningen betalingen,Tussenrekeningen betalingen,1220500,BSchTusTbt,liability_current,l10n_nl_rgs.account_tag_1220000,0,M.R.A
1221000,Tussenrekeningen salarissen,Tussenrekeningen salarissen,1221000,BSchTusTsa,liability_current,l10n_nl_rgs.account_tag_1220000,0,M.R.B
1222000,Tussenrekeningen inkopen,Tussenrekeningen inkopen,1222000,BSchTusTin,liability_current,l10n_nl_rgs.account_tag_1220000,0,M.R.C
1223000,Tussenrekeningen projecten,Tussenrekeningen projecten,1223000,BSchTusTpj,liability_current,l10n_nl_rgs.account_tag_1220000,0,M.R.D
1224000,Tussenrekeningen productie,Tussenrekeningen productie,1224000,BSchTusTpr,liability_current,l10n_nl_rgs.account_tag_1220000,0,M.R.E
1225000,Tussenrekeningen dienstverlening,Tussenrekeningen dienstverlening,1225000,BSchTusTdv,liability_current,l10n_nl_rgs.account_tag_1220000,0,M.R.F
1226000,Tussenrekening voorraden,Tussenrekening voorraden,1226000,BSchTusTvr,liability_current,l10n_nl_rgs.account_tag_1220000,0,M.R.G
1227000,Tussenrekeningen verkopen,Tussenrekeningen verkopen,1227000,BSchTusTvk,liability_current,l10n_nl_rgs.account_tag_1220000,0,M.R.H
1228000,Tussenrekeningen ontvangsten,Tussenrekeningen ontvangsten,1228000,BSchTusTon,liability_current,l10n_nl_rgs.account_tag_1220000,0,M.R.I
1228500,Tussenrekeningen leningen,Tussenrekeningen leningen,1228500,BSchTusLen,liability_current,l10n_nl_rgs.account_tag_1220000,0,M.R.K
1229000,Tussenrekeningen overig (Vraagposten),Tussenrekeningen overig (Vraagposten),1229000,BSchTusTov,liability_current,l10n_nl_rgs.account_tag_1220000,0,M.R.J
1231000,Uit te keren dividend aan houders van aandelen,Uit te keren dividend aan houders van aandelen,1231000,BSchDhaDha,liability_current,l10n_nl_rgs.account_tag_1230000,0,M.S.A
1232000,Voorgestelde bedrag aan dividenduitkeringen aan houders van eigenvermogensinstrumenten,Voorgestelde bedrag aan dividenduitkeringen aan houders van eigenvermogensinstrumenten,1232000,BSchDhaVde,liability_current,l10n_nl_rgs.account_tag_1230000,0,M.S.B
1241000,Uit te keren dividend aan houders van preferente aandelen,Uit te keren dividend aan houders van preferente aandelen,1241000,BSchDhpDhp,liability_current,l10n_nl_rgs.account_tag_1240000,0,M.T.A
1251000,Schulden aan daeb tak,Schulden aan daeb tak,1251000,BSchSdnDae,liability_current,l10n_nl_rgs.account_tag_1250000,0,M.U.A
1251010,Schulden aan niet-daeb tak,Schulden aan niet-daeb tak,1251010,BSchSdnNda,liability_current,l10n_nl_rgs.account_tag_1250000,0,M.U.B
1260100,Schuld aan lid A van de coöperatie,Schuld aan lid A van de coöperatie,1260100,BSchSlcLi1,liability_current,l10n_nl_rgs.account_tag_1260000,0,M.V.A
1260200,Schuld aan lid B van de coöperatie,Schuld aan lid B van de coöperatie,1260200,BSchSlcLi2,liability_current,l10n_nl_rgs.account_tag_1260000,0,M.V.B
1260300,Schuld aan lid C van de coöperatie,Schuld aan lid C van de coöperatie,1260300,BSchSlcLi3,liability_current,l10n_nl_rgs.account_tag_1260000,0,M.V.C
1260400,Schuld aan lid D van de coöperatie,Schuld aan lid D van de coöperatie,1260400,BSchSlcLi4,liability_current,l10n_nl_rgs.account_tag_1260000,0,M.V.D
1260500,Schuld aan lid E van de coöperatie,Schuld aan lid E van de coöperatie,1260500,BSchSlcLi5,liability_current,l10n_nl_rgs.account_tag_1260000,0,M.V.E
3001010,Handelsgoederen,Handelsgoederen,3001010,BVrdHanVoo,asset_current,l10n_nl_rgs.account_tag_3001000,0,E.E.010
3001011,"Handelsgoederen, marge-voorraden","Handelsgoederen, marge-voorraden",3001011,BVrdHanMgr,asset_current,l10n_nl_rgs.account_tag_3001000,0,E.E.011
3001015,Tussenrekening voorraden,Tussenrekening voorraden,3001015,BVrdHanTus,asset_current,l10n_nl_rgs.account_tag_3001000,0,E.E.015
3001020,"Handelsgoederen, voorziening incourante handelsgoederen","Handelsgoederen, voorziening incourante handelsgoederen",3001020,BVrdHanVic,asset_current,l10n_nl_rgs.account_tag_3001000,0,E.E.020
3001030,"Handelsgoederen, herwaardering voorraden handelsgoederen","Handelsgoederen, herwaardering voorraden handelsgoederen",3001030,BVrdHanHvv,asset_current,l10n_nl_rgs.account_tag_3001000,0,E.E.030
3002010,Voorraad grond- en hulpstoffen,Voorraad grond- en hulpstoffen,3002010,BVrdGehVoo,asset_current,l10n_nl_rgs.account_tag_3002000,0,E.A.010
3002015,Tussenrekening voorraden,Tussenrekening voorraden,3002015,BVrdGehTus,asset_current,l10n_nl_rgs.account_tag_3002000,0,E.A.015
3002020,"Voorraad grond- en hulpstoffen, voorziening incourante grond- en hulpstoffen","Voorraad grond- en hulpstoffen, voorziening incourante grond- en hulpstoffen",3002020,BVrdGehVic,asset_current,l10n_nl_rgs.account_tag_3002000,0,E.A.020
3002030,"Voorraad grond- en hulpstoffen, herwaardering voorraden grond- en hulpstoffen","Voorraad grond- en hulpstoffen, herwaardering voorraden grond- en hulpstoffen",3002030,BVrdGehHvv,asset_current,l10n_nl_rgs.account_tag_3002000,0,E.A.030
3002040,Herclassificatie van en naar vastgoedbelegging in ontwikkeling bestemd voor eigen exploitatie,Herclassificatie van en naar vastgoedbelegging in ontwikkeling,3002040,BVrdGehHvi,asset_current,l10n_nl_rgs.account_tag_3002000,0,E.A.040
3003010,Emballage,Emballage,3003010,BVrdEmbVoo,asset_current,l10n_nl_rgs.account_tag_3003000,0,E.G.010
3003020,"Emballage, voorziening incourante emballage emballage","Emballage, voorziening incourante emballage",3003020,BVrdEmbVic,asset_current,l10n_nl_rgs.account_tag_3003000,0,E.G.020
3003030,"Emballage, herwaardering voorraden emballage emballage","Emballage, herwaardering voorraden emballage",3003030,BVrdEmbHvv,asset_current,l10n_nl_rgs.account_tag_3003000,0,E.G.030
3004010,Vooruitbetalingen op voorraden,Vooruitbetalingen op voorraden,3004010,BVrdVrvVoo,asset_current,l10n_nl_rgs.account_tag_3004000,1,E.F.010
3004020,"Voorraad vooruitbetaald op voorraden, voorziening incourante vooruitbetaald op voorraden vooruitbetalingen op voorraden","Voorraad vooruitbetaald op voorraden, voorziening incourante vooruitbetaald op voorraden",3004020,BVrdVrvVic,asset_current,l10n_nl_rgs.account_tag_3004000,1,E.F.020
3004030,"Voorraad vooruitbetaald op voorraden, herwaardering voorraden vooruitbetaald op voorraden vooruitbetalingen op voorraden","Voorraad vooruitbetaald op voorraden, herwaardering voorraden vooruitbetaald op voorraden",3004030,BVrdVrvHvv,asset_current,l10n_nl_rgs.account_tag_3004000,1,E.F.030
3101010,Onderhanden werk,Onderhanden werk,3101010,BVrdOweVoo,asset_current,l10n_nl_rgs.account_tag_3101000,0,E.C.010
3101020,Gefactureerde termijnen onderhanden werk,Gefactureerde termijnen onderhanden werk,3101020,BVrdOweGet,asset_current,l10n_nl_rgs.account_tag_3101000,0,E.C.020
3101030,Voorziening verliezen onderhanden werk,Voorziening verliezen onderhanden werk,3101030,BVrdOweVzv,asset_current,l10n_nl_rgs.account_tag_3101000,0,E.C.030
3102010,Halffabrikaten,Halffabrikaten,3102010,BVrdHalVoo,asset_current,l10n_nl_rgs.account_tag_3102000,0,E.B.010
3102020,"Halffabrikaten, voorziening incourante halffabrikaten","Halffabrikaten, voorziening incourante halffabrikaten",3102020,BVrdHalVic,asset_current,l10n_nl_rgs.account_tag_3102000,0,E.B.020
3102030,"Halffabrikaten, herwaardering voorraden halffabrikaten","Halffabrikaten, herwaardering voorraden halffabrikaten",3102030,BVrdHalHvv,asset_current,l10n_nl_rgs.account_tag_3102000,0,E.B.030
3103010,Gereed product,Gereed product,3103010,BVrdGepVoo,asset_current,l10n_nl_rgs.account_tag_3103000,0,E.D.010
3103020,"Gereed product, voorziening incourante gereed product","Gereed product, voorziening incourante gereed product",3103020,BVrdGepVic,asset_current,l10n_nl_rgs.account_tag_3103000,0,E.D.020
3103030,"Gereed product, herwaardering voorraden gereed product","Gereed product, herwaardering voorraden gereed product",3103030,BVrdGepHvv,asset_current,l10n_nl_rgs.account_tag_3103000,0,E.D.030
3104010,Vastgoed in ontwikkeling bestemd voor de verkoop,Vastgoed in ontwikkeling bestemd voor de verkoop,3104010,BVrdVasVio,asset_current,l10n_nl_rgs.account_tag_3104000,0,E.H.010
3104020,Vastgoed bestemd voor de verkoop,Vastgoed bestemd voor de verkoop,3104020,BVrdVasVbv,asset_current,l10n_nl_rgs.account_tag_3104000,0,E.H.020
3104030,"Vastgoed, voorziening incourant vastgoed","Vastgoed, voorziening incourant vastgoed",3104030,BVrdVasVic,asset_current,l10n_nl_rgs.account_tag_3104000,0,E.H.030
3104040,"Vastgoed, herwaardering van voorraden vastgoed","Vastgoed, herwaardering van voorraden vastgoed",3104040,BVrdVasHvv,asset_current,l10n_nl_rgs.account_tag_3104000,0,E.H.040
3105010,Voorraad niet gebruiksvee,Voorraad niet gebruiksvee,3105010,BVrdNigVoo,asset_current,l10n_nl_rgs.account_tag_3105000,0,E.I.010
3105020,Voorziening incourant niet gebruiksvee,Voorziening incourant niet gebruiksvee,3105020,BVrdNigVic,asset_current,l10n_nl_rgs.account_tag_3105000,0,E.I.020
3105030,Herwaardering van voorraden niet gebruiksvee,Herwaardering van voorraden niet gebruiksvee,3105030,BVrdNigHvv,asset_current,l10n_nl_rgs.account_tag_3105000,0,E.I.030
3106010,Overige voorraden,Overige voorraden,3106010,BVrdVooVoo,asset_current,l10n_nl_rgs.account_tag_3106000,0,E.J.010
3501010,Onderhanden projecten in opdracht van derden,"Onderhanden projecten in opdracht van derden, geactiveerde kosten voor nog niet geleverde diensten",3501010,BProOnpGkn,asset_current,l10n_nl_rgs.account_tag_3501000,0,F.A.A
3501020,Gefactureerde termijnen,Gefactureerde termijnen,3501020,BProOnpGet,asset_current,l10n_nl_rgs.account_tag_3501000,0,F.A.D
3501030,Voorziening verliezen onderhanden projecten in opdracht van derden,Voorziening verliezen,3501030,BProOnpVzv,asset_current,l10n_nl_rgs.account_tag_3501000,0,F.A.F
3501040,"Onderhanden projecten in opdracht van derden, cumulatieve projectopbrengsten","Onderhanden projecten in opdracht van derden, cumulatieve projectopbrengsten",3501040,BProOnpOpo,asset_current,l10n_nl_rgs.account_tag_3501000,0,F.A.B
3501050,"Onderhanden projecten in opdracht van derden, voorschotten","Onderhanden projecten in opdracht van derden, voorschotten",3501050,BProOnpOpv,asset_current,l10n_nl_rgs.account_tag_3501000,0,F.A.C
3501060,"Onderhanden projecten in opdracht van derden, inhoudingen op gedeclareerde termijnen","Onderhanden projecten in opdracht van derden, inhoudingen op gedeclareerde termijnen",3501060,BProOnpOpi,asset_current,l10n_nl_rgs.account_tag_3501000,0,F.A.E
3501070,Winstopslag onderhanden projecten,Winstopslag onderhanden projecten,3501070,BProOnpWin,asset_current,l10n_nl_rgs.account_tag_3501000,0,F.A.G
4001010,Bezoldiging van bestuurders en gewezen bestuurders,Bezoldiging van bestuurders en gewezen bestuurders,4001010,WPerLesSld,expense,l10n_nl_rgs.account_tag_4001000,0,S.A.A
4001020,Bezoldiging van commissarissen en gewezen commissarissen,Bezoldiging van commissarissen en gewezen commissarissen,4001020,WPerLesBvc,expense,l10n_nl_rgs.account_tag_4001000,0,S.A.B
4001030,Tantièmes en provisie,Tantièmes en provisie,4001030,WPerLesTep,expense,l10n_nl_rgs.account_tag_4001000,0,S.A.C
4001040,Lonen en salarissen,Lonen,4001040,WPerLesLon,expense,l10n_nl_rgs.account_tag_4001000,0,S.A.D
4001050,Overwerk,Overwerk,4001050,WPerLesOwe,expense,l10n_nl_rgs.account_tag_4001000,0,S.A.E
4001060,Onregelmatigheidstoeslag,Onregelmatigheidstoeslag,4001060,WPerLesOnr,expense,l10n_nl_rgs.account_tag_4001000,0,S.A.F
4001070,Vakantiebijslag,Vakantiebijslag,4001070,WPerLesVag,expense,l10n_nl_rgs.account_tag_4001000,0,S.A.G
4001080,Vakantiedagen,Vakantiedagen,4001080,WPerLesVad,expense,l10n_nl_rgs.account_tag_4001000,0,S.A.H
4001090,Gratificaties,Gratificaties,4001090,WPerLesGra,expense,l10n_nl_rgs.account_tag_4001000,0,S.A.I
4001100,Lonen in natura,Lonen in natura,4001100,WPerLesLin,expense,l10n_nl_rgs.account_tag_4001000,0,S.A.J
4001110,Spaarloon,Spaarloon,4001110,WPerLesTls,expense,l10n_nl_rgs.account_tag_4001000,0,S.A.K
4001120,Loonkostenreductie,Loonkostenreductie,4001120,WPerLesLoo,expense,l10n_nl_rgs.account_tag_4001000,0,S.A.N
4001130,Overige toeslagen,Overige toeslagen,4001130,WPerLesOvt,expense,l10n_nl_rgs.account_tag_4001000,0,S.A.O
4001140,Ontslaguitkeringen,Ontslagvergoedingen,4001140,WPerLesOnu,expense,l10n_nl_rgs.account_tag_4001000,0,S.A.L
4001150,Op aandelen gebaseerde betalingen opgenomen onder lonen en salarissen,Lasten in verband met op aandelen gebaseerde betalingen,4001150,WPerLesLiv,expense,l10n_nl_rgs.account_tag_4001000,0,S.A.M
4001160,Overige lonen en salarissen,Overige lonen en salarissen,4001160,WPerLesOlr,expense,l10n_nl_rgs.account_tag_4001000,0,S.A.P
4001170,Loonkostensubsidie (LIV),Loonkostensubsidie (LIV),4001170,WPerLesLks,expense,l10n_nl_rgs.account_tag_4001000,0,S.A.Q
4001180,Overige loon(kosten)subsidies,Overige loon(kosten)subsidies,4001180,WPerLesOls,expense,l10n_nl_rgs.account_tag_4001000,0,S.A.R
4001190,Eindejaarsuitkering,Eindejaarsuitkering,4001190,WPerLesEuk,expense,l10n_nl_rgs.account_tag_4001000,0,S.A.S
4001990,Doorberekende Lonen en salarissen,Doorberekende Lonen en salarissen,4001990,WPerLesDle,expense,l10n_nl_rgs.account_tag_4001000,0,S.A.Z
4001999,Doorberekend / Overboeking ivm functionele indeling lonen en salarissen,Doorberekend / Overboeking ivm functionele indeling lonen en salarissen,4001999,WPerLesDfw,expense,l10n_nl_rgs.account_tag_4001000,0,S.A.Z1
4002010,Premies sociale verzekeringen,Premies sociale verzekeringen,4002010,WPerSolPsv,expense,l10n_nl_rgs.account_tag_4002000,0,S.B.A
4002020,Bijdrage ziektekostenverzekering,Bijdrage ziektekostenverzekering,4002020,WPerSolBiz,expense,l10n_nl_rgs.account_tag_4002000,0,S.B.C
4002030,Overige premies sociale lasten,Overige premies,4002030,WPerSolOpr,expense,l10n_nl_rgs.account_tag_4002000,0,S.B.D
4002040,Overige sociale fondsen,Overige sociale fondsen,4002040,WPerSolOsf,expense,l10n_nl_rgs.account_tag_4002000,0,S.B.E
4002050,Overige sociale lasten,Overige sociale lasten,4002050,WPerSolOss,expense,l10n_nl_rgs.account_tag_4002000,0,S.B.F
4002990,Doorberekende sociale lasten,Doorberekende sociale lasten,4002990,WPerSolDsl,expense,l10n_nl_rgs.account_tag_4002000,0,S.B.Z
4002999,Doorberekend / Overboeking ivm functionele indeling sociale lasten,Doorberekend / Overboeking ivm functionele indeling sociale lasten,4002999,WPerSolDfw,expense,l10n_nl_rgs.account_tag_4002000,0,S.B.Z1
4003010,Pensioenpremies,Pensioenpremies,4003010,WPerPenPen,expense,l10n_nl_rgs.account_tag_4003000,0,S.C.A
4003015,Aanvullende pensioenlasten,Aanvullende pensioenlasten,4003015,WPerPenAap,expense,l10n_nl_rgs.account_tag_4003000,0,S.C.B
4003020,Dotatie pensioenvoorziening directie,Dotatie pensioenvoorziening directie,4003020,WPerPenDpe,expense,l10n_nl_rgs.account_tag_4003000,0,S.C.C
4003030,Vrijval pensioenvoorziening directie,Vrijval pensioenvoorziening directie,4003030,WPerPenVpv,expense,l10n_nl_rgs.account_tag_4003000,0,S.C.D
4003040,Dotatie voorziening backserviceverplichting directie,Dotatie voorziening backserviceverplichting directie,4003040,WPerPenDvb,expense,l10n_nl_rgs.account_tag_4003000,0,S.C.E
4003050,Vrijval voorziening backserviceverplichting directie,Vrijval voorziening backserviceverplichting directie,4003050,WPerPenVvb,expense,l10n_nl_rgs.account_tag_4003000,0,S.C.F
4003060,Dotatie voorziening lijfrenteverplichtingen,Dotatie voorziening lijfrenteverplichtingen,4003060,WPerPenDvl,expense,l10n_nl_rgs.account_tag_4003000,0,S.C.G
4003070,Vrijval voorziening lijfrenteverplichtingen,Vrijval voorziening lijfrenteverplichtingen,4003070,WPerPenVvl,expense,l10n_nl_rgs.account_tag_4003000,0,S.C.H
4003080,Overige pensioenlasten,Overige pensioenlasten,4003080,WPerPenOpe,expense,l10n_nl_rgs.account_tag_4003000,0,S.C.I
4003990,Doorberekende pensioenlasten,Doorberekende pensioenlasten,4003990,WPerPenDon,expense,l10n_nl_rgs.account_tag_4003000,0,S.C.Z
4003995,Doorberekend / Overboeking ivm functionele indeling pensioenlasten,Doorberekend / Overboeking ivm functionele indeling pensioenlasten,4003995,WPerPenDfw,expense,l10n_nl_rgs.account_tag_4003000,0,S.C.Z1
4004000,Werkkosten vrije ruimte overige personeelsgerelateerde kosten,Werkkosten vrije ruimte,4004000,WBedWkrWkf,expense,l10n_nl_rgs.account_tag_4003999,0,W.A.A
4004009,Overige lasten met betrekking tot personeelsbeloningen,Overige lasten met betrekking tot personeelsbeloningen,4004009,WPerOluOlp,expense,l10n_nl_rgs.account_tag_4003000,0,S.D.A
4004099,Doorberekend / Overboeking ivm functionele indeling,Doorberekend / Overboeking ivm functionele indeling overige lasten personeel,4004099,WPerOluDfw,expense,l10n_nl_rgs.account_tag_4003000,0,S.D.Z
4005000,Werkkosten met nihilwaardering,Werkkosten met nihilwaardering,4005000,WBedWkrWkn,expense,l10n_nl_rgs.account_tag_4003999,0,W.A.B
4006000,Werkkosten gericht vrijgesteld,Werkkosten gericht vrijgesteld,4006000,WBedWkrWkg,expense,l10n_nl_rgs.account_tag_4003999,0,W.A.C
4007000,Werkkosten noodzakelijkheidscriterium,Werkkosten noodzakelijkheidscriterium,4007000,WBedWkrWkc,expense,l10n_nl_rgs.account_tag_4003999,0,W.A.D
4008000,Werkkosten intermediair,Werkkosten intermediair,4008000,WBedWkrWki,expense,l10n_nl_rgs.account_tag_4003999,0,W.A.E
4009000,Werkkosten belast loon,Werkkosten belast loon,4009000,WBedWkrWkb,expense,l10n_nl_rgs.account_tag_4003999,0,W.A.F
4010000,Werkkosten geen of vrijgesteld loon,Werkkosten geen of vrijgesteld loon,4010000,WBedWkrWkv,expense,l10n_nl_rgs.account_tag_4003999,0,W.A.G
4011000,Werkkosten overig,Werkkosten overig,4011000,WBedWkrWko,expense,l10n_nl_rgs.account_tag_4003999,0,W.A.H
4012010,Uitzendkrachten,Uitzendkrachten,4012010,WBedOvpUik,expense,l10n_nl_rgs.account_tag_4012000,0,W.B.A
4012020,Uitzendbedrijven,Uitzendbedrijven,4012020,WBedOvpUit,expense,l10n_nl_rgs.account_tag_4012000,0,W.B.C
4012030,Management fee,Management fee,4012030,WBedOvpMaf,expense,l10n_nl_rgs.account_tag_4012000,0,W.B.D
4012040,Ingehuurde ZZP-ers,Ingehuurde ZZP-ers,4012040,WBedOvpZzp,expense,l10n_nl_rgs.account_tag_4012000,0,W.B.E
4012050,Ingehuurde payrollers,Ingehuurde payrollers,4012050,WBedOvpPay,expense,l10n_nl_rgs.account_tag_4012000,0,W.B.F
4012060,Overig ingeleend personeel,Overig ingeleend personeel,4012060,WBedOvpOip,expense,l10n_nl_rgs.account_tag_4012000,0,W.B.G
4012070,Wervingskosten,Wervingskosten,4012070,WBedOvpWer,expense,l10n_nl_rgs.account_tag_4012000,0,W.B.H
4012071,Werkkleding,Werkkleding,4012071,WBedOvpWkv,expense,l10n_nl_rgs.account_tag_4012000,0,W.B.H010
4012072,Werkplek thuis,Werkplek thuis,4012072,WBedOvpWpt,expense,l10n_nl_rgs.account_tag_4012000,0,W.B.H020
4012073,Thuiswerkvergoeding,Thuiswerkvergoeding,4012073,WBedOvpThv,expense,l10n_nl_rgs.account_tag_4012000,0,W.B.H030
4012074,Maaltijden en consumpties personeel,Maaltijden en consumpties personeel,4012074,WBedOvpMlv,expense,l10n_nl_rgs.account_tag_4012000,0,W.B.H040
4012075,Personeeluitjes en -geschenken,Personeeluitjes en -geschenken,4012075,WBedOvpPug,expense,l10n_nl_rgs.account_tag_4012000,0,W.B.H050
4012076,"Werkgeversbijdrage personeelsvereniging, -fonds belast","Werkgeversbijdrage personeelsvereniging, -fonds belast",4012076,WBedOvpWbp,expense,l10n_nl_rgs.account_tag_4012000,0,W.B.H060
4012077,(Overige) Vergoedingen personeel,(Overige) Vergoedingen personeel,4012077,WBedOvpOvb,expense,l10n_nl_rgs.account_tag_4012000,0,W.B.H070
4012080,Arbodienst,Arbodienst,4012080,WBedOvpAbd,expense,l10n_nl_rgs.account_tag_4012000,0,W.B.I
4012090,Diensten door derden,Diensten door derden,4012090,WBedOvpDdd,expense,l10n_nl_rgs.account_tag_4012000,0,W.B.J
4012100,Ziekengeldverzekering,Ziekengeldverzekering,4012100,WBedOvpZie,expense,l10n_nl_rgs.account_tag_4012000,0,W.B.K
4012110,Ontvangen ziekengelden,Ontvangen ziekengelden,4012110,WBedOvpOzi,expense,l10n_nl_rgs.account_tag_4012000,0,W.B.L
4012120,Dotatie voorziening in verband met reorganisaties,Dotatie voorziening in verband met reorganisaties,4012120,WBedOvpDvr,expense,l10n_nl_rgs.account_tag_4012000,0,W.B.M
4012130,Vrijval voorziening in verband met reorganisaties,Vrijval voorziening in verband met reorganisaties,4012130,WBedOvpVvr,expense,l10n_nl_rgs.account_tag_4012000,0,W.B.N
4012140,Dotatie arbeidsongeschiktheidsvoorziening,Dotatie arbeidsongeschiktheidsvoorziening,4012140,WBedOvpDoa,expense,l10n_nl_rgs.account_tag_4012000,0,W.B.O
4012141,Dotatie voorziening voor verzekering van ziekte of arbeidsongeschiktheid,Dotatie voorziening voor verzekering van ziekte of arbeidsongeschiktheid,4012141,WBedOvpDva,expense,l10n_nl_rgs.account_tag_4012000,0,W.B.O010
4012142,Dotatie voorziening voor verplichtingen uit hoofde van ziekte of arbeidsongeschiktheid,Dotatie voorziening voor verplichtingen uit hoofde van ziekte of arbeidsongeschiktheid,4012142,WBedOvpDvz,expense,l10n_nl_rgs.account_tag_4012000,0,W.B.O020
4012150,Dotatie jubileumvoorziening,Dotatie jubileumvoorziening,4012150,WBedOvpDoj,expense,l10n_nl_rgs.account_tag_4012000,0,W.B.P
4012160,Vrijval arbeidsongeschiktheidsvoorziening,Vrijval arbeidsongeschiktheidsvoorziening,4012160,WBedOvpVva,expense,l10n_nl_rgs.account_tag_4012000,0,W.B.Q
4012161,Vrijval voorziening voor verzekering van ziekte of arbeidsongeschiktheid,Vrijval voorziening voor verzekering van ziekte of arbeidsongeschiktheid,4012161,WBedOvpVvv,expense,l10n_nl_rgs.account_tag_4012000,0,W.B.Q010
4012162,Vrijval voorziening voor verplichtingen uit hoofde van ziekte of arbeidsongeschiktheid,Vrijval voorziening voor verplichtingen uit hoofde van ziekte of arbeidsongeschiktheid,4012162,WBedOvpVvz,expense,l10n_nl_rgs.account_tag_4012000,0,W.B.Q020
4012170,Vrijval jubileumvoorziening,Vrijval jubileumvoorziening,4012170,WBedOvpVrj,expense,l10n_nl_rgs.account_tag_4012000,0,W.B.R
4012180,Overige belastingen inzake personeel,Overige belastingen inzake personeel,4012180,WBedOvpObp,expense,l10n_nl_rgs.account_tag_4012000,0,W.B.S
4012190,Overige personeelskosten niet elders genoemd,Overige personeelskosten niet elders genoemd,4012190,WBedOvpOvp,expense,l10n_nl_rgs.account_tag_4012000,0,W.B.T
4012200,Loopbaanontwikkeling,Loopbaanontwikkeling,4012200,WBedOvpLbo,expense,l10n_nl_rgs.account_tag_4012000,0,W.B.V
4012205,Opleidingskosten,Opleidingskosten,4012205,WBedOvpOpk,expense,l10n_nl_rgs.account_tag_4012000,0,W.B.V005
4012210,Dotatie loopbaan begeleiding,Dotatie loopbaan begeleiding voorziening,4012210,WBedOvpDlb,expense,l10n_nl_rgs.account_tag_4012000,0,W.B.V010
4012220,Vrijval loopbaan begeleiding,Vrijval loopbaan begeleiding voorziening,4012220,WBedOvpVlb,expense,l10n_nl_rgs.account_tag_4012000,0,W.B.V020
4012300,Dotatie voorziening uit hoofde van personeelsbeloningen,Dotatie voorziening uit hoofde van personeelsbeloningen,4012300,WBedOvpDvp,expense,l10n_nl_rgs.account_tag_4012000,0,W.B.W010
4012310,Vrijval voorziening uit hoofde van personeelsbeloningen,Vrijval voorziening uit hoofde van personeelsbeloningen,4012310,WBedOvpVvp,expense,l10n_nl_rgs.account_tag_4012000,0,W.B.W020
4012400,Dotatie voorziening uit hoofde van op aandelen gebaseerde betalingen,Dotatie voorziening uit hoofde van op aandelen gebaseerde betalingen,4012400,WBedOvpDab,expense,l10n_nl_rgs.account_tag_4012000,0,W.B.X010
4012410,Vrijval voorziening uit hoofde van op aandelen gebaseerde betalingen,Vrijval voorziening uit hoofde van op aandelen gebaseerde betalingen,4012410,WBedOvpVab,expense,l10n_nl_rgs.account_tag_4012000,0,W.B.X020
4012990,Doorberekende overige personeelskosten,Doorberekende overige personeelskosten,4012990,WBedOvpDop,expense,l10n_nl_rgs.account_tag_4012000,0,W.B.U
4012999,Doorberekend / Overboeking ivm functionele indeling overige  personeelsgerelateerde kosten,Doorberekend / Overboeking ivm functionele indeling overige  personeelsgerelateerde kosten,4012999,WBedOvpDfw,expense,l10n_nl_rgs.account_tag_4012000,0,W.B.Z
4101010,Afschrijvingen kosten van oprichting en van uitgifte van aandelen,Afschrijvingen kosten van oprichting en van uitgifte van aandelen,4101010,WAfsAivOek,expense,l10n_nl_rgs.account_tag_4101000,0,T.A.A
4101020,Afschrijvingen kosten van ontwikkeling,Afschrijvingen kosten van ontwikkeling,4101020,WAfsAivKoe,expense,l10n_nl_rgs.account_tag_4101000,0,T.A.B
4101030,"Afschrijvingen concessies, vergunningen en intellectuele eigendom","Afschrijvingen concessies, vergunningen en intellectuele eigendom",4101030,WAfsAivCev,expense,l10n_nl_rgs.account_tag_4101000,0,T.A.C
4101070,Afschrijvingen goodwill,Afschrijvingen goodwill,4101070,WAfsAivGoo,expense,l10n_nl_rgs.account_tag_4101000,0,T.A.D
4101075,Afschrijvingen goodwill - fiscaal niet aftrekbaar -,Afschrijvingen goodwill - fiscaal niet aftrekbaar,4101075,WAfsAivGon,expense,l10n_nl_rgs.account_tag_4101000,0,T.A.D010
4101090,Afschrijvingen vooruitbetalingen,Afschrijvingen vooruitbetalingen op immateriële vaste activa,4101090,WAfsAivViv,expense,l10n_nl_rgs.account_tag_4101000,0,T.A.E
4101100,Afschrijvingen overige immateriële vaste activa,Afschrijvingen overige immateriële vaste activa,4101100,WAfsAivOiv,expense,l10n_nl_rgs.account_tag_4101000,0,T.A.F
4101200,Afschrijvingen bouwclaims,Afschrijvingen bouwclaims,4101200,WAfsAivBou,expense,l10n_nl_rgs.account_tag_4101000,0,T.A.G
4101299,Doorberekend / Overboeking ivm functionele indeling afschrijvingen op immateriële vaste activa,Doorberekend / Overboeking ivm functionele indeling afschrijvingen op immateriële vaste activa,4101299,WAfsAivDfw,expense,l10n_nl_rgs.account_tag_4101000,0,T.A.Z
4102005,Afschrijvingen terreinen,Afschrijvingen Terreinen,4102005,WAfsAmvAft,expense,l10n_nl_rgs.account_tag_4102000,0,T.B.A
4102010,Afschrijvingen bedrijfsgebouwen ,Afschrijvingen Bedrijfsgebouwen,4102010,WAfsAmvBeg,expense,l10n_nl_rgs.account_tag_4102000,0,T.B.B
4102020,Afschrijvingen verbouwingen,Afschrijvingen Verbouwingen,4102020,WAfsAmvVeb,expense,l10n_nl_rgs.account_tag_4102000,0,T.B.D
4102040,Afschrijvingen huurdersinvesteringen ,Afschrijvingen Huurdersinvesteringen,4102040,WAfsAmvHuu,expense,l10n_nl_rgs.account_tag_4102000,0,T.B.C
4102050,Afschrijvingen machines en installaties,Afschrijvingen Machines en installaties,4102050,WAfsAmvMei,expense,l10n_nl_rgs.account_tag_4102000,0,T.B.E
4102060,Afschrijvingen vliegtuigen,Afschrijvingen Vliegtuigen,4102060,WAfsAmvSev,expense,l10n_nl_rgs.account_tag_4102000,0,T.B.G
4102065,Afschrijvingen schepen,Afschrijvingen Schepen,4102065,WAfsAmvAfs,expense,l10n_nl_rgs.account_tag_4102000,0,T.B.H
4102070,Afschrijvingen automobielen en overige transportmiddelen,Afschrijvingen Automobielen en overige transportmiddelen,4102070,WAfsAmvTev,expense,l10n_nl_rgs.account_tag_4102000,0,T.B.I
4102080,Afschrijvingen andere vaste bedrijfsmiddelen,Afschrijvingen Andere vaste bedrijfsmiddelen,4102080,WAfsAmvObe,expense,l10n_nl_rgs.account_tag_4102000,0,T.B.F
4102090,Afschrijvingen inventaris,Afschrijvingen Inventaris,4102090,WAfsAmvBei,expense,l10n_nl_rgs.account_tag_4102000,0,T.B.J
4102095,Afschrijvingen Meerjaren plantopstanden,Afschrijvingen Meerjaren plantopstanden,4102095,WAfsAmvAmp,expense,l10n_nl_rgs.account_tag_4102000,0,T.B.K
4102096,Afschrijvingen Gebruiksvee,Afschrijvingen Gebruiksvee,4102096,WAfsAmvAfg,expense,l10n_nl_rgs.account_tag_4102000,0,T.B.L
4102100,Afschrijvingen Vaste bedrijfsmiddelen in uitvoering,Afschrijvingen Vaste bedrijfsmiddelen in uitvoering,4102100,WAfsAmvVbi,expense,l10n_nl_rgs.account_tag_4102000,0,T.B.M
4102105,Afschrijvingen Vooruitbetalingen op materiële vaste activa,Afschrijvingen Vooruitbetalingen op materiële vaste activa,4102105,WAfsAmvAvm,expense,l10n_nl_rgs.account_tag_4102000,0,T.B.N
4102110,Afschrijvingen Niet aan de bedrijfsuitoefening dienstbare materiële vaste activa ,Afschrijvingen Niet aan de bedrijfsuitoefening dienstbare materiële vaste activa,4102110,WAfsAmvBgm,expense,l10n_nl_rgs.account_tag_4102000,0,T.B.O
4102120,Afschrijvingen Onroerende en roerende zaken ten dienste van de exploitatie,Afschrijvingen Onroerende en roerende zaken ten dienste van de exploitatie,4102120,WAfsAmvOrz,expense,l10n_nl_rgs.account_tag_4102000,0,T.B.P
4102199,Doorberekend / Overboeking ivm functionele indeling afschrijvingen op materiële vaste activa,Doorberekend / Overboeking ivm functionele indeling afschrijvingen op materiële vaste activa,4102199,WAfsAmvDfw,expense,l10n_nl_rgs.account_tag_4102000,0,T.B.Z
4103009,Afschrijvingen vastgoedbeleggingen in ontwikkeling,Afschrijvingen vastgoedbeleggingen in ontwikkeling,4103009,WAfsAfvAvo,expense,l10n_nl_rgs.account_tag_4103000,0,T.C.A
4103010,Afschrijvingen vastgoedbeleggingen in exploitatie,Afschrijvingen vastgoedbeleggingen in exploitatie,4103010,WAfsAfvAve,expense,l10n_nl_rgs.account_tag_4103000,0,T.C.B
4103099,Doorberekend / Overboeking ivm functionele indeling afschrijvingen vastgoed,Doorberekend / Overboeking ivm functionele indeling afschrijvingen vastgoed,4103099,WAfsAfvDfw,expense,l10n_nl_rgs.account_tag_4103000,0,T.C.Z
4103200,Bijzondere waardeverminderingen van immateriële vaste activa,Bijzondere waardeverminderingen van immateriële vaste activa,4103200,WWviWviBwi,expense,l10n_nl_rgs.account_tag_4103000,0,U.A.A
4103210,Terugneming van bijzondere waardeverminderingen van immateriële vaste activa,Terugneming van bijzondere waardeverminderingen van immateriële vaste activa,4103210,WWviWviTbi,expense,l10n_nl_rgs.account_tag_4103000,0,U.A.B
4103299,Doorberekend / Overboeking ivm functionele indeling waardeveranderingen immateriële vaste activa,Doorberekend / Overboeking ivm functionele indeling waardeveranderingen immateriële vaste activa,4103299,WWviWviDfw,expense,l10n_nl_rgs.account_tag_4103000,0,U.A.Z
4104200,Bijzondere waardeverminderingen van materiële vaste activa,Bijzondere waardeverminderingen van materiële vaste activa,4104200,WWviWvmBwm,expense,l10n_nl_rgs.account_tag_4104000,0,U.B.A
4104210,Terugneming van bijzondere waardeverminderingen van materiële,Terugneming van bijzondere waardeverminderingen van materiële vaste activa,4104210,WWviWvmTbm,expense,l10n_nl_rgs.account_tag_4104000,0,U.B.B
4104299,Doorberekend / Overboeking ivm functionele indeling waardeveranderingen materiële vaste activa,Doorberekend / Overboeking ivm functionele indeling waardeveranderingen materiële vaste activa,4104299,WWviWvmDfw,expense,l10n_nl_rgs.account_tag_4104000,0,U.B.Z
4105010,Boekresultaat kosten van oprichting en van uitgifte van aandelen boekresultaat op immateriële vaste activa,Boekresultaat kosten van oprichting en van uitgifte van aandelen,4105010,WAfsRviOek,expense,l10n_nl_rgs.account_tag_4105000,0,T.D.A
4105020,Boekresultaat kosten van ontwikkeling boekresultaat op immateriële vaste activa,Boekresultaat kosten van ontwikkeling,4105020,WAfsRviKoe,expense,l10n_nl_rgs.account_tag_4105000,0,T.D.B
4105030,"Boekresultaat concessies, vergunningen en intellectuele eigendom","Boekresultaat concessies, vergunningen en intellectuele eigendom",4105030,WAfsRviCev,expense,l10n_nl_rgs.account_tag_4105000,0,T.D.C
4105070,Boekresultaat goodwill,Boekresultaat goodwill,4105070,WAfsRviGoo,expense,l10n_nl_rgs.account_tag_4105000,0,T.D.D
4105090,Boekresultaat vooruitbetalingen op immateriële vaste activa,Boekresultaat vooruitbetalingen op immateriële vaste activa,4105090,WAfsRviViv,expense,l10n_nl_rgs.account_tag_4105000,0,T.D.E
4105100,Boekresultaat overige immateriële vaste activa,Boekresultaat overige immateriële vaste activa,4105100,WAfsRviOiv,expense,l10n_nl_rgs.account_tag_4105000,0,T.D.F
4105200,Boekresultaat bouwclaims,Boekresultaat bouwclaims,4105200,WAfsRviBou,expense,l10n_nl_rgs.account_tag_4105000,0,T.D.G
4105299,Doorberekend / Overboeking ivm functionele indeling,Doorberekend / Overboeking ivm functionele indeling boekresultaat immateriële vaste activa,4105299,WAfsRviDfw,expense,l10n_nl_rgs.account_tag_4105000,0,T.D.Z
4105505,Bijzondere waardeverminderingen van vastgoedbeleggingen,Bijzondere waardeverminderingen van vastgoedbeleggingen,4105505,WWviWvbBwv,expense,l10n_nl_rgs.account_tag_4105500,0,U.C.A
4105515,Terugneming van bijzondere waardeverminderingen van vastgoedbeleggingen,Terugneming van bijzondere waardeverminderingen van vastgoedbeleggingen,4105515,WWviWvbTbw,expense,l10n_nl_rgs.account_tag_4105500,0,U.C.B
4105599,Doorberekend / Overboeking ivm functionele indeling wijziging in de reële waarde van vastgoedbeleggingen,Doorberekend / Overboeking ivm functionele indeling wijziging in de reële waarde van vastgoedbeleggingen,4105599,WWviWvbDfw,expense,l10n_nl_rgs.account_tag_4105500,0,U.C.Z
4106005,Boekresultaat terreinen,Boekresultaat Terreinen,4106005,WAfsRvmBrt,expense,l10n_nl_rgs.account_tag_4106000,0,T.E.A
4106010,Boekresultaat bedrijfsgebouwen,Boekresultaat Bedrijfsgebouwen,4106010,WAfsRvmBeg,expense,l10n_nl_rgs.account_tag_4106000,0,T.E.B
4106014,Bijzondere waardeverminderingen van vlottende activa,Bijzondere waardeverminderingen van vlottende activa,4106014,WBwvObwBwv,expense,l10n_nl_rgs.account_tag_4106009,0,V.A.A
4106020,Boekresultaat verbouwingen,Boekresultaat Verbouwingen,4106020,WAfsRvmVeb,expense,l10n_nl_rgs.account_tag_4106000,0,T.E.D
4106040,Boekresultaat huurdersinvesteringen,Boekresultaat Huurdersinvesteringen,4106040,WAfsRvmHuu,expense,l10n_nl_rgs.account_tag_4106000,0,T.E.C
4106050,Boekresultaat machines en installaties,Boekresultaat Machines en installaties,4106050,WAfsRvmMei,expense,l10n_nl_rgs.account_tag_4106000,0,T.E.E
4106060,Boekresultaat vliegtuigen,Boekresultaat Vliegtuigen,4106060,WAfsRvmSev,expense,l10n_nl_rgs.account_tag_4106000,0,T.E.G
4106065,Boekresultaat schepen,Boekresultaat Schepen,4106065,WAfsRvmSch,expense,l10n_nl_rgs.account_tag_4106000,0,T.E.H
4106070,Boekresultaat automobielen en overige transportmiddelen,Boekresultaat Automobielen en overige transportmiddelen,4106070,WAfsRvmTev,expense,l10n_nl_rgs.account_tag_4106000,0,T.E.I
4106080,Boekresultaat andere vaste bedrijfsmiddelen,Boekresultaat Andere vaste bedrijfsmiddelen,4106080,WAfsRvmObe,expense,l10n_nl_rgs.account_tag_4106000,0,T.E.F
4106090,Boekresultaat inventaris,Boekresultaat Inventaris,4106090,WAfsRvmBei,expense,l10n_nl_rgs.account_tag_4106000,0,T.E.J
4106095,Boekresultaat Meerjaren plantopstanden,Boekresultaat Meerjaren plantopstanden,4106095,WAfsRvmBmp,expense,l10n_nl_rgs.account_tag_4106000,0,T.E.K
4106096,Boekresultaat Gebruiksvee,Boekresultaat Gebruiksvee,4106096,WAfsRvmBgv,expense,l10n_nl_rgs.account_tag_4106000,0,T.E.L
4106099,Doorberekend / Overboeking ivm functionele indeling wijziging in de reële waarde van vastgoedbeleggingen,Doorberekend / Overboeking ivm functionele indeling wijziging in de reële waarde van vastgoedbeleggingen,4106099,WBwvObwDfw,expense,l10n_nl_rgs.account_tag_4106009,0,V.A.Z
4106100,Boekresultaat vaste bedrijfsmiddelen in uitvoering,Boekresultaat Vaste bedrijfsmiddelen in uitvoering,4106100,WAfsRvmVbi,expense,l10n_nl_rgs.account_tag_4106000,0,T.E.M
4106105,Boekresultaat vooruitbetalingen op materiële vaste activa,Boekresultaat Vooruitbetalingen op materiële vaste activa,4106105,WAfsRvmBvm,expense,l10n_nl_rgs.account_tag_4106000,0,T.E.N
4106110,Boekresultaat niet aan de bedrijfsuitoefening dienstbare materiële vaste activa,Boekresultaat Niet aan de bedrijfsuitoefening dienstbare materiële vaste activa,4106110,WAfsRvmBgm,expense,l10n_nl_rgs.account_tag_4106000,0,T.E.O
4106120,Boekresultaat onroerende en roerende zaken ten dienste van de exploitatie,Boekresultaat Onroerende en roerende zaken ten dienste van de exploitatie,4106120,WAfsRvmOrz,expense,l10n_nl_rgs.account_tag_4106000,0,T.E.P
4106199,Doorberekend / Overboeking ivm functionele indeling,Doorberekend / Overboeking ivm functionele indeling boekresultaat materiële vaste activa,4106199,WAfsRvmDfw,expense,l10n_nl_rgs.account_tag_4106000,0,T.E.Z
4106210,Gerealiseerde waardeveranderingen van beleggingen,Gerealiseerde waardeveranderingen van beleggingen,4106210,WBwvGwbGwb,expense,l10n_nl_rgs.account_tag_4106200,0,V.B.A
4106299,Doorberekend / Overboeking ivm functionele indeling gerealiseerde waardeveranderingen van beleggingen,Doorberekend / Overboeking ivm functionele indeling gerealiseerde waardeveranderingen van beleggingen,4106299,WBwvGwbDfw,expense,l10n_nl_rgs.account_tag_4106200,0,V.B.A099
4106310,Niet-gerealiseerde waardeveranderingen van beleggingen,Niet-gerealiseerde waardeveranderingen van beleggingen,4106310,WBwvNwbNwb,expense,l10n_nl_rgs.account_tag_4106300,0,V.C.A
4106399,Doorberekend / Overboeking ivm functionele indeling niet-gerealiseerde waardeveranderingen van beleggingen,Doorberekend / Overboeking ivm functionele indeling niet-gerealiseerde waardeveranderingen van beleggingen,4106399,WBwvNwbDfw,expense,l10n_nl_rgs.account_tag_4106300,0,V.C.Z
4107010,Boekresultaat vastgoedbeleggingen in ontwikkeling boekresultaat vastgoed,Boekresultaat vastgoedbeleggingen in ontwikkeling,4107010,WAfsBovBvo,expense,l10n_nl_rgs.account_tag_4107000,0,T.F.A
4107020,Boekresultaat vastgoedbeleggingen in exploitatie boekresultaat vastgoed,Boekresultaat vastgoedbeleggingen in exploitatie,4107020,WAfsBovBve,expense,l10n_nl_rgs.account_tag_4107000,0,T.F.B
4107099,Doorberekend / Overboeking ivm functionele indeling boekresultaat vastgoed,Doorberekend / Overboeking ivm functionele indeling boekresultaat vastgoed,4107099,WAfsBovDfw,expense,l10n_nl_rgs.account_tag_4107000,0,T.F.Z
4199010,Doorberekende afschrijvingen,Doorberekende afschrijvingen,4199010,WAfsDaeDaf,expense,l10n_nl_rgs.account_tag_4199000,0,T.G.A
4199020,Doorberekende waardeveranderingen,Doorberekende waardeveranderingen,4199020,WAfsDaeDow,expense,l10n_nl_rgs.account_tag_4199000,0,T.G.B
4199030,Doorberekende verkoopresultaten,Doorberekende verkoopresultaten,4199030,WAfsDaeDve,expense,l10n_nl_rgs.account_tag_4199000,0,T.G.C
4199099,Doorberekend / Overboeking ivm functionele indeling afschrijvingen en waardeveranderingen,Doorberekend / Overboeking ivm functionele indeling afschrijvingen en waardeveranderingen,4199099,WAfsDaeDfw,expense,l10n_nl_rgs.account_tag_4199000,0,T.G.Z
4201010,Erfpacht,Erfpacht,4201010,WBedHuiErf,expense,l10n_nl_rgs.account_tag_4201000,0,W.C.A
4201020,Leefbaarheid huisvestingskosten,Leefbaarheid,4201020,WBedHuiLee,expense,l10n_nl_rgs.account_tag_4201000,0,W.C.C
4201030,Lasten servicecontracten,Lasten servicecontracten,4201030,WBedHuiLas,expense,l10n_nl_rgs.account_tag_4201000,0,W.C.D
4201040,Betaalde huur,Betaalde huur,4201040,WBedHuiBeh,expense,l10n_nl_rgs.account_tag_4201000,0,W.C.E
4201050,Ontvangen huursuppletie,Ontvangen huursuppletie,4201050,WBedHuiOhu,expense,l10n_nl_rgs.account_tag_4201000,0,W.C.F
4201060,Huurwaarde woongedeelte,Huurwaarde woongedeelte,4201060,WBedHuiHuw,expense,l10n_nl_rgs.account_tag_4201000,0,W.C.G
4201070,Onderhoud terreinen,Onderhoud terreinen,4201070,WBedHuiOnt,expense,l10n_nl_rgs.account_tag_4201000,0,W.C.H
4201080,Onderhoud gebouwen,Onderhoud gebouwen,4201080,WBedHuiOng,expense,l10n_nl_rgs.account_tag_4201000,0,W.C.I
4201090,Schoonmaakkosten,Schoonmaakkosten,4201090,WBedHuiSch,expense,l10n_nl_rgs.account_tag_4201000,0,W.C.J
4201100,Servicekosten,Servicekosten,4201100,WBedHuiSer,expense,l10n_nl_rgs.account_tag_4201000,0,W.C.K
4201105,"Gas, water en elektra (algmeen)","Gas,water en elektra (algemeen)",4201105,WBedHuiGwe,expense,l10n_nl_rgs.account_tag_4201000,0,W.C.L
4201141,Energiekosten gas,Energiekosten gas,4201141,WBedHuiGas,expense,l10n_nl_rgs.account_tag_4201000,0,W.C.L050
4201142,Energiekosten water,Energiekosten water,4201142,WBedHuiWat,expense,l10n_nl_rgs.account_tag_4201000,0,W.C.L060
4201143,Energiekosten elektra,Energiekosten elektra,4201143,WBedHuiElk,expense,l10n_nl_rgs.account_tag_4201000,0,W.C.L070
4201144,Teruglevering elektra,Teruglevering elektra,4201144,WBedHuiTrg,expense,l10n_nl_rgs.account_tag_4201000,0,W.C.L080
4201150,Privé-gebruik energie,Privé-gebruik energie,4201150,WBedHuiPre,expense,l10n_nl_rgs.account_tag_4201000,0,W.C.P
4201160,Assurantiepremies onroerende zaak,Assurantiepremies onroerende zaak,4201160,WBedHuiAoz,expense,l10n_nl_rgs.account_tag_4201000,0,W.C.Q
4201170,Onroerende zaakbelasting,Onroerende zaakbelasting,4201170,WBedHuiOnz,expense,l10n_nl_rgs.account_tag_4201000,0,W.C.R
4201180,Milieuheffingen en zuiveringsleges,Milieuheffingen en zuiveringsleges,4201180,WBedHuiMez,expense,l10n_nl_rgs.account_tag_4201000,0,W.C.S
4201190,Overige belastingen inzake huisvesting,Overige belastingen inzake huisvesting,4201190,WBedHuiObh,expense,l10n_nl_rgs.account_tag_4201000,0,W.C.T
4201200,Overige vaste huisvestingslasten,Overige vaste huisvestingslasten,4201200,WBedHuiOvh,expense,l10n_nl_rgs.account_tag_4201000,0,W.C.U
4201210,Dotatie reserve assurantie eigen risico gebouwen,Dotatie reserve assurantie eigen risico gebouwen,4201210,WBedHuiDrg,expense,l10n_nl_rgs.account_tag_4201000,0,W.C.V
4201220,Vrijval reserve assurantie eigen risico gebouwen,Vrijval reserve assurantie eigen risico gebouwen,4201220,WBedHuiVrg,expense,l10n_nl_rgs.account_tag_4201000,0,W.C.W
4201230,Dotatie voorziening groot onderhoud gebouwen,Dotatie voorziening groot onderhoud gebouwen,4201230,WBedHuiDvg,expense,l10n_nl_rgs.account_tag_4201000,0,W.C.X
4201240,Vrijval voorziening groot onderhoud gebouwen,Vrijval voorziening groot onderhoud gebouwen,4201240,WBedHuiVgb,expense,l10n_nl_rgs.account_tag_4201000,0,W.C.Y
4201250,Dotatie kostenegalisatiereserve groot onderhoud gebouwen,Dotatie kostenegalisatiereserve groot onderhoud gebouwen,4201250,WBedHuiDkg,expense,l10n_nl_rgs.account_tag_4201000,0,W.C.Z
4201260,Vrijval kostenegalisatiereserve groot onderhoud gebouwen,Vrijval kostenegalisatiereserve groot onderhoud gebouwen,4201260,WBedHuiVkg,expense,l10n_nl_rgs.account_tag_4201000,0,W.C.Z.01
4201270,Overige huisvestingskosten,Overige huisvestingskosten,4201270,WBedHuiOhv,expense,l10n_nl_rgs.account_tag_4201000,0,W.C.Z.02
4201990,Doorberekende huisvestingskosten,Doorberekende huisvestingskosten,4201990,WBedHuiDoh,expense,l10n_nl_rgs.account_tag_4201000,0,W.C.Z.03
4201999,Doorberekend / Overboeking ivm functionele indeling huisvestingskosten,Doorberekend / Overboeking ivm functionele indeling huisvestingskosten,4201999,WBedHuiDfw,expense,l10n_nl_rgs.account_tag_4201000,0,W.C.Z.09
4202010,Reparatie en onderhoud inventaris,Reparatie en onderhoud inventaris,4202010,WBedEemRoi,expense,l10n_nl_rgs.account_tag_4202000,0,W.D.A
4202020,Operational leasing,Operational leasing inventaris,4202020,WBedEemOls,expense,l10n_nl_rgs.account_tag_4202000,0,W.D.C
4202030,Huur inventaris,Huur inventaris,4202030,WBedEemHui,expense,l10n_nl_rgs.account_tag_4202000,0,W.D.D
4202040,Kleine aanschaffingen inventaris,Kleine aanschaffingen inventaris,4202040,WBedEemKai,expense,l10n_nl_rgs.account_tag_4202000,0,W.D.E
4202050,Gereedschapskosten,Gereedschapskosten,4202050,WBedEemGsk,expense,l10n_nl_rgs.account_tag_4202000,0,W.D.F
4202060,Dotatie voorziening groot onderhoud inventaris,Dotatie voorziening groot onderhoud inventaris,4202060,WBedEemDvi,expense,l10n_nl_rgs.account_tag_4202000,0,W.D.G
4202070,Vrijval voorziening groot onderhoud inventaris,Vrijval voorziening groot onderhoud inventaris,4202070,WBedEemVoi,expense,l10n_nl_rgs.account_tag_4202000,0,W.D.H
4202080,Dotatie kostenegalisatiereserve groot onderhoud inventaris,Dotatie kostenegalisatiereserve groot onderhoud inventaris,4202080,WBedEemDki,expense,l10n_nl_rgs.account_tag_4202000,0,W.D.I
4202090,Vrijval kostenegalisatiereserve groot onderhoud inventaris,Vrijval kostenegalisatiereserve groot onderhoud inventaris,4202090,WBedEemVki,expense,l10n_nl_rgs.account_tag_4202000,0,W.D.J
4202100,Overige kosten inventaris exploitatie- en machinekosten,Overige kosten inventaris,4202100,WBedEemOki,expense,l10n_nl_rgs.account_tag_4202000,0,W.D.K
4202110,Reparatie en onderhoud machines,Reparatie en onderhoud machines,4202110,WBedEemRom,expense,l10n_nl_rgs.account_tag_4202000,0,W.D.L
4202120,Operational leasing machines,Operational leasing machines,4202120,WBedEemOlm,expense,l10n_nl_rgs.account_tag_4202000,0,W.D.M
4202130,Huur machines,Huur machines,4202130,WBedEemHum,expense,l10n_nl_rgs.account_tag_4202000,0,W.D.N
4202140,Onderhoud machines,Onderhoud machines,4202140,WBedEemOme,expense,l10n_nl_rgs.account_tag_4202000,0,W.D.O
4202150,Brandstof machines,Brandstof  / energiekosten machines,4202150,WBedEemBrm,expense,l10n_nl_rgs.account_tag_4202000,0,W.D.P
4202160,Kleine aanschaffingen,Kleine aanschaffingen machines,4202160,WBedEemKam,expense,l10n_nl_rgs.account_tag_4202000,0,W.D.Q
4202170,Dotatie voorziening groot onderhoud,Dotatie voorziening groot onderhoud machines,4202170,WBedEemDvm,expense,l10n_nl_rgs.account_tag_4202000,0,W.D.R
4202180,Vrijval voorziening groot onderhoud,Vrijval voorziening groot onderhoud machines,4202180,WBedEemVgo,expense,l10n_nl_rgs.account_tag_4202000,0,W.D.S
4202190,Dotatie kostenegalisatiereserve groot onderhoud machines,Dotatie kostenegalisatiereserve groot onderhoud machines,4202190,WBedEemDkm,expense,l10n_nl_rgs.account_tag_4202000,0,W.D.T
4202200,Vrijval kostenegalisatiereserve groot onderhoud machines,Vrijval kostenegalisatiereserve groot onderhoud machines,4202200,WBedEemVkm,expense,l10n_nl_rgs.account_tag_4202000,0,W.D.U
4202210,Overige belastingen inzake exploitatie en machines,Overige belastingen inzake exploitatie en machines,4202210,WBedEemObm,expense,l10n_nl_rgs.account_tag_4202000,0,W.D.V
4202220,Overige kosten machines,Overige kosten machines,4202220,WBedEemOkm,expense,l10n_nl_rgs.account_tag_4202000,0,W.D.W
4202225,"Werk door derden, waarvan industriële loondiensten ","Werk door derden, waarvan industriële loondiensten",4202225,WBedEemWdi,expense,l10n_nl_rgs.account_tag_4202000,0,W.D.X
4202230,"Werk door derden, overig ","Werk door derden, overig",4202230,WBedEemWdd,expense,l10n_nl_rgs.account_tag_4202000,0,W.D.Z
4202240,Dotatie reserve assurantie eigen risico machines ,Dotatie reserve assurantie eigen risico machines,4202240,WBedEemDrm,expense,l10n_nl_rgs.account_tag_4202000,0,W.D.Z.01
4202250,Vrijval reserve assurantie eigen risico machines ,Vrijval reserve assurantie eigen risico machines,4202250,WBedEemVrm,expense,l10n_nl_rgs.account_tag_4202000,0,W.D.Z.02
4202260,Assurantiepremie machines en inventaris ,Assurantiepremie machines en inventaris,4202260,WBedEemAme,expense,l10n_nl_rgs.account_tag_4202000,0,W.D.Z.03
4202270,Verpakkingsmaterialen ,Verpakkingsmaterialen,4202270,WBedEemVpm,expense,l10n_nl_rgs.account_tag_4202000,0,W.D.Z.04
4202280,Overige exploitatie- en machinekosten ,Overige exploitatie- en machinekosten,4202280,WBedEemOee,expense,l10n_nl_rgs.account_tag_4202000,0,W.D.Z.05
4202990,Doorberekende exploitatie- en machinekosten ,Doorberekende exploitatie- en machinekosten,4202990,WBedEemDem,expense,l10n_nl_rgs.account_tag_4202000,0,W.D.Z.06
4202999,Doorberekend / Overboeking ivm functionele indeling exploitatie- en machinekosten,Doorberekend / Overboeking ivm functionele indeling exploitatie- en machinekosten,4202999,WBedEemDfw,expense,l10n_nl_rgs.account_tag_4202000,0,W.D.Z.09
4203010,Reclame- en advertentiekosten,Reclame- en advertentiekosten,4203010,WBedVkkRea,expense,l10n_nl_rgs.account_tag_4203000,0,W.E.A
4203020,Kosten sponsoring,Kosten sponsoring,4203020,WBedVkkKos,expense,l10n_nl_rgs.account_tag_4203000,0,W.E.C
4203030,Beurskosten,Beurskosten,4203030,WBedVkkBeu,expense,l10n_nl_rgs.account_tag_4203000,0,W.E.D
4203040,Relatiegeschenken,Relatiegeschenken,4203040,WBedVkkRel,expense,l10n_nl_rgs.account_tag_4203000,0,W.E.E
4203050,Kerstpakketten relaties,Kerstpakketten relaties,4203050,WBedVkkKer,expense,l10n_nl_rgs.account_tag_4203000,0,W.E.F
4203060,Representatiekosten,Representatiekosten,4203060,WBedVkkRep,expense,l10n_nl_rgs.account_tag_4203000,0,W.E.G
4203070,Reis- en verblijfkosten,Reis- en verblijfkosten,4203070,WBedVkkRev,expense,l10n_nl_rgs.account_tag_4203000,0,W.E.H
4203080,Etalagekosten,Etalagekosten,4203080,WBedVkkEta,expense,l10n_nl_rgs.account_tag_4203000,0,W.E.I
4203090,Vrachtkosten,Vrachtkosten,4203090,WBedVkkVrk,expense,l10n_nl_rgs.account_tag_4203000,0,W.E.J
4203100,Incassokosten a.g.v. verkoopactiviteiten,Incassokosten a.g.v. verkoopactiviteiten,4203100,WBedVkkInc,expense,l10n_nl_rgs.account_tag_4203000,0,W.E.K
4203110,Kilometervergoeding zakelijke reizen,Kilometervergoeding zakelijke reizen,4203110,WBedVkkKmz,expense,l10n_nl_rgs.account_tag_4203000,0,W.E.L
4203120,Kilometervergoeding woon-werkverkeer,Kilometervergoeding woon-werkverkeer,4203120,WBedVkkKmw,expense,l10n_nl_rgs.account_tag_4203000,0,W.E.M
4203130,Verkoopprovisie,Verkoopprovisie,4203130,WBedVkkVkp,expense,l10n_nl_rgs.account_tag_4203000,0,W.E.N
4203140,Commissies,Commissies,4203140,WBedVkkCom,expense,l10n_nl_rgs.account_tag_4203000,0,W.E.O
4203150,Franchisekosten,Franchisekosten,4203150,WBedVkkFra,expense,l10n_nl_rgs.account_tag_4203000,0,W.E.P
4203160,Dotatie voorziening dubieuze debiteuren,Dotatie voorziening dubieuze debiteuren,4203160,WBedVkkDvd,expense,l10n_nl_rgs.account_tag_4203000,0,W.E.Q
4203170,Afboeking dubieuze debiteuren,Afboeking dubieuze debiteuren,4203170,WBedVkkAdd,expense,l10n_nl_rgs.account_tag_4203000,0,W.E.R
4203180,Dotatie garantievoorziening,Dotatie garantievoorziening,4203180,WBedVkkDog,expense,l10n_nl_rgs.account_tag_4203000,0,W.E.S
4203190,Vrijval garantievoorziening,Vrijval garantievoorziening,4203190,WBedVkkVgv,expense,l10n_nl_rgs.account_tag_4203000,0,W.E.T
4203200,Websitekosten,Websitekosten,4203200,WBedVkkWeb,expense,l10n_nl_rgs.account_tag_4203000,0,W.E.U
4203210,Overige belastingen inzake verkoopactiviteitenn,Overige belastingen inzake verkoopactiviteiten,4203210,WBedVkkObs,expense,l10n_nl_rgs.account_tag_4203000,0,W.E.V
4203220,Overige verkoopkosten,Overige verkoopkosten,4203220,WBedVkkOvr,expense,l10n_nl_rgs.account_tag_4203000,0,W.E.W
4203990,Doorberekende verkoopkosten,Doorberekende verkoopkosten,4203990,WBedVkkDbv,expense,l10n_nl_rgs.account_tag_4203000,0,W.E.X
4203999,Doorberekend / Overboeking ivm functionele indeling verkoopkosten,Doorberekend / Overboeking ivm functionele indeling verkoopkosten,4203999,WBedVkkDfw,expense,l10n_nl_rgs.account_tag_4203000,0,W.E.Z
4204010,Brandstofkosten auto's,Brandstofkosten auto's,4204010,WBedAutBra,expense,l10n_nl_rgs.account_tag_4204000,0,W.F.A
4204020,Reparatie en onderhoud auto's,Reparatie en onderhoud auto's,4204020,WBedAutRoa,expense,l10n_nl_rgs.account_tag_4204000,0,W.F.C
4204030,Assurantiepremie auto's,Assurantiepremie auto's,4204030,WBedAutAsa,expense,l10n_nl_rgs.account_tag_4204000,0,W.F.D
4204040,Motorrijtuigenbelasting auto's,Motorrijtuigenbelasting auto's,4204040,WBedAutMot,expense,l10n_nl_rgs.account_tag_4204000,0,W.F.E
4204050,Operational leasing auto's,Operational leasing auto's,4204050,WBedAutOpa,expense,l10n_nl_rgs.account_tag_4204000,0,W.F.F
4204060,Bijdrage werknemers leaseregeling,Bijdrage werknemers leaseregeling,4204060,WBedAutBwl,expense,l10n_nl_rgs.account_tag_4204000,0,W.F.G
4204070,Privé-gebruik auto's,Privé-gebruik auto's,4204070,WBedAutPga,expense,l10n_nl_rgs.account_tag_4204000,0,W.F.H
4204080,BTW op privé-gebruik auto's,BTW op privé-gebruik auto's,4204080,WBedAutBop,expense,l10n_nl_rgs.account_tag_4204000,0,W.F.I
4204090,Huur auto's,Huur auto's,4204090,WBedAutHua,expense,l10n_nl_rgs.account_tag_4204000,0,W.F.J
4204100,Kilometervergoeding,Kilometervergoeding,4204100,WBedAutKil,expense,l10n_nl_rgs.account_tag_4204000,0,W.F.K
4204110,Boetes en bekeuringen,Boetes en bekeuringen,4204110,WBedAutBeb,expense,l10n_nl_rgs.account_tag_4204000,0,W.F.L
4204120,Overige belastingen inzake auto's,Overige belastingen inzake auto's,4204120,WBedAutObv,expense,l10n_nl_rgs.account_tag_4204000,0,W.F.M
4204130,Dotatie reserve assurantie eigen risico auto's,Dotatie reserve assurantie eigen risico auto's,4204130,WBedAutDrv,expense,l10n_nl_rgs.account_tag_4204000,0,W.F.N
4204140,Vrijval reserve assurantie eigen risico auto's,Vrijval reserve assurantie eigen risico auto's,4204140,WBedAutVrv,expense,l10n_nl_rgs.account_tag_4204000,0,W.F.O
4204150,Dotatie kostenegalisatiereserve groot onderhoud auto's,Dotatie kostenegalisatiereserve groot onderhoud auto's,4204150,WBedAutDkv,expense,l10n_nl_rgs.account_tag_4204000,0,W.F.P
4204160,Vrijval kostenegalisatiereserve groot onderhoud auto's,Vrijval kostenegalisatiereserve groot onderhoud auto's,4204160,WBedAutVkv,expense,l10n_nl_rgs.account_tag_4204000,0,W.F.Q
4204170,Dotatie voorziening groot onderhoud auto's,Dotatie voorziening groot onderhoud auto's,4204170,WBedAutDvv,expense,l10n_nl_rgs.account_tag_4204000,0,W.F.R
4204180,Vrijval voorziening groot onderhoud auto's,Vrijval voorziening groot onderhoud auto's,4204180,WBedAutVoa,expense,l10n_nl_rgs.account_tag_4204000,0,W.F.S
4204190,Parkeerkosten auto's,Parkeerkosten auto's,4204190,WBedAutPar,expense,l10n_nl_rgs.account_tag_4204000,0,W.F.T
4204200,Overige autokosten,Overige autokosten,4204200,WBedAutOak,expense,l10n_nl_rgs.account_tag_4204000,0,W.F.U
4204990,Doorberekende autokosten,Doorberekende autokosten,4204990,WBedAutDau,expense,l10n_nl_rgs.account_tag_4204000,0,W.F.V
4204999,Doorberekend / Overboeking ivm functionele indeling autokosten,Doorberekend / Overboeking ivm functionele indeling autokosten,4204999,WBedAutDfw,expense,l10n_nl_rgs.account_tag_4204000,0,W.F.Z
4205010,Brandstofkosten transportmiddelen,Brandstofkosten transportmiddelen,4205010,WBedTraBrr,expense,l10n_nl_rgs.account_tag_4205000,0,W.G.A
4205020,Reparatie en onderhoud transportmiddelen,Reparatie en onderhoud transportmiddelen,4205020,WBedTraRot,expense,l10n_nl_rgs.account_tag_4205000,0,W.G.C
4205030,Assurantiepremie transportmiddelen,Assurantiepremie transportmiddelen,4205030,WBedTraAst,expense,l10n_nl_rgs.account_tag_4205000,0,W.G.D
4205040,Motorrijtuigenbelasting transportmiddelen,Motorrijtuigenbelasting transportmiddelen,4205040,WBedTraMot,expense,l10n_nl_rgs.account_tag_4205000,0,W.G.E
4205050,Operational leasing transportmiddelen,Operational leasing transportmiddelen,4205050,WBedTraOpt,expense,l10n_nl_rgs.account_tag_4205000,0,W.G.F
4205060,Privé-gebruik transportmiddelen,Privé-gebruik transportmiddelen,4205060,WBedTraPgt,expense,l10n_nl_rgs.account_tag_4205000,0,W.G.G
4205070,BTW op privé-gebruik transportmiddelen,BTW op privé-gebruik transportmiddelen,4205070,WBedTraBot,expense,l10n_nl_rgs.account_tag_4205000,0,W.G.H
4205080,Huur transportmiddelen,Huur transportmiddelen,4205080,WBedTraHut,expense,l10n_nl_rgs.account_tag_4205000,0,W.G.I
4205090,Overige belastingen inzake transportmiddelen,Overige belastingen inzake transportmiddelen,4205090,WBedTraObt,expense,l10n_nl_rgs.account_tag_4205000,0,W.G.J
4205100,Dotatie reserve assurantie eigen risico transportmiddelen,Dotatie reserve assurantie eigen risico transportmiddelen,4205100,WBedTraDrt,expense,l10n_nl_rgs.account_tag_4205000,0,W.G.K
4205110,Vrijval reserve assurantie eigen risico transportmiddelen,Vrijval reserve assurantie eigen risico transportmiddelen,4205110,WBedTraVrt,expense,l10n_nl_rgs.account_tag_4205000,0,W.G.L
4205120,Dotatie kostenegalisatiereserve groot onderhoud transportmiddelen,Dotatie kostenegalisatiereserve groot onderhoud transportmiddelen,4205120,WBedTraDkt,expense,l10n_nl_rgs.account_tag_4205000,0,W.G.M
4205130,Vrijval kostenegalisatiereserve groot onderhoud transportmiddelen,Vrijval kostenegalisatiereserve groot onderhoud transportmiddelen,4205130,WBedTraVkt,expense,l10n_nl_rgs.account_tag_4205000,0,W.G.N
4205140,Dotatie voorziening groot onderhoud transportmiddelen,Dotatie voorziening groot onderhoud transportmiddelen,4205140,WBedTraDvt,expense,l10n_nl_rgs.account_tag_4205000,0,W.G.O
4205150,Vrijval voorziening groot onderhoud transportmiddelen,Vrijval voorziening groot onderhoud transportmiddelen,4205150,WBedTraVot,expense,l10n_nl_rgs.account_tag_4205000,0,W.G.P
4205160,Parkeerkosten transportmiddelen,Parkeerkosten transportmiddelen,4205160,WBedTraPar,expense,l10n_nl_rgs.account_tag_4205000,0,W.G.Q
4205170,Overige transportkostenn,Overige transportkosten,4205170,WBedTraOtr,expense,l10n_nl_rgs.account_tag_4205000,0,W.G.R
4205990,Doorberekende transportkosten,Doorberekende transportkosten,4205990,WBedTraDot,expense,l10n_nl_rgs.account_tag_4205000,0,W.G.S
4205999,Doorberekend / Overboeking ivm functionele indeling transportkosten,Doorberekend / Overboeking ivm functionele indeling transportkosten,4205999,WBedTraDfw,expense,l10n_nl_rgs.account_tag_4205000,0,W.G.Z
4206010,Kantoorbenodigdheden,Kantoorbenodigdheden,4206010,WBedKanKan,expense,l10n_nl_rgs.account_tag_4206000,0,W.H.A
4206020,Porti,Porti,4206020,WBedKanPor,expense,l10n_nl_rgs.account_tag_4206000,0,W.H.C
4206030,Telefoonkosten,Telefoonkosten,4206030,WBedKanTef,expense,l10n_nl_rgs.account_tag_4206000,0,W.H.D
4206040,Privé-gebruik telefoon,Privé-gebruik telefoon,4206040,WBedKanPrt,expense,l10n_nl_rgs.account_tag_4206000,0,W.H.E
4206050,Drukwerk,Drukwerk,4206050,WBedKanDru,expense,l10n_nl_rgs.account_tag_4206000,0,W.H.F
4206060,Kleine aanschaffingen kantoorinventaris,Kleine aanschaffingen kantoorinventaris,4206060,WBedKanKak,expense,l10n_nl_rgs.account_tag_4206000,0,W.H.G
4206070,Contributies en abonnementen,Contributies en abonnementen,4206070,WBedKanCea,expense,l10n_nl_rgs.account_tag_4206000,0,W.H.H
4206080,Vakliteratuur,Vakliteratuur,4206080,WBedKanVak,expense,l10n_nl_rgs.account_tag_4206000,0,W.H.I
4206090,Boekhouding kantoorkosten,Boekhouding,4206090,WBedKanBoe,expense,l10n_nl_rgs.account_tag_4206000,0,W.H.J
4206100,Incassokosten a.g.v. kantooractiviteiten,Incassokosten a.g.v. kantooractiviteiten,4206100,WBedKanInc,expense,l10n_nl_rgs.account_tag_4206000,0,W.H.K
4206110,Kosten automatisering,Kosten automatisering,4206110,WBedKanKoa,expense,l10n_nl_rgs.account_tag_4206000,0,W.H.L
4206115,Kosten software abonnementen,Kosten software abonnementen,4206115,WBedKanSof,expense,l10n_nl_rgs.account_tag_4206000,0,W.H.L010
4206120,Assurantiepremie,Assurantiepremie,4206120,WBedKanAss,expense,l10n_nl_rgs.account_tag_4206000,0,W.H.M
4206130,Overige administratieve belastingen,Overige administratieve belastingen,4206130,WBedKanOba,expense,l10n_nl_rgs.account_tag_4206000,0,W.H.N
4206140,Reparatie en onderhoud kantoorinventaris,Reparatie en onderhoud kantoorinventaris,4206140,WBedKanRok,expense,l10n_nl_rgs.account_tag_4206000,0,W.H.O
4206150,Overige kantoorkosten,Overige kantoorkosten,4206150,WBedKanOka,expense,l10n_nl_rgs.account_tag_4206000,0,W.H.P
4206160,Communicatie,Communicatie,4206160,WBedKanCom,expense,l10n_nl_rgs.account_tag_4206000,0,W.H.R
4206990,Doorberekende kantoorkosten,Doorberekende kantoorkosten,4206990,WBedKanDka,expense,l10n_nl_rgs.account_tag_4206000,0,W.H.Q
4206999,Doorberekend / Overboeking ivm functionele indeling kantoorkosten,Doorberekend / Overboeking ivm functionele indeling kantoorkosten,4206999,WBedKanDfw,expense,l10n_nl_rgs.account_tag_4206000,0,W.H.Z
4207010,Holdingkosten,Holdingkosten,4207010,WBedOrgHol,expense,l10n_nl_rgs.account_tag_4207000,0,W.I.A
4207020,Doorberekende management fee,Doorberekende management fee,4207020,WBedOrgDmf,expense,l10n_nl_rgs.account_tag_4207000,0,W.I.C
4207025,Franchisefee,Franchisefee,4207025,WBedOrgFra,expense,l10n_nl_rgs.account_tag_4207000,0,W.I.D
4207030,Onderzoek en ontwikkeling,Onderzoek en ontwikkeling,4207030,WBedOrgOeo,expense,l10n_nl_rgs.account_tag_4207000,0,W.I.E
4207040,Leges / vergunningen,Leges / vergunningen,4207040,WBedOrgLgv,expense,l10n_nl_rgs.account_tag_4207000,0,W.I.F
4207050,Octrooi en licentiekosten,Octrooi en licentiekosten,4207050,WBedOrgOct,expense,l10n_nl_rgs.account_tag_4207000,0,W.I.G
4207060,Overige organisatiekosten,Overige organisatiekosten,4207060,WBedOrgOok,expense,l10n_nl_rgs.account_tag_4207000,0,W.I.H
4207990,Doorberekende organisatiekosten,Doorberekende organisatiekosten,4207990,WBedOrgDoo,expense,l10n_nl_rgs.account_tag_4207000,0,W.I.I
4207995,Bedrijfsrestaurant en verstrekkingen comsumpties werkvloer,Bedrijfsrestaurant en verstrekkingen comsumpties werkvloer,4207995,WBedOrgWrc,expense,l10n_nl_rgs.account_tag_4207000,0,W.I.J
4207999,Doorberekend / Overboeking ivm functionele indeling organisatiekosten,Doorberekend / Overboeking ivm functionele indeling organisatiekosten,4207999,WBedOrgDfw,expense,l10n_nl_rgs.account_tag_4207000,0,W.I.Z
4208010,Bedrijfsaansprakelijkheidsverzekering,Bedrijfsaansprakelijkheidsverzekering,4208010,WBedAssBea,expense,l10n_nl_rgs.account_tag_4208000,0,W.J.A
4208020,Overige assurantiepremies,Overige assurantiepremies,4208020,WBedAssOva,expense,l10n_nl_rgs.account_tag_4208000,0,W.J.C
4208030,Schadevergoedingen betaald,Schadevergoedingen betaald,4208030,WBedAssScb,expense,l10n_nl_rgs.account_tag_4208000,0,W.J.D
4208040,Schadevergoedingen ontvangen,Schadevergoedingen ontvangen,4208040,WBedAssSco,expense,l10n_nl_rgs.account_tag_4208000,0,W.J.E
4208950,Overige advieskosten,Overige advieskosten,4208950,WBedAssAvk,expense,l10n_nl_rgs.account_tag_4208000,0,W.J.G
4208960,Overige beheerskosten,Overige beheerskosten,4208960,WBedAssBhk,expense,l10n_nl_rgs.account_tag_4208000,0,W.J.H
4208990,Doorberekende assurantiekosten,Doorberekende assurantiekosten,4208990,WBedAssDas,expense,l10n_nl_rgs.account_tag_4208000,0,W.J.F
4208999,Doorberekend / Overboeking ivm functionele indeling assurantiekosten,Doorberekend / Overboeking ivm functionele indeling assurantiekosten,4208999,WBedAssDfw,expense,l10n_nl_rgs.account_tag_4208000,0,W.J.Z
4209005,Accountants- en advieskosten,Accountants- en advieskosten,4209005,WBedAeaAea,expense,l10n_nl_rgs.account_tag_4209000,0,W.K.A
4209050,Privé-gedeelte accountant,Privé-gedeelte accountant,4209050,WBedAeaPda,expense,l10n_nl_rgs.account_tag_4209000,0,W.K.F
4209060,Notariskosten,Notariskosten,4209060,WBedAeaNot,expense,l10n_nl_rgs.account_tag_4209000,0,W.K.G
4209070,Advocaat en juridisch advies,Advocaat en juridisch advies,4209070,WBedAeaAej,expense,l10n_nl_rgs.account_tag_4209000,0,W.K.H
4209080,Overige advieskosten,Overige advieskosten,4209080,WBedAeaAdv,expense,l10n_nl_rgs.account_tag_4209000,0,W.K.I
4209990,Doorberekende accountants- en advieskosten,Doorberekende accountants- en advieskosten,4209990,WBedAeaDae,expense,l10n_nl_rgs.account_tag_4209000,0,W.K.J
4209999,Doorberekend / Overboeking ivm functionele indeling accountants- en advieskosten,Doorberekend / Overboeking ivm functionele indeling accountants- en advieskosten,4209999,WBedAeaDfw,expense,l10n_nl_rgs.account_tag_4209000,0,W.K.Z
4210010,Heffingen administratieve lasten,Heffingen,4210010,WBedAdlHef,expense,l10n_nl_rgs.account_tag_4210000,0,W.L.A
4210020,Overige belastingen administratieve lasten,Overige belastingen,4210020,WBedAdlOvb,expense,l10n_nl_rgs.account_tag_4210000,0,W.L.C
4210030,Kasverschillen,Kasverschillen,4210030,WBedAdlKav,expense,l10n_nl_rgs.account_tag_4210000,0,W.L.D
4210040,Bankkosten,Bankkosten,4210040,WBedAdlBan,expense,l10n_nl_rgs.account_tag_4210000,0,W.L.E
4210050,Valutaomrekeningsverschillen,Valutaomrekeningsverschillen,4210050,WBedAdlVal,expense,l10n_nl_rgs.account_tag_4210000,0,W.L.F
4210060,Boekingsverschillen,Boekingsverschillen,4210060,WBedAdlBov,expense,l10n_nl_rgs.account_tag_4210000,0,W.L.G
4210070,Betalingsverschillen,Betalingsverschillen,4210070,WBedAdlBet,expense,l10n_nl_rgs.account_tag_4210000,0,W.L.H
4210080,Boetes en verhogingen belastingen en premies sociale verzekeringen,Boetes en verhogingen belastingen en premies sociale verzekeringen,4210080,WBedAdlBev,expense,l10n_nl_rgs.account_tag_4210000,0,W.L.I
4210090,Naheffing omzetbelasting,Naheffing omzetbelasting,4210090,WBedAdlNao,expense,l10n_nl_rgs.account_tag_4210000,0,W.L.J
4210100,Niet-verrekenbare BTW op kosten,Niet-verrekenbare BTW op kosten,4210100,WBedAdlNbo,expense,l10n_nl_rgs.account_tag_4210000,0,W.L.K
4210110,BTW kleine-ondernemers-regeling,BTW kleine-ondernemers-regeling,4210110,WBedAdlBtk,expense,l10n_nl_rgs.account_tag_4210000,0,W.L.L
4210120,Overige administratieve lasten,Overige administratieve lasten,4210120,WBedAdlOad,expense,l10n_nl_rgs.account_tag_4210000,0,W.L.M
4210990,Doorberekende administratieve lasten,Doorberekende administratieve lasten,4210990,WBedAdlDal,expense,l10n_nl_rgs.account_tag_4210000,0,W.L.N
4210995,Kluisverschillen,Kluisverschillen,4210995,WBedAdlKlv,expense,l10n_nl_rgs.account_tag_4210000,0,W.L.O
4210997,Opbrengst pro rata,Opbrengst pro rata,4210997,WBedAdlOpr,expense,l10n_nl_rgs.account_tag_4210000,0,W.L.P
4210999,Doorberekend / Overboeking ivm functionele indeling administratieve lasten,Doorberekend / Overboeking ivm functionele indeling administratieve lasten,4210999,WBedAdlDfw,expense,l10n_nl_rgs.account_tag_4210000,0,W.L.Z
4211010,Bestedingen aan doelstelling kosten fondsenwerving,Bestedingen aan doelstelling,4211010,WBedKofBad,expense,l10n_nl_rgs.account_tag_4211000,0,W.N.A
4211020,Kosten eigen fondsenwerwing,Kosten eigen fondsenwerwing,4211020,WBedKofKef,expense,l10n_nl_rgs.account_tag_4211000,0,W.N.C
4211030,Kosten gezamenlijke fondsenwervingsacties,Kosten gezamenlijke fondsenwervingsacties,4211030,WBedKofKgf,expense,l10n_nl_rgs.account_tag_4211000,0,W.N.D
4211040,Kosten fondsenwervingsacties van derden,Kosten fondsenwervingsacties van derden,4211040,WBedKofKfv,expense,l10n_nl_rgs.account_tag_4211000,0,W.N.E
4211050,Kosten verkrijging subsidies overheden,Kosten verkrijging subsidies overheden,4211050,WBedKofKvs,expense,l10n_nl_rgs.account_tag_4211000,0,W.N.F
4211099,Doorberekend / Overboeking ivm functionele indeling kosten fondsenwerving,Doorberekend / Overboeking ivm functionele indeling kosten fondsenwerving,4211099,WBedKofDfw,expense,l10n_nl_rgs.account_tag_4211000,0,W.N.Z
4212010,Vrijval stamrecht- en lijfrentevoorzieningen,Vrijval stamrecht- en lijfrentevoorzieningen,4212010,WBedKseAbs,expense,l10n_nl_rgs.account_tag_4212000,0,W.O.C
4212020,Lijfrente-uitkeringen,Lijfrente-uitkeringen,4212020,WBedKseLiu,expense,l10n_nl_rgs.account_tag_4212000,0,W.O.D
4212099,Doorberekend / Overboeking ivm functionele indeling kosten stamrecht en lijfrentes,Doorberekend / Overboeking ivm functionele indeling kosten stamrecht en lijfrentes,4212099,WBedKseDfw,expense,l10n_nl_rgs.account_tag_4212000,0,W.O.Z
4213130,Dotatie (fiscale) reserves dotaties en vrijval (fiscale) reserves,Dotatie (fiscale) reserves,4213130,WBedDvrDfr,expense,l10n_nl_rgs.account_tag_4213000,0,W.P.A
4213140,Vrijval (fiscale) reserves dotaties en vrijval (fiscale) reserves,Vrijval (fiscale) reserves,4213140,WBedDvrVfr,expense,l10n_nl_rgs.account_tag_4213000,0,W.P.C
4213199,Doorberekend / Overboeking ivm functionele indeling dotaties en vrijval (fiscale) reserves,Doorberekend / Overboeking ivm functionele indeling dotaties en vrijval (fiscale) reserves,4213199,WBedDvrDfw,expense,l10n_nl_rgs.account_tag_4213000,0,W.P.Z
4214010,"Dotatie voorziening uit hoofde van claims, geschillen en rechtsgedingen","Dotatie voorziening uit hoofde van claims, geschillen en rechtsgedingen",4214010,WBedDvvDvu,expense,l10n_nl_rgs.account_tag_4214000,0,W.Q.A
4214020,Dotatie voorziening voor herstelkosten,Dotatie voorziening voor herstelkosten,4214020,WBedDvvDvh,expense,l10n_nl_rgs.account_tag_4214000,0,W.Q.B
4214030,Dotatie voorziening voor opruiming van aanwezige milieuvervuiling,Dotatie voorziening voor opruiming van aanwezige milieuvervuiling,4214030,WBedDvvDvo,expense,l10n_nl_rgs.account_tag_4214000,0,W.Q.C
4214040,Dotatie voorziening voor verlieslatende contracten,Dotatie voorziening voor verlieslatende contracten,4214040,WBedDvvDvc,expense,l10n_nl_rgs.account_tag_4214000,0,W.Q.D
4214050,Dotatie voorziening voor verwijderingsverplichtingen,Dotatie voorziening voor verwijderingsverplichtingen,4214050,WBedDvvDvw,expense,l10n_nl_rgs.account_tag_4214000,0,W.Q.E
4214060,Dotatie overige voorzieningen,Dotatie overige voorzieningen,4214060,WBedDvvDov,expense,l10n_nl_rgs.account_tag_4214000,0,W.Q.F
4214070,"Vrijval voorziening uit hoofde van claims, geschillen en rechtsgedingen","Vrijval voorziening uit hoofde van claims, geschillen en rechtsgedingen",4214070,WBedDvvVvu,expense,l10n_nl_rgs.account_tag_4214000,0,W.Q.G
4214080,Vrijval voorziening voor herstelkosten,Vrijval voorziening voor herstelkosten,4214080,WBedDvvVvh,expense,l10n_nl_rgs.account_tag_4214000,0,W.Q.H
4214090,Vrijval voorziening voor opruiming van aanwezige milieuvervuiling,Vrijval voorziening voor opruiming van aanwezige milieuvervuiling,4214090,WBedDvvVvm,expense,l10n_nl_rgs.account_tag_4214000,0,W.Q.I
4214100,Vrijval voorziening voor verlieslatende contracten,Vrijval voorziening voor verlieslatende contracten,4214100,WBedDvvVvc,expense,l10n_nl_rgs.account_tag_4214000,0,W.Q.J
4214110,Vrijval voorziening voor verwijderingsverplichtingen,Vrijval voorziening voor verwijderingsverplichtingen,4214110,WBedDvvVvw,expense,l10n_nl_rgs.account_tag_4214000,0,W.Q.K
4214120,Vrijval overige voorzieningen,Vrijval overige voorzieningen,4214120,WBedDvvVov,expense,l10n_nl_rgs.account_tag_4214000,0,W.Q.L
4214199,Doorberekend / Overboeking ivm functionele indeling dotaties en vrijval voorzieningen,Doorberekend / Overboeking ivm functionele indeling dotaties en vrijval voorzieningen,4214199,WBedDvvDfw,expense,l10n_nl_rgs.account_tag_4214000,0,W.Q.Z
4215010,Algemene kosten,Algemene kosten,4215010,WBedAlkOal,expense,l10n_nl_rgs.account_tag_4215000,0,W.R.A
4215020,Doorberekende kosten,Doorberekende kosten,4215020,WBedAlkDak,expense,l10n_nl_rgs.account_tag_4215000,0,W.R.C
4215099,Doorberekend / Overboeking ivm functionele indeling,Doorberekend / Overboeking ivm functionele indeling andere kosten,4215099,WBedAlkDfw,expense,l10n_nl_rgs.account_tag_4215000,0,W.R.Z
4216010,Baten uit niet-ondernemingsactiviteiten,Baten uit niet-ondernemingsactiviteiten,4216010,WBedBnoBno,expense,l10n_nl_rgs.account_tag_4216000,0,W.01.A
4216110,Lasten uit niet-ondernemingsactiviteiten,Lasten uit niet-ondernemingsactiviteiten,4216110,WBedLnoLno,expense,l10n_nl_rgs.account_tag_4216100,0,W.02.A
4301009,Teeltkosten,Teeltkosten,4301009,WKprAklTee,expense,l10n_nl_rgs.account_tag_4301000,0,Q.D010
4301010,"Zaai, plant en pootgoedkosten","Zaai, plant en pootgoedkosten",4301010,WKprAklZpe,expense,l10n_nl_rgs.account_tag_4301000,0,Q.D020
4301020,Substraatmateriaalkosten,Substraatmateriaalkosten,4301020,WKprAklSmk,expense,l10n_nl_rgs.account_tag_4301000,0,Q.D030
4301030,Bemestingskosten dierlijke mest,Bemestingskosten dierlijke mest,4301030,WKprAklBdm,expense,l10n_nl_rgs.account_tag_4301000,0,Q.D040
4301040,Bemestingskosten kunstmest,Bemestingskosten kunstmest,4301040,WKprAklBek,expense,l10n_nl_rgs.account_tag_4301000,0,Q.D050
4301050,Gewasbeschermingskosten,Gewasbeschermingskosten,4301050,WKprAklGew,expense,l10n_nl_rgs.account_tag_4301000,0,Q.D060
4301060,Gewassenverzekeringskosten,Gewassenverzekeringskosten,4301060,WKprAklGvk,expense,l10n_nl_rgs.account_tag_4301000,0,Q.D070
4301070,Afvoerkosten teeltafval,Afvoerkosten teeltafval,4301070,WKprAklAft,expense,l10n_nl_rgs.account_tag_4301000,0,Q.D080
4301080,"CO2-, OCAP- en waterkosten","CO2-, OCAP- en waterkosten",4301080,WKprAklCoe,expense,l10n_nl_rgs.account_tag_4301000,0,Q.D090
4301085,Potten en grondkosten,Potten en grondkosten,4301085,WKprAklPeg,expense,l10n_nl_rgs.account_tag_4301000,0,Q.D095
4301090,Overige teeltkosten,Overige teeltkosten,4301090,WKprAklOte,expense,l10n_nl_rgs.account_tag_4301000,0,Q.D100
4301100,Gaskosten,Gaskosten,4301100,WKprAklGko,expense,l10n_nl_rgs.account_tag_4301000,0,Q.D110
4301110,Elektra kosten,Elektrakosten,4301110,WKprAklEkn,expense,l10n_nl_rgs.account_tag_4301000,0,Q.D120
4301115,Water kosten,Water kosten,4301115,WKprAklWkn,expense,l10n_nl_rgs.account_tag_4301000,0,Q.D125
4301120,Onderhoudskosten WKK,Onderhoudskosten WKK,4301120,WKprAklOwk,expense,l10n_nl_rgs.account_tag_4301000,0,Q.D130
4301130,Leasekosten WKK,Leasekosten WKK,4301130,WKprAklLew,expense,l10n_nl_rgs.account_tag_4301000,0,Q.D140
4301140,Veilingkosten,Veilingkosten,4301140,WKprAklVkn,expense,l10n_nl_rgs.account_tag_4301000,0,Q.D150
4301150,"Afzet-, verpakking- en fustkosten","Afzet-, verpakking- en fustkosten",4301150,WKprAklAve,expense,l10n_nl_rgs.account_tag_4301000,0,Q.D160
4301155,Pacht/huur,Pacht/huur,4301155,WKprAklPah,expense,l10n_nl_rgs.account_tag_4301000,0,Q.D165
4301160,Transportkosten,Transportkosten,4301160,WKprAklTra,expense,l10n_nl_rgs.account_tag_4301000,0,Q.D170
4301170,Compostkosten,Compostkosten,4301170,WKprAklCkn,expense,l10n_nl_rgs.account_tag_4301000,0,Q.D230
4301180,Afvoerkosten champost,Afvoerkosten champost,4301180,WKprAklAfc,expense,l10n_nl_rgs.account_tag_4301000,0,Q.D240
4301190,Contractteeltkosten toegerekende kosten,Contractteeltkosten,4301190,WKprAklCtk,expense,l10n_nl_rgs.account_tag_4301000,0,Q.D180
4301200,Vergoeding werk aan derden toegerekende kosten,Vergoeding werk aan derden,4301200,WKprAklVwa,expense,l10n_nl_rgs.account_tag_4301000,0,Q.D190
4301210,Productbewerkingskosten,Productbewerkingskosten,4301210,WKprAklPbk,expense,l10n_nl_rgs.account_tag_4301000,0,Q.D200
4301220,Sorteerkosten derden,Sorteerkosten derden,4301220,WKprAklSod,expense,l10n_nl_rgs.account_tag_4301000,0,Q.D220
4301230,Aanwas fruitopstanden,Aanwas fruitopstanden,4301230,WKprAklAaf,expense,l10n_nl_rgs.account_tag_4301000,0,Q.D210
4302010,Voerkosten agrarische bedrijfskosten veeteelt,Voerkosten,4302010,WKprAkvVks,expense,l10n_nl_rgs.account_tag_4302000,0,Q.F010
4302020,Gezondheidszorgkosten agrarische bedrijfskosten veeteelt,Gezondheidszorgkosten,4302020,WKprAkvGez,expense,l10n_nl_rgs.account_tag_4302000,0,Q.F020
4302030,K.I./Fokkerijkosten agrarische bedrijfskosten veeteelt,K.I./Fokkerijkosten,4302030,WKprAkvKie,expense,l10n_nl_rgs.account_tag_4302000,0,Q.F030
4302040,Teeltkosten agrarische bedrijfskosten veeteelt,Teeltkosten,4302040,WKprAkvTee,expense,l10n_nl_rgs.account_tag_4302000,0,Q.F035
4302050,Strooiselkosten agrarische bedrijfskosten veeteelt,Strooiselkosten,4302050,WKprAkvSkn,expense,l10n_nl_rgs.account_tag_4302000,0,Q.F040
4302060,Energiekosten agrarische bedrijfskosten veeteelt,Energiekosten,4302060,WKprAkvEne,expense,l10n_nl_rgs.account_tag_4302000,0,Q.F050
4302070,Overige veekosten agrarische bedrijfskosten veeteelt,Overige veekosten,4302070,WKprAkvOve,expense,l10n_nl_rgs.account_tag_4302000,0,Q.F060
4302080,Mestafzetkosten agrarische bedrijfskosten veeteelt,Mestafzetkosten,4302080,WKprAkvMes,expense,l10n_nl_rgs.account_tag_4302000,0,Q.F070
4302090,Leasekosten productierechten agrarische bedrijfskosten veeteelt,Leasekosten productierechten,4302090,WKprAkvLep,expense,l10n_nl_rgs.account_tag_4302000,0,Q.F080
4302100,Krachtvoerkosten agrarische bedrijfskosten veeteelt,Krachtvoerkosten,4302100,WKprAkvKvk,expense,l10n_nl_rgs.account_tag_4302000,0,Q.F100
4302110,Ruwvoerkosten agrarische bedrijfskosten veeteelt,Ruwvoerkosten,4302110,WKprAkvRuw,expense,l10n_nl_rgs.account_tag_4302000,0,Q.F110
4302120,Voergeld agrarische bedrijfskosten veeteelt,Voergeld,4302120,WKprAkvVgd,expense,l10n_nl_rgs.account_tag_4302000,0,Q.F130
4302130,Bijproducten kosten agrarische bedrijfskosten veeteelt,Bijproducten kosten,4302130,WKprAkvBik,expense,l10n_nl_rgs.account_tag_4302000,0,Q.F120
4302140,Inzet- vang- en laadkosten agrarische bedrijfskosten veeteelt,Inzet- vang- en laadkosten,4302140,WKprAkvLve,expense,l10n_nl_rgs.account_tag_4302000,0,Q.F180
4302150,Eiergeld agrarische bedrijfskosten veeteelt,Eiergeld,4302150,WKprAkvEie,expense,l10n_nl_rgs.account_tag_4302000,0,Q.F090
4302160,Aankopen melkkoeien agrarische bedrijfskosten veeteelt,Aankopen melkkoeien,4302160,WKprAkvAam,expense,l10n_nl_rgs.account_tag_4302000,0,Q.F150
4302170,Aankopen jongvee ouder dan 1 jaar agrarische bedrijfskosten veeteelt,Aankopen jongvee ouder dan 1 jaar,4302170,WKprAkvAjo,expense,l10n_nl_rgs.account_tag_4302000,0,Q.F160
4302180,Melkgeld agrarische bedrijfskosten veeteelt,Melkgeld,4302180,WKprAkvMel,expense,l10n_nl_rgs.account_tag_4302000,0,Q.F170
4302190,Aankopen vee agrarische bedrijfskosten veeteelt,Aankopen vee,4302190,WKprAkvAvb,expense,l10n_nl_rgs.account_tag_4302000,0,Q.F140
4400100,Overige organisatiekosten,Overige organisatiekosten,4400100,WOokOokOkn,expense,l10n_nl_rgs.account_tag_4400000,0,O.O.A.A
4400101,Doorberekende organisatiekosten,Doorberekende organisatiekosten,4400101,WOokOokDok,expense,l10n_nl_rgs.account_tag_4400000,0,O.O.A.B
4400110,Saneringsheffing,Saneringsheffing,4400110,WOokOokShf,expense,l10n_nl_rgs.account_tag_4400000,0,O.O.A.C
4400120,Bijdrageheffing Autoriteit woningcorporaties,Bijdrageheffing Autoriteit woningcorporaties,4400120,WOokOokBhf,expense,l10n_nl_rgs.account_tag_4400000,0,O.O.A.D
4400130,Obligoheffing WSW,Obligoheffing WSW,4400130,WOokOokOhf,expense,l10n_nl_rgs.account_tag_4400000,0,O.O.A.E
4400140,Aan overige organisatiekosten toegerekende salarissen,Aan overige organisatiekosten toegerekende salarissen,4400140,WOokOokSal,expense,l10n_nl_rgs.account_tag_4400000,0,O.O.A.F
4400150,Aan overige organisatiekosten toegerekende sociale lasten,Aan overige organisatiekosten toegerekende sociale lasten,4400150,WOokOokSoc,expense,l10n_nl_rgs.account_tag_4400000,0,O.O.A.G
4400160,Aan overige organisatiekosten toegerekende pensioenlasten,Aan overige organisatiekosten toegerekende pensioenlasten,4400160,WOokOokPen,expense,l10n_nl_rgs.account_tag_4400000,0,O.O.A.H
4400170,Aan overige organisatiekosten toegerekende afschrijvingen,Aan overige organisatiekosten toegerekende afschrijvingen,4400170,WOokOokAfs,expense,l10n_nl_rgs.account_tag_4400000,0,O.O.A.I
4400180,Aan overige organisatiekosten toegerekende overige bedrijfslasten,Aan overige organisatiekosten toegerekende overige bedrijfslasten,4400180,WOokOokObl,expense,l10n_nl_rgs.account_tag_4400000,0,O.O.A.J
4400190,Aan overige organisatiekosten toegerekende overige personeelskosten,Aan overige organisatiekosten toegerekende overige personeelskosten,4400190,WOokOokOpl,expense,l10n_nl_rgs.account_tag_4400000,0,O.O.A.K
7001010,Kosten van grond- en hulpstoffen,Kosten van grond- en hulpstoffen,7001010,WKprKvgKvg,expense_direct_cost,l10n_nl_rgs.account_tag_7001000,0,Q.A.A
7001020,"Kosten van grond- en hulpstoffen, ingekocht in het buitenland","Kosten van grond- en hulpstoffen, ingekocht in het buitenland",7001020,WKprKvgKgi,expense_direct_cost,l10n_nl_rgs.account_tag_7001000,0,Q.A.B
7001030,Voorraadverschillen grond- en hulpstoffen,Voorraadverschillen grond- en hulpstoffen,7001030,WKprKvgVrv,expense_direct_cost,l10n_nl_rgs.account_tag_7001000,0,Q.A.C
7001040,Prijsverschillen inkoop,Prijsverschillen inkoop grond- en hulpstoffen,7001040,WKprKvgPrv,expense_direct_cost,l10n_nl_rgs.account_tag_7001000,0,Q.A.D
7001050,"Kosten van halffabrikaten, ingekocht in Nederland","Kosten van halffabrikaten, ingekocht in Nederland",7001050,WKprKvgKhn,expense_direct_cost,l10n_nl_rgs.account_tag_7001000,0,Q.A.E
7001060,"Kosten van halffabrikaten, ingekocht in het buitenland","Kosten van halffabrikaten, ingekocht in het buitenland",7001060,WKprKvgKhb,expense_direct_cost,l10n_nl_rgs.account_tag_7001000,0,Q.A.F
7001070,Voorraadverschillen halffabrikaten,Voorraadverschillen halffabrikaten,7001070,WKprKvgVvh,expense_direct_cost,l10n_nl_rgs.account_tag_7001000,0,Q.A.G
7001080,Prijsverschillen inkoop halffabrikaten,Prijsverschillen inkoop halffabrikaten,7001080,WKprKvgPvh,expense_direct_cost,l10n_nl_rgs.account_tag_7001000,0,Q.A.H
7001099,Doorberekend / Overboeking ivm functionele indeling kosten van grond- en hulpstoffen / halffabrikaten,Doorberekend / Overboeking ivm functionele indeling kosten van grond- en hulpstoffen / halffabrikaten,7001099,WKprKvgDfw,expense_direct_cost,l10n_nl_rgs.account_tag_7001000,0,Q.A.Z
7002010,Kosten van personeel,Kosten van personeel,7002010,WKprKvpKvp,expense_direct_cost,l10n_nl_rgs.account_tag_7002000,0,Q.B.A
7002099,Doorberekend / Overboeking ivm functionele indeling kosten van personeel,Doorberekend / Overboeking ivm functionele indeling kosten van personeel,7002099,WKprKvpDfw,expense_direct_cost,l10n_nl_rgs.account_tag_7002000,0,Q.B.Z
7003010,Kosten van uitbesteed werk,Kosten van uitbesteed werk,7003010,WKprKuwKuw,expense_direct_cost,l10n_nl_rgs.account_tag_7003000,0,Q.C.A
7003020,Andere externe kosten ,Andere externe kosten,7003020,WKprKuwAek,expense_direct_cost,l10n_nl_rgs.account_tag_7003000,0,Q.C.B
7003099,Doorberekend / Overboeking ivm functionele indeling kosten uitbesteed werk en andere externe kosten,Doorberekend / Overboeking ivm functionele indeling kosten uitbesteed werk en andere externe kosten,7003099,WKprKuwDfw,expense_direct_cost,l10n_nl_rgs.account_tag_7003000,0,Q.C.Z
7004010,Kosten van rente,Kosten van rente,7004010,WKprKraKra,expense_direct_cost,l10n_nl_rgs.account_tag_7004000,0,Q.G.A
7004020,Kosten van afschrijvingen,Kosten van afschrijvingen,7004020,WKprKraKva,expense_direct_cost,l10n_nl_rgs.account_tag_7004000,0,Q.G.B
7004099,Doorberekend / Overboeking ivm functionele indeling kosten van rente en afschrijvingen,Doorberekend / Overboeking ivm functionele indeling kosten van rente en afschrijvingen,7004099,WKprKraDfw,expense_direct_cost,l10n_nl_rgs.account_tag_7004000,0,Q.G.Z
7005010,Inkoopwaarde handelsgoederen,Inkoopwaarde handelsgoederen,7005010,WKprInhInh,expense_direct_cost,l10n_nl_rgs.account_tag_7005000,0,Q.H.A
7005020,Voorraadverschillen handelsgoederen,Voorraadverschillen handelsgoederen,7005020,WKprInhVrv,expense_direct_cost,l10n_nl_rgs.account_tag_7005000,0,Q.H.B
7005030,Prijsverschillen inkoop handelsgoederen,Prijsverschillen inkoop handelsgoederen,7005030,WKprInhPrv,expense_direct_cost,l10n_nl_rgs.account_tag_7005000,0,Q.H.C
7005040,Margeinkopen ,Margeinkopen,7005040,WKprInhMai,expense_direct_cost,l10n_nl_rgs.account_tag_7005000,0,Q.H.D
7005099,Doorberekend / Overboeking ivm functionele indeling inkoopwaarde handelsgoederen,Doorberekend / Overboeking ivm functionele indeling inkoopwaarde handelsgoederen,7005099,WKprInhDfw,expense_direct_cost,l10n_nl_rgs.account_tag_7005000,0,Q.H.Z
7006010,Inkoopwaarde productiegoederen,Inkoopwaarde productiegoederen,7006010,WKprInpInp,expense_direct_cost,l10n_nl_rgs.account_tag_7006000,0,Q.I.A
7006020,Voorraadverschillen productiegoederen,Voorraadverschillen productiegoederen,7006020,WKprInpVrv,expense_direct_cost,l10n_nl_rgs.account_tag_7006000,0,Q.I.B
7006030,Prijsverschillen inkoop productiegoederen,Prijsverschillen inkoop productiegoederen,7006030,WKprInpPrv,expense_direct_cost,l10n_nl_rgs.account_tag_7006000,0,Q.I.C
7006099,Doorberekend / Overboeking ivm functionele indeling inkoopwaarde productiegoederen,Doorberekend / Overboeking ivm functionele indeling inkoopwaarde productiegoederen,7006099,WKprInpDfw,expense_direct_cost,l10n_nl_rgs.account_tag_7006000,0,Q.I.Z
7007010,Inkoopkortingen en bonussen,Inkoopkortingen en bonussen,7007010,WKprLebLeb,expense_direct_cost,l10n_nl_rgs.account_tag_7007000,0,Q.J.A
7007020,Inkoopprovisie,Inkoopprovisie,7007020,WKprLebInp,expense_direct_cost,l10n_nl_rgs.account_tag_7007000,0,Q.J.B
7007099,Doorberekend / Overboeking ivm functionele indeling inkoopkortingen en bonussen,Doorberekend / Overboeking ivm functionele indeling inkoopkortingen en bonussen,7007099,WKprLebDfw,expense_direct_cost,l10n_nl_rgs.account_tag_7007000,0,Q.J.Z
7008010,Betalingskorting debiteuren,Betalingskorting debiteuren,7008010,WKprBtkBed,expense_direct_cost,l10n_nl_rgs.account_tag_7008000,0,Q.K.A
7008020,Betalingskortingen op inkopen,Betalingskortingen op inkopen,7008020,WKprBtkBec,expense_direct_cost,l10n_nl_rgs.account_tag_7008000,0,Q.K.B
7008099,Doorberekend / Overboeking ivm functionele indeling betalingskortingen,Doorberekend / Overboeking ivm functionele indeling betalingskortingen,7008099,WKprBtkDfw,expense_direct_cost,l10n_nl_rgs.account_tag_7008000,0,Q.K.Z
7009010,Kostprijs intercompany transacties,Kostprijs intercompany transacties,7009010,WKprKitKit,expense_direct_cost,l10n_nl_rgs.account_tag_7009000,0,Q.L.A
7009099,Doorberekend / Overboeking ivm functionele indeling betalingskortingen,Doorberekend / Overboeking ivm functionele indeling betalingskortingen,7009099,WKprKitDfw,expense_direct_cost,l10n_nl_rgs.account_tag_7009000,0,Q.L.Z
7010010,Mutatie omzetvorderingen inkoopwaarde handels- en productiegoederen,Mutatie omzetvorderingen,7010010,WKprMuoMuo,expense_direct_cost,l10n_nl_rgs.account_tag_7010000,0,Q.M.A
7010099,Doorberekend / Overboeking ivm functionele indeling mutatie omzetvorderingen,Doorberekend / Overboeking ivm functionele indeling mutatie omzetvorderingen,7010099,WKprMuoDfw,expense_direct_cost,l10n_nl_rgs.account_tag_7010000,0,Q.M.Z
7011010,Voorraadmutatie inkoopwaarde,Voorraadmutatie,7011010,WKprVomVom,expense_direct_cost,l10n_nl_rgs.account_tag_7011000,0,Q.N.A
7011099,Doorberekend / Overboeking ivm functionele indeling voorraadmutatie,Doorberekend / Overboeking ivm functionele indeling voorraadmutatie,7011099,WKprVomDfw,expense_direct_cost,l10n_nl_rgs.account_tag_7011000,0,Q.N.Z
7012010,Privé-gebruik goederen,Privé-gebruik goederen,7012010,WKprPrgPrg,expense_direct_cost,l10n_nl_rgs.account_tag_7012000,0,Q.O.A
7012099,Doorberekend / Overboeking ivm functionele indeling privé-gebruik goederen,Doorberekend / Overboeking ivm functionele indeling privé-gebruik goederen,7012099,WKprPrgDfw,expense_direct_cost,l10n_nl_rgs.account_tag_7012000,0,Q.O.Z
7013010,Privé-gebruik diensten,Privé-gebruik diensten,7013010,WKprPrdPrd,expense_direct_cost,l10n_nl_rgs.account_tag_7013000,0,Q.P.A
7013099,Doorberekend / Overboeking ivm functionele indeling privé-gebruik diensten,Doorberekend / Overboeking ivm functionele indeling privé-gebruik diensten,7013099,WKprPrdDfw,expense_direct_cost,l10n_nl_rgs.account_tag_7013000,0,Q.P.Z
7101010,Inkoopkosten planten opkweek inkoopwaarde agrarisch,Inkoopkosten planten opkweek,7101010,WKprInaLpk,expense,l10n_nl_rgs.account_tag_7101000,0,Q.E010
7101020,Inkoopkosten planten handel inkoopwaarde agrarisch,Inkoopkosten planten handel,7101020,WKprInaLph,expense,l10n_nl_rgs.account_tag_7101000,0,Q.E020
7101030,Inkoopkosten potten inkoopwaarde agrarisch,Inkoopkosten potten,7101030,WKprInaLpo,expense,l10n_nl_rgs.account_tag_7101000,0,Q.E030
7101040,Inkoopkosten potgrond inkoopwaarde agrarisch,Inkoopkosten potgrond,7101040,WKprInaLpt,expense,l10n_nl_rgs.account_tag_7101000,0,Q.E040
7101050,Inkoopkosten bloembollen handel inkoopwaarde agrarisch,Inkoopkosten bloembollen handel,7101050,WKprInaLbh,expense,l10n_nl_rgs.account_tag_7101000,0,Q.E050
7200100,Kostprijs - inkoopwaarde groep 1,Kostprijs - inkoopwaarde groep 1,7200100,WKprGrpGr1,expense_direct_cost,l10n_nl_rgs.account_tag_7200000,0,Q.Q.A
7200200,Kostprijs - inkoopwaarde groep 2,Kostprijs - inkoopwaarde groep 2,7200200,WKprGrpGr2,expense_direct_cost,l10n_nl_rgs.account_tag_7200000,0,Q.Q.B
7200300,Kostprijs - inkoopwaarde groep 3,Kostprijs - inkoopwaarde groep 3,7200300,WKprGrpGr3,expense_direct_cost,l10n_nl_rgs.account_tag_7200000,0,Q.Q.C
7200400,Kostprijs - inkoopwaarde groep 4,Kostprijs - inkoopwaarde groep 4,7200400,WKprGrpGr4,expense_direct_cost,l10n_nl_rgs.account_tag_7200000,0,Q.Q.D
7200500,Kostprijs - inkoopwaarde groep 5,Kostprijs - inkoopwaarde groep 5,7200500,WKprGrpGr5,expense_direct_cost,l10n_nl_rgs.account_tag_7200000,0,Q.Q.E
7200999,Doorberekend / Overboeking ivm functionele indeling kostprijs - inkoopwaarde groepen,Doorberekend / Overboeking ivm functionele indeling kostprijs - inkoopwaarde groepen,7200999,WKprGrpDfw,expense_direct_cost,l10n_nl_rgs.account_tag_7200000,0,Q.Q.Z
7201010,Kostprijs van de omzet niet ingekocht bij leden (Coöperatie),Kostprijs van de omzet niet ingekocht bij leden (Coöperatie),7201010,WKprOniOn1,expense_direct_cost,l10n_nl_rgs.account_tag_7201000,0,Q.R.A
7202100,Inkoopwaarde van geleverde producten,Inkoopwaarde van geleverde producten,7202100,WKprTvlIgp,expense_direct_cost,l10n_nl_rgs.account_tag_7202000,0,Q.S.A
7202200,Verstrekte subsidies of giften,Verstrekte subsidies of giften,7202200,WKprTvlVsg,expense_direct_cost,l10n_nl_rgs.account_tag_7202000,0,Q.S.B
7203100,Lasten besteed aan doelstellingen,Lasten besteed aan doelstellingen,7203100,WKprTvlLbd,expense_direct_cost,l10n_nl_rgs.account_tag_7202000,0,Q.S.G
7203200,Wervingskosten,Wervingskosten,7203200,WKprTvlWko,expense_direct_cost,l10n_nl_rgs.account_tag_7202000,0,Q.S.H
7203300,Kosten van beheer en administratie,Kosten van beheer en administratie,7203300,WKprTvlKba,expense_direct_cost,l10n_nl_rgs.account_tag_7202000,0,Q.S.I
7204000,Andere lasten,Andere lasten,7204000,WKprTvlAla,expense_direct_cost,l10n_nl_rgs.account_tag_7202000,0,Q.S.U
8001010,Netto-omzet uit leveringen geproduceerde goederen,Netto-omzet uit leveringen geproduceerde goederen,8001010,WOmzNopOlh,income,l10n_nl_rgs.account_tag_8001000,0,O.A010
8001020,1b. Netto-omzet uit leveringen geproduceerde goederen belast met laag tarief,1b. Netto-omzet uit leveringen geproduceerde goederen belast met laag tarief,8001020,WOmzNopOlv,income,l10n_nl_rgs.account_tag_8001000,0,O.A020
8001030,"1c. Netto-omzet uit leveringen geproduceerde goederen belast met overige tarieven, behalve 0%","1c. Netto-omzet uit leveringen geproduceerde goederen belast met overige tarieven, behalve 0%",8001030,WOmzNopOlo,income,l10n_nl_rgs.account_tag_8001000,0,O.A030
8001040,1d. Netto-omzet uit privégebruik geproduceerde goederen,1d. Netto-omzet uit privégebruik geproduceerde goederen,8001040,WOmzNopOpg,income,l10n_nl_rgs.account_tag_8001000,0,O.A040
8001050,1e. Netto-omzet uit geproduceerde goederen belast met 0% of niet bij u belast,1e. Netto-omzet uit geproduceerde goederen belast met 0% of niet bij u belast,8001050,WOmzNopOlg,income,l10n_nl_rgs.account_tag_8001000,0,O.A050
8001060,2a. Netto-omzet uit leveringen geproduceerde goederen waarbij de omzetbelasting naar u  is verlegd,2a. Netto-omzet uit leveringen geproduceerde goederen waarbij de omzetbelasting naar u  is verlegd,8001060,WOmzNopOll,income,l10n_nl_rgs.account_tag_8001000,0,O.A060
8001070,3a. Netto-omzet uit leveringen geproduceerde goederen naar landen buiten EU (uitvoer),3a. Netto-omzet uit leveringen geproduceerde goederen naar landen buiten EU (uitvoer),8001070,WOmzNopOln,income,l10n_nl_rgs.account_tag_8001000,0,O.A070
8001080,3b. Netto-omzet uit leveringen geproduceerde goederen naar landen binnen EU,3b. Netto-omzet uit leveringen geproduceerde goederen naar landen binnen EU,8001080,WOmzNopOli,income,l10n_nl_rgs.account_tag_8001000,0,O.A080
8001090,3c. Netto-omzet uit leveringen geproduceerde goederen via installatie/afstandsverkopen binnen de EU,3c. Netto-omzet uit leveringen geproduceerde goederen via installatie/afstandsverkopen binnen de EU,8001090,WOmzNopOla,income,l10n_nl_rgs.account_tag_8001000,0,O.A090
8001100,4a. Netto-omzet uit belaste leveringen van geproduceerde goederen uit landen buiten de EU,4a. Netto-omzet uit belaste leveringen van geproduceerde goederen uit landen buiten de EU,8001100,WOmzNopOlu,income,l10n_nl_rgs.account_tag_8001000,0,O.A100
8001110,4b. Netto-omzet uit belaste leveringen van geproduceerde goederen uit landen binnen de EU,4b. Netto-omzet uit belaste leveringen van geproduceerde goederen uit landen binnen de EU,8001110,WOmzNopOle,income,l10n_nl_rgs.account_tag_8001000,0,O.A110
8001120,Netto-omzet uit leveringen geproduceerde goederen waarvan overboeking naar andere rubriek opbrengsten uit de verkoop van goederen,Netto-omzet uit leveringen geproduceerde goederen waarvan overboeking naar andere rubriek,8001120,WOmzNopNon,income,l10n_nl_rgs.account_tag_8001000,0,O.A120
8001150,Netto-omzet van onbelaste leveringen geproduceerde goederen,Netto-omzet van onbelaste leveringen geproduceerde goederen,8001150,WOmzNopNod,income,l10n_nl_rgs.account_tag_8001000,0,O.A150
8002010,Netto-omzet uit verkoop van handelsgoederen,Netto-omzet uit verkoop van handelsgoederen,8002010,WOmzNohOlh,income,l10n_nl_rgs.account_tag_8002000,0,O.B010
8002020,1b. Netto-omzet uit verkoop van handelsgoederen belast met laag tarief,1b. Netto-omzet uit verkoop van handelsgoederen belast met laag tarief,8002020,WOmzNohOlv,income,l10n_nl_rgs.account_tag_8002000,0,O.B020
8002030,"1c. Netto-omzet uit verkoop van handelsgoederen belast met overige tarieven, behalve 0%","1c. Netto-omzet uit verkoop van handelsgoederen belast met overige tarieven, behalve 0%",8002030,WOmzNohOlo,income,l10n_nl_rgs.account_tag_8002000,0,O.B030
8002035,Margeinkopen ,Margeinkopen,8002035,WOmzNohMai,income,l10n_nl_rgs.account_tag_8002000,0,O.B040
8002040,Margeverkopen ,Margeverkopen,8002040,WOmzNohOmr,income,l10n_nl_rgs.account_tag_8002000,0,O.B050
8002050,1d. Netto-omzet uit privégebruik handelsgoederen,1d. Netto-omzet uit privégebruik handelsgoederen,8002050,WOmzNohOpg,income,l10n_nl_rgs.account_tag_8002000,0,O.B060
8002060,1e. Netto-omzet uit leveringen handelsgoederen belast met 0% of niet bij u belast,1e. Netto-omzet uit leveringen handelsgoederen belast met 0% of niet bij u belast,8002060,WOmzNohOlg,income,l10n_nl_rgs.account_tag_8002000,0,O.B070
8002070,2a. Netto-omzet uit leveringen handelsgoederen waarbij de omzetbelasting naar u is verlegd,2a. Netto-omzet uit leveringen handelsgoederen waarbij de omzetbelasting naar u is verlegd,8002070,WOmzNohOll,income,l10n_nl_rgs.account_tag_8002000,0,O.B080
8002080,3a. Netto-omzet uit leveringen handelsgoederen naar landen buiten de EU (uitvoer),3a. Netto-omzet uit leveringen handelsgoederen naar landen buiten de EU (uitvoer),8002080,WOmzNohOln,income,l10n_nl_rgs.account_tag_8002000,0,O.B090
8002090,3b. Netto-omzet uit leveringen handelsgoederen naar landen binnen de EU,3b. Netto-omzet uit leveringen handelsgoederen naar landen binnen de EU,8002090,WOmzNohOli,income,l10n_nl_rgs.account_tag_8002000,0,O.B100
8002100,3c. Netto-omzet uit leveringen handelsgoederen via installatie/afstandsverkopen binnen de EU,3c. Netto-omzet uit leveringen handelsgoederen via installatie/afstandsverkopen binnen de EU,8002100,WOmzNohOla,income,l10n_nl_rgs.account_tag_8002000,0,O.B110
8002110,4a. Netto-omzet uit belaste leveringen van handelsgoederen uit landen buiten de EU,4a. Netto-omzet uit belaste leveringen van handelsgoederen uit landen buiten de EU,8002110,WOmzNohOlu,income,l10n_nl_rgs.account_tag_8002000,0,O.B120
8002120,4b. Netto-omzet uit belaste leveringen van handelsgoederen uit landen binnen de EU,4b. Netto-omzet uit belaste leveringen van handelsgoederen uit landen binnen de EU,8002120,WOmzNohOle,income,l10n_nl_rgs.account_tag_8002000,0,O.B130
8002130,Netto-omzet uit leveringen handelsgoederen waarvan overboeking naar andere rubriek ,Netto-omzet uit leveringen handelsgoederen waarvan overboeking naar andere rubriek,8002130,WOmzNohNon,income,l10n_nl_rgs.account_tag_8002000,0,O.B140
8002150,Netto-omzet van onbelaste verkoop van handelsgoederen,Netto-omzet van onbelaste verkoop van handelsgoederen,8002150,WOmzNohNod,income,l10n_nl_rgs.account_tag_8002000,0,O.B150
8003010,Opbrengsten uit het verlenen van diensten,Opbrengsten uit het verlenen van diensten,8003010,WOmzNodOdh,income,l10n_nl_rgs.account_tag_8003000,0,O.C010
8003020,1b. Netto-omzet uit verleende diensten belast met laag tarief,1b. Netto-omzet uit verleende diensten belast met laag tarief,8003020,WOmzNodOdl,income,l10n_nl_rgs.account_tag_8003000,0,O.C020
8003030,"1c.  Netto-omzet uit verleende diensten belast met overige tarieven, behalve 0%","1c.  Netto-omzet uit verleende diensten belast met overige tarieven, behalve 0%",8003030,WOmzNodOdo,income,l10n_nl_rgs.account_tag_8003000,0,O.C030
8003040,1d  Netto-omzet uit privégebruik verleende diensten,1d  Netto-omzet uit privégebruik verleende diensten,8003040,WOmzNodOpd,income,l10n_nl_rgs.account_tag_8003000,0,O.C040
8003050,1e. Netto-omzet uit verleende diensten belast met 0% of niet bij u belast,1e. Netto-omzet uit verleende diensten belast met 0% of niet bij u belast,8003050,WOmzNodOdg,income,l10n_nl_rgs.account_tag_8003000,0,O.C050
8003060,2a. Netto-omzet uit verleende diensten waarbij de omzetbelasting naar u is verlegd,2a. Netto-omzet uit verleende diensten waarbij de omzetbelasting naar u is verlegd,8003060,WOmzNodOdv,income,l10n_nl_rgs.account_tag_8003000,0,O.C060
8003070,3a. Netto-omzet uit verleende diensten naar landen buiten de EU (uitvoer),3a. Netto-omzet uit verleende diensten naar landen buiten de EU (uitvoer),8003070,WOmzNodOdb,income,l10n_nl_rgs.account_tag_8003000,0,O.C070
8003080,3b. Netto-omzet uit verleende diensten naar landen binnen de EU,3b. Netto-omzet uit verleende diensten naar landen binnen de EU,8003080,WOmzNodOdi,income,l10n_nl_rgs.account_tag_8003000,0,O.C080
8003090,3c. Netto-omzet uit verleende diensten via installatie/afstandsverkopen binnen de EU,3c. Netto-omzet uit verleende diensten via installatie/afstandsverkopen binnen de EU,8003090,WOmzNodOda,income,l10n_nl_rgs.account_tag_8003000,0,O.C090
8003100,4a. Netto-omzet uit belaste leveringen van diensten uit landen buiten de EU,4a. Netto-omzet uit belaste leveringen van diensten uit landen buiten de EU,8003100,WOmzNodOdu,income,l10n_nl_rgs.account_tag_8003000,0,O.C100
8003110,4b. Netto-omzet uit belaste leveringen van diensten uit landen binnen de EU,4b. Netto-omzet uit belaste leveringen van diensten uit landen binnen de EU,8003110,WOmzNodOde,income,l10n_nl_rgs.account_tag_8003000,0,O.C110
8003120,Netto-omzet uit verleende diensten waarvan overboeking naar andere rubriek opbrengsten uit het verlenen van diensten,Netto-omzet uit verleende diensten waarvan overboeking naar andere rubriek,8003120,WOmzNodNon,income,l10n_nl_rgs.account_tag_8003000,0,O.C120
8003150,Netto-omzet van onbelaste diensten,Netto-omzet van onbelaste diensten,8003150,WOmzNodNod,income,l10n_nl_rgs.account_tag_8003000,0,O.C150
8004010,Overige netto-omzet waarvan licenties overige netto-omzet,Overige netto-omzet waarvan licenties,8004010,WOmzNooNdl,income,l10n_nl_rgs.account_tag_8004000,0,O.F.A
8004020,Opbrengsten uit royalty's,Opbrengsten uit royalty's,8004020,WOmzNooNdy,income,l10n_nl_rgs.account_tag_8004000,0,O.F.B
8004030,Opbrengsten uit dividenden,Opbrengsten uit dividenden,8004030,WOmzNooNdd,income,l10n_nl_rgs.account_tag_8004000,0,O.F.C
8004040,Opbrengsten uit overige bronnen,Opbrengsten uit overige bronnen,8004040,WOmzNooNdo,income,l10n_nl_rgs.account_tag_8004000,0,O.F.F
8004050,Overige netto-omzet waarvan overboeking naar andere rubriek,Overige netto-omzet waarvan overboeking naar andere rubriek,8004050,WOmzNooNon,income,l10n_nl_rgs.account_tag_8004000,0,O.F.G
8004060,Opbrengsten uit rente,Opbrengsten uit rente,8004060,WOmzNooOur,income,l10n_nl_rgs.account_tag_8004000,0,O.F.D
8004070,Overige netto-omzet waarvan niet elders genoemd,Overige netto-omzet waarvan niet elders genoemd,8004070,WOmzNooOnw,income,l10n_nl_rgs.account_tag_8004000,0,O.F.E
8004080,Omzet (nog te factureren),Omzet (nog te factureren),8004080,WOmzNooNtf,income,l10n_nl_rgs.account_tag_8004000,1,O.F.H
8005010,Omzet intercompany transacties,Omzet intercompany transacties,8005010,WOmzOitOit,income,l10n_nl_rgs.account_tag_8005000,0,O.G.A
8005020,Omzet verkopen aan groepsmaatschappijen,Omzet verkopen aan groepsmaatschappijen,8005020,WOmzOitOvg,income,l10n_nl_rgs.account_tag_8005000,0,O.G.B
8005030,Omzet verkopen aan overige verbonden maatschappijen,Omzet verkopen aan overige verbonden maatschappijen,8005030,WOmzOitOvm,income,l10n_nl_rgs.account_tag_8005000,0,O.G.C
8005040,Omzet verkopen aan andere deelnemingen,Omzet verkopen aan andere deelnemingen,8005040,WOmzOitOvd,income,l10n_nl_rgs.account_tag_8005000,0,O.G.D
8006010,Verleende kortingen,Verleende kortingen,8006010,WOmzKebVek,income,l10n_nl_rgs.account_tag_8006000,0,O.H.A
8006020,Omzetbonificaties,Omzetbonificaties,8006020,WOmzKebOmz,income,l10n_nl_rgs.account_tag_8006000,0,O.H.B
8006030,Provisies,Provisies,8006030,WOmzKebPrv,income,l10n_nl_rgs.account_tag_8006000,0,O.H.C
8007010,Productieomzet,Productieomzet,8007010,WOmzAolPom,income,l10n_nl_rgs.account_tag_8007000,0,O.D.A
8007020,Verpakkingsvergoedingn,Verpakkingsvergoeding,8007020,WOmzAolVpa,income,l10n_nl_rgs.account_tag_8007000,0,O.D.B
8007030,GMO subsidie,GMO subsidie,8007030,WOmzAolGms,income,l10n_nl_rgs.account_tag_8007000,0,O.D.C
8007040,Verkoop elektra,Verkoop elektra,8007040,WOmzAolVee,income,l10n_nl_rgs.account_tag_8007000,0,O.D.D
8007045,Vergoeding werk aan derden,Vergoeding werk aan derden,8007045,WOmzAolVwd,income,l10n_nl_rgs.account_tag_8007000,0,O.D.E
8007050,Overige niet toegerekende opbrengsten,Overige niet toegerekende opbrengsten,8007050,WOmzAolOno,income,l10n_nl_rgs.account_tag_8007000,0,O.D.F
8008005,Voorraadmutatie toegerekende opbrengsten,Voorraadmutatie,8008005,WOmzAovVmu,income,l10n_nl_rgs.account_tag_8008000,0,O.E.A
8008010,Omzet vee,Omzet vee,8008010,WOmzAovOzv,income,l10n_nl_rgs.account_tag_8008000,0,O.E.B
8008015,Omzet en Aanwas veen,Omzet en Aanwas vee,8008015,WOmzAovOea,income,l10n_nl_rgs.account_tag_8008000,0,O.E.C
8008020,Bedrijfstoeslag,Bedrijfstoeslag,8008020,WOmzAovBts,income,l10n_nl_rgs.account_tag_8008000,0,O.E.D
8008030,Melkgeld,Melkgeld,8008030,WOmzAovMel,income,l10n_nl_rgs.account_tag_8008000,0,O.E.E
8008040,Eiergeld,Eiergeld,8008040,WOmzAovEie,income,l10n_nl_rgs.account_tag_8008000,0,O.E.F
8009100,Netto-omzet groep 1,Netto-omzet groep 1,8009100,WOmzGrpGr1,income,l10n_nl_rgs.account_tag_8009000,0,O.I.A
8009200,Netto-omzet groep 2,Netto-omzet groep 2,8009200,WOmzGrpGr2,income,l10n_nl_rgs.account_tag_8009000,0,O.I.B
8009300,Netto-omzet groep 3,Netto-omzet groep 3,8009300,WOmzGrpGr3,income,l10n_nl_rgs.account_tag_8009000,0,O.I.C
8009400,Netto-omzet groep 4,Netto-omzet groep 4,8009400,WOmzGrpGr4,income,l10n_nl_rgs.account_tag_8009000,0,O.I.D
8009500,Netto-omzet groep 5,Netto-omzet groep 5,8009500,WOmzGrpGr5,income,l10n_nl_rgs.account_tag_8009000,0,O.I.E
8010100,Huuropbrengsten,Huuropbrengsten,8010100,WRevHuoHuo,income,l10n_nl_rgs.account_tag_8010000,0,O.J.A.A
8011100,Opbrengsten servicecontracten,Opbrengsten servicecontracten,8011100,WRevOscOsc,income,l10n_nl_rgs.account_tag_8011000,0,O.J.B.A
8012100,Lasten servicecontracten,Lasten servicecontracten,8012100,WRevLscLsc,income,l10n_nl_rgs.account_tag_8012000,0,O.J.C.A
8013100,Overheidsbijdragen,Overheidsbijdragen,8013100,WRevOhbOhb,income,l10n_nl_rgs.account_tag_8013000,0,O.J.D.A
8014100,Lasten verhuur en beheeractiviteiten,Lasten verhuur en beheeractiviteiten,8014100,WRevLvbLvb,income,l10n_nl_rgs.account_tag_8014000,0,O.J.E.A
8015100,Lasten onderhoudsactiviteiten,Lasten onderhoudsactiviteiten,8015100,WRevLoaLoa,income,l10n_nl_rgs.account_tag_8015000,0,O.J.F.A
8016100,Overige directe operationele lasten explotatie bezit,Overige directe operationele lasten explotatie bezit,8016100,WRevOolOol,income,l10n_nl_rgs.account_tag_8016000,0,O.J.G.A
8020100,Omzet verkocht vastgoed in ontwikkeling,Omzet verkocht vastgoed in ontwikkeling,8020100,WRviOvoOvo,income,l10n_nl_rgs.account_tag_8020000,0,O.K.A.A
8021100,Uitgaven verkocht vastgoed in ontwikkeling,Uitgaven verkocht vastgoed in ontwikkeling,8021100,WRviUvvUvv,income,l10n_nl_rgs.account_tag_8021000,0,O.K.B.A
8022100,Toegerekende organisatiekosten verkocht vastgoed in ontwikkeling,Toegerekende organisatiekosten verkocht vastgoed in ontwikkeling,8022100,WRviTokTok,income,l10n_nl_rgs.account_tag_8022000,0,O.K.C.A
8023100,Toegerekende financieringskosten,Toegerekende financieringskosten,8023100,WRviTfkTfk,income,l10n_nl_rgs.account_tag_8023000,0,O.K.D.A
8030100,Verkoopopbrengst vastgoedportefeuille,Verkoopopbrengst vastgoedportefeuille,8030100,WRgrOvpOvp,income,l10n_nl_rgs.account_tag_8030000,0,O.L.A.A
8031100,Toegerekende organisatiekosten verkoop vastgoedportefeuille,Toegerekende organisatiekosten verkoop vastgoedportefeuille,8031100,WRgrTokTok,income,l10n_nl_rgs.account_tag_8031000,0,O.L.B.A
8032100,Boekwaarde verkochte vastgoedportefeuille,Boekwaarde verkochte vastgoedportefeuille,8032100,WRgrRvbLsc,income,l10n_nl_rgs.account_tag_8032000,0,O.L.C.A
8033100,Verkoopkosten,Verkoopkosten,8033100,WRgrDkvVkk,income,l10n_nl_rgs.account_tag_8033000,0,O.L.D.A
8033200,Verkoopbevorderende maatregelen,Verkoopbevorderende maatregelen,8033200,WRgrDkvVbm,income,l10n_nl_rgs.account_tag_8033000,0,O.L.D.B
8033300,Meerwaarde afdracht,Meerwaarde afdracht,8033300,WRgrDkvMaf,income,l10n_nl_rgs.account_tag_8033000,0,O.L.D.C
8040100,Overige waardeveranderingen van vastgoedportefeuille,Overige waardeveranderingen van vastgoedportefeuille,8040100,WWvvOwvOwv,income,l10n_nl_rgs.account_tag_8040000,0,O.M.A.A
8040200,Toegerekende organisatiekosten vastgoed in ontwikkeling t.b.v. verhuur,Toegerekende organisatiekosten vastgoed in ontwikkeling t.b.v. verhuur,8040200,WWvvOwvTok,income,l10n_nl_rgs.account_tag_8040000,0,O.M.A.B
8041100,Niet-gerealiseerde waardeveranderingen van vastgoedportefeuille,Niet-gerealiseerde waardeveranderingen van vastgoedportefeuille,8041100,WWvvNwpNwp,income,l10n_nl_rgs.account_tag_8041000,0,O.M.B.A
8042100,Niet-gerealiseerde waardeveranderingen van vastgoedportefeuille verkocht onder voorwaarden,Niet-gerealiseerde waardeveranderingen van vastgoedportefeuille verkocht onder voorwaarden,8042100,WWvvNwvNwv,income,l10n_nl_rgs.account_tag_8042000,0,O.M.C.A
8043100,Niet-gerealiseerde waardeveranderingen van vastgoedportefeuille bestemd voor verkoop,Niet-gerealiseerde waardeveranderingen van vastgoedportefeuille bestemd voor verkoop,8043100,WWvvNwbNwb,income,l10n_nl_rgs.account_tag_8043000,0,O.M.D.A
8050100,Opbrengsten overige activiteiten,Opbrengsten overige activiteiten,8050100,WNoaOoaOoa,income,l10n_nl_rgs.account_tag_8050000,0,O.N.A.A
8051100,Kosten overige activiteiten,Kosten overige activiteiten,8051100,WNoaKoaKoa,income,l10n_nl_rgs.account_tag_8051000,0,O.N.B.A
8060100,Kosten omtrent leefbaarheid,Kosten omtrent leefbaarheid,8060100,WKolKolLee,income,l10n_nl_rgs.account_tag_8060000,0,O.P.A.A
8080100,Verkoopkosten,Verkoopkosten,8080100,WVkfVkfVkf,income,l10n_nl_rgs.account_tag_8080000,0,O.T.A.A
8090100,Algemene beheerskosten,Algemene beheerskosten,8090100,WAkfAkfAkf,income,l10n_nl_rgs.account_tag_8090000,0,O.U.A.A
8101010,Wijziging in voorraden gereed product,Wijziging in voorraden gereed product,8101010,WWivWgpWgp,income,l10n_nl_rgs.account_tag_8101000,0,P.A.A
8101020,Wijziging in voorraden handelsgoederen,Wijziging in voorraden handelsgoederen,8101020,WWivWgpWhg,income,l10n_nl_rgs.account_tag_8101000,0,P.A.B
8101030,Wijziging in voorraden grond- en hulpstoffen / halffabrikaten),Wijziging in voorraden grond- en hulpstoffen / halffabrikaten),8101030,WWivWgpWgh,income,l10n_nl_rgs.account_tag_8101000,0,P.A.C
8102010,Wijziging in vooraden onderhanden werk,Wijziging in vooraden onderhanden werk,8102010,WWivWowWow,income,l10n_nl_rgs.account_tag_8102000,0,P.B.A
8103010,Wijziging in onderhanden projecten,Wijziging in onderhanden projecten,8103010,WWivWopWop,income,l10n_nl_rgs.account_tag_8103000,0,P.C.A
8104010,Geactiveerde productie voor het eigen bedrijf,Geactiveerde productie voor het eigen bedrijf,8104010,WWivGpvGpe,income,l10n_nl_rgs.account_tag_8104000,0,P.D.A
8104020,Privé gebruik eigen bedrijf,Privé gebruik eigen bedrijf,8104020,WWivGpvPge,income,l10n_nl_rgs.account_tag_8104000,0,P.D.B
8110010,Aanwas fruitopstanden,Aanwas fruitopstanden,8110010,WWivWavAaf,income,l10n_nl_rgs.account_tag_8110000,0,P.E.A
8110020,Aanwas vee,Aanwas vee,8110020,WWivWavAav,income,l10n_nl_rgs.account_tag_8110000,0,P.E.B
8110030,Overige voorraadmutaties,Overige voorraadmutaties,8110030,WWivWavOvv,income,l10n_nl_rgs.account_tag_8110000,0,P.E.C
8120010,Waardeveranderingen van agrarische voorraden,Waardeveranderingen van agrarische voorraden,8120010,WWivWvaWva,income,l10n_nl_rgs.account_tag_8120000,0,P.F.A
8130010,Marge-voorraden,Marge-voorraden,8130010,WWivMrvMrv,income,l10n_nl_rgs.account_tag_8130000,0,P.G.A
8201010,Ontvangen managementvergoeding,Ontvangen managementvergoeding,8201010,WOvbOnmOnm,income,l10n_nl_rgs.account_tag_8201000,0,R.L.A
8202010,Ontvangen doorbelasting personeelskosten,Ontvangen doorbelasting personeelskosten,8202010,WOvbOdpOdp,income,l10n_nl_rgs.account_tag_8202000,0,R.M.A
8203010,Collecten,Collecten,8203010,WOvbBueCol,income,l10n_nl_rgs.account_tag_8203000,0,R.D.A
8203020,Donaties en giften,Donaties en giften,8203020,WOvbBueDeg,income,l10n_nl_rgs.account_tag_8203000,0,R.D.B
8203030,Contributies,Contributies,8203030,WOvbBueCtb,income,l10n_nl_rgs.account_tag_8203000,0,R.D.C
8203040,Sponsoring,Sponsoring,8203040,WOvbBueSpo,income,l10n_nl_rgs.account_tag_8203000,0,R.D.D
8203050,Nalatenschappen,Nalatenschappen,8203050,WOvbBueNal,income,l10n_nl_rgs.account_tag_8203000,0,R.D.E
8203060,Eigen loterijen en prijsvragen,Eigen loterijen en prijsvragen,8203060,WOvbBueEle,income,l10n_nl_rgs.account_tag_8203000,0,R.D.F
8203070,Verkoop goederen,Verkoop goederen,8203070,WOvbBueVeg,income,l10n_nl_rgs.account_tag_8203000,0,R.D.G
8203080,Overige baten uit fondsenwerving,Overige baten uit fondsenwerving,8203080,WOvbBueObu,income,l10n_nl_rgs.account_tag_8203000,0,R.D.H
8204010,Collecten,Collecten,8204010,WOvbBugCol,income,l10n_nl_rgs.account_tag_8204000,0,R.E.A
8204020,Donaties en giften,Donaties en giften,8204020,WOvbBugDeg,income,l10n_nl_rgs.account_tag_8204000,0,R.E.B
8204030,Contributies,Contributies,8204030,WOvbBugCtb,income,l10n_nl_rgs.account_tag_8204000,0,R.E.C
8204040,Sponsoring,Sponsoring,8204040,WOvbBugSpo,income,l10n_nl_rgs.account_tag_8204000,0,R.E.D
8204050,Nalatenschappen,Nalatenschappen,8204050,WOvbBugNal,income,l10n_nl_rgs.account_tag_8204000,0,R.E.E
8204060,Eigen loterijen en prijsvragen,Eigen loterijen en prijsvragen,8204060,WOvbBugEle,income,l10n_nl_rgs.account_tag_8204000,0,R.E.F
8204070,Verkoop goederen,Verkoop goederen,8204070,WOvbBugVeg,income,l10n_nl_rgs.account_tag_8204000,0,R.E.G
8204080,Overige baten uit fondsenwerving,Overige baten uit fondsenwerving,8204080,WOvbBugObu,income,l10n_nl_rgs.account_tag_8204000,0,R.E.H
8205010,Collecten,Collecten,8205010,WOvbBuaCol,income,l10n_nl_rgs.account_tag_8205000,0,R.F.A
8205020,Donaties en giften,Donaties en giften,8205020,WOvbBuaDeg,income,l10n_nl_rgs.account_tag_8205000,0,R.F.B
8205030,Contributies,Contributies,8205030,WOvbBuaCtb,income,l10n_nl_rgs.account_tag_8205000,0,R.F.C
8205040,Sponsoring,Sponsoring,8205040,WOvbBuaSpo,income,l10n_nl_rgs.account_tag_8205000,0,R.F.D
8205050,Nalatenschappen,Nalatenschappen,8205050,WOvbBuaNal,income,l10n_nl_rgs.account_tag_8205000,0,R.F.E
8205060,Eigen loterijen en prijsvragen,Eigen loterijen en prijsvragen,8205060,WOvbBuaEle,income,l10n_nl_rgs.account_tag_8205000,0,R.F.F
8205070,Verkoop goederen,Verkoop goederen,8205070,WOvbBuaVeg,income,l10n_nl_rgs.account_tag_8205000,0,R.F.G
8205080,Overige baten uit fondsenwerving,Overige baten uit fondsenwerving,8205080,WOvbBuaObu,income,l10n_nl_rgs.account_tag_8205000,0,R.F.H
8206010,Uitkering bedrijfsschadeverzekering,Uitkering bedrijfsschadeverzekering,8206010,WOvbVezUib,income,l10n_nl_rgs.account_tag_8206000,0,R.O.A
8206020,Overige verzekeringsuitkeringen,Overige verzekeringsuitkeringen,8206020,WOvbVezOvu,income,l10n_nl_rgs.account_tag_8206000,0,R.O.B
8207010,Overheidssubsidies exclusief loonkostensubsidies,Overheidssubsidies exclusief loonkostensubsidies,8207010,WOvbOrsOel,income,l10n_nl_rgs.account_tag_8207000,0,R.B.A
8207015,Ontvangen restituties en subsidies,Ontvangen restituties en subsidies,8207015,WOvbOrsOre,income,l10n_nl_rgs.account_tag_8207000,0,R.B.B
8207050,Overige ontvangen subsidies,Overige ontvangen subsidies,8207050,WOvbOrsOsu,income,l10n_nl_rgs.account_tag_8207000,0,R.B.C
8208010,Huurontvangsten,Huurontvangsten,8208010,WOvbHuoHuo,income,l10n_nl_rgs.account_tag_8208000,0,R.G.A
8209010,Opbrengsten servicecontracten,Opbrengsten servicecontracten,8209010,WOvbOpsOps,income,l10n_nl_rgs.account_tag_8209000,0,R.H.A
8210010,Netto verkoopresultaat vastgoedportefeuille,Netto verkoopresultaat vastgoedportefeuille,8210010,WOvbNvvNvv,income,l10n_nl_rgs.account_tag_8210000,0,R.J.A
8211010,"College-, cursus-, les- en examengelden","College-, cursus-, les- en examengelden",8211010,WOvbCclCcl,income,l10n_nl_rgs.account_tag_8211000,0,R.I.A
8212010,Baten werk in opdracht van derden,Baten werk in opdracht van derden,8212010,WOvbBwiBwi,income,l10n_nl_rgs.account_tag_8212000,0,R.K.A
8213010,Overige opbrengsten niet elders genoemd,Overige opbrengsten niet elders genoemd,8213010,WOvbOvoOvo,income,l10n_nl_rgs.account_tag_8213000,0,R.N.A
8214100,Bijdragen van donateurs,Bijdragen van donateurs,8214100,WOvbSgbBvd,income,l10n_nl_rgs.account_tag_8214000,0,R.P.A
8214200,Bijdragen van leden,Bijdragen van leden,8214200,WOvbSgbBvl,income,l10n_nl_rgs.account_tag_8214000,0,R.P.B
8214300,Baten van particulieren,Baten van particulieren,8214300,WOvbSgbBvp,income,l10n_nl_rgs.account_tag_8214000,0,R.P.C
8214400,Baten van bedrijfsleven,Baten van bedrijfsleven,8214400,WOvbSgbBvb,income,l10n_nl_rgs.account_tag_8214000,0,R.P.D
8214500,Baten van loterijorganisaties,Baten van loterijorganisaties,8214500,WOvbSgbBlo,income,l10n_nl_rgs.account_tag_8214000,0,R.P.E
8214600,Baten van subsidies van overheden,Baten van subsidies van overheden,8214600,WOvbSgbBso,income,l10n_nl_rgs.account_tag_8214000,0,R.P.F
8214700,Baten van verbonden organisaties zonder winststreven,Baten van verbonden organisaties zonder winststreven,8214700,WOvbSgbBvo,income,l10n_nl_rgs.account_tag_8214000,0,R.P.G
8214800,Baten van andere organisaties zonder winststreven,Baten van andere organisaties zonder winststreven,8214800,WOvbSgbBao,income,l10n_nl_rgs.account_tag_8214000,0,R.P.H
8214900,Andere baten,Andere baten,8214900,WOvbSgbAnb,income,l10n_nl_rgs.account_tag_8214000,0,R.P.X
8215010,Baten als tegenprestatie voor de levering van producten en/of diensten,Baten als tegenprestatie voor de levering van producten en/of diensten,8215010,WOvbLpdLpd,income,l10n_nl_rgs.account_tag_8215000,0,R.A.A
8216010,Sponsorbijdragen,Sponsorbijdragen,8216010,WOvbSpdSpd,income,l10n_nl_rgs.account_tag_8216000,0,R.C.A
8218910,Exploitatiesubsidies,Exploitatiesubsidies,8218910,WOvbEsuEsu,income,l10n_nl_rgs.account_tag_8218900,0,R.Q.A
8219000_01,Doorberekening overige bedrijfsopbrengsten netto resultaat exploitatie vastgoedportefeuille,Doorberekening overige bedrijfsopbrengsten exploitatie,8219000.01,WOvbDobEvp,income,l10n_nl_rgs.account_tag_8219000,0,R.Z.A010
8219000_02,Doorberekening overige bedrijfsopbrengsten netto resultaat verkocht vastgoed in ontwikkeling,Doorberekening overige bedrijfsopbrengsten in ontwikkeling,8219000.02,WOvbDobVvo,income,l10n_nl_rgs.account_tag_8219000,0,R.Z.A020
8219000_03,Doorberekening overige bedrijfsopbrengsten netto gerealiseerd resultaat verkoop vastgoedportefeuille,Doorberekening overige bedrijfsopbrengsten verkoop,8219000.03,WOvbDobGrv,income,l10n_nl_rgs.account_tag_8219000,0,R.Z.A030
8219000_04,Doorberekening overige bedrijfsopbrengsten waardeveranderingen vastgoedportefeuille,Doorberekening overige bedrijfsopbrengsten waardeverandering,8219000.04,WOvbDobWvp,income,l10n_nl_rgs.account_tag_8219000,0,R.Z.A040
8219000_05,Doorberekening overige bedrijfsopbrengsten netto resultaat overige activiteiten,Doorberekening overige bedrijfsopbrengsten overige activiteiten,8219000.05,WOvbDobOac,income,l10n_nl_rgs.account_tag_8219000,0,R.Z.A050
8219000_06,Doorberekening overige bedrijfsopbrengsten kosten leefbaarheid,Doorberekening overige bedrijfsopbrengsten leefbaarheid,8219000.06,WOvbDobLbh,income,l10n_nl_rgs.account_tag_8219000,0,R.Z.A060
8301010,Vrijval uit herwaarderingsreserve,Vrijval uit herwaarderingsreserve,8301010,WVheVuhVuh,expense,l10n_nl_rgs.account_tag_8301000,0,Y.A.A
8302010,Vrijval egalisatierekening IPR,Vrijval egalisatierekening IPR,8302010,WVheVeiVei,expense,l10n_nl_rgs.account_tag_8302000,0,Y.B.A
8303010,Vrijval overige egalisatierekeningen,Vrijval overige egalisatierekeningen,8303010,WVheVoeVoe,expense,l10n_nl_rgs.account_tag_8303000,0,Y.C.A
8401010,Rentebaten vorderingen groepsmaatschappijen binnenland,Rentebaten vorderingen groepsmaatschappijen binnenland,8401010,WOvtRofRig,expense,l10n_nl_rgs.account_tag_8401000,0,X.A.A
8401020,Rentebaten vorderingen groepsmaatschappijen buitenland,Rentebaten vorderingen groepsmaatschappijen buitenland,8401020,WOvtRofRug,expense,l10n_nl_rgs.account_tag_8401000,0,X.A.B
8401030,Rentebaten vorderingen participanten en overige deelnemingen,Rentebaten vorderingen participanten en overige deelnemingen,8401030,WOvtRofRvp,expense,l10n_nl_rgs.account_tag_8401000,0,X.A.C
8401031,Rentebaten vorderingen overige verbonden maatschappijen binnenland,Rentebaten vorderingen overige verbonden maatschappijen binnenland,8401031,WOvtRofRvi,expense,l10n_nl_rgs.account_tag_8401000,0,X.A.D
8401032,Rentebaten vorderingen overige verbonden maatschappijen buitenland,Rentebaten vorderingen overige verbonden maatschappijen buitenland,8401032,WOvtRofRvu,expense,l10n_nl_rgs.account_tag_8401000,0,X.A.E
8401040,Rentebaten vorderingen op deelnemingen binnenland,Rentebaten vorderingen op deelnemingen binnenland,8401040,WOvtRofRid,expense,l10n_nl_rgs.account_tag_8401000,0,X.A.F
8401050,Rentebaten vorderingen op deelnemingen buitenland,Rentebaten vorderingen op deelnemingen buitenland,8401050,WOvtRofRud,expense,l10n_nl_rgs.account_tag_8401000,0,X.A.G
8401060,Rentebaten vorderingen op aandeelhouders,Rentebaten vorderingen op aandeelhouders,8401060,WOvtRofRva,expense,l10n_nl_rgs.account_tag_8401000,0,X.A.H
8401070,Rentebaten vorderingen op directie,Rentebaten vorderingen op directie,8401070,WOvtRofRvd,expense,l10n_nl_rgs.account_tag_8401000,0,X.A.I
8401080,Rentebaten overige vorderingen opbrengst van vorderingen die tot de vaste activa behoren en van effecten,Rentebaten overige vorderingen,8401080,WOvtRofRov,expense,l10n_nl_rgs.account_tag_8401000,0,X.A.J
8401090,Dividend effecten,Dividend effecten,8401090,WOvtRofDiv,expense,l10n_nl_rgs.account_tag_8401000,0,X.A.K
8401100,Opbrengst overige effecten ,Opbrengst overige effecten,8401100,WOvtRofOoe,expense,l10n_nl_rgs.account_tag_8401000,0,X.A.L
8401110,Rentebaten overige rekeningen-courant,Rentebaten overige rekeningen-courant,8401110,WOvtRofRor,expense,l10n_nl_rgs.account_tag_8401000,0,X.A.M
8402010,Rentebaten depositorekeningen,Rentebaten depositorekeningen,8402010,WFbeRlmOdr,expense,l10n_nl_rgs.account_tag_8402000,0,Z.02.A080
8402020,Rentebaten bankrekeningen,Rentebaten bankrekeningen,8402020,WFbeRlmObr,expense,l10n_nl_rgs.account_tag_8402000,0,Z.02.A090
8402030,Rentebaten vorderingen groepsmaatschappijen binnenland,Rentebaten vorderingen groepsmaatschappijen binnenland,8402030,WFbeRlmRgi,expense,l10n_nl_rgs.account_tag_8402000,0,Z.02.A010
8402040,Rentebaten vorderingen groepsmaatschappijen buitenland,Rentebaten vorderingen groepsmaatschappijen buitenland,8402040,WFbeRlmRgu,expense,l10n_nl_rgs.account_tag_8402000,0,Z.02.A020
8402050,Rentebaten vorderingen overige verbonden maatschappijen binnenland,Rentebaten vorderingen overige verbonden maatschappijen binnenland,8402050,WFbeRlmRmi,expense,l10n_nl_rgs.account_tag_8402000,0,Z.02.A030
8402060,Rentebaten vorderingen overige verbonden maatschappijen buitenland,Rentebaten vorderingen overige verbonden maatschappijen buitenland,8402060,WFbeRlmRmu,expense,l10n_nl_rgs.account_tag_8402000,0,Z.02.A040
8402070,Rentebaten vorderingen deelnemingen binnenland,Rentebaten vorderingen deelnemingen binnenland,8402070,WFbeRlmRdi,expense,l10n_nl_rgs.account_tag_8402000,0,Z.02.A050
8402080,Rentebaten vorderingen deelnemingen buitenland,Rentebaten vorderingen deelnemingen buitenland,8402080,WFbeRlmRdu,expense,l10n_nl_rgs.account_tag_8402000,0,Z.02.A060
8402090,Rentebaten vorderingen op aandeelhouders,Rentebaten vorderingen op aandeelhouders,8402090,WFbeRlmRva,expense,l10n_nl_rgs.account_tag_8402000,0,Z.02.A100
8402095,Rentebaten vorderingen op firmanten,Rentebaten vorderingen op firmanten,8402095,WFbeRlmRvf,expense,l10n_nl_rgs.account_tag_8402000,0,Z.02.A105
8402100,Rentebaten rekeningen-courant bestuurders rentebaten en soortgelijke opbrengsten,Rentebaten rekeningen-courant bestuurders,8402100,WFbeRlmRrb,expense,l10n_nl_rgs.account_tag_8402000,0,Z.02.A110
8402105,Rentebaten rekeningen-courant commissarissen rentebaten en soortgelijke opbrengsten,Rentebaten rekeningen-courant commissarissen,8402105,WFbeRlmRrc,expense,l10n_nl_rgs.account_tag_8402000,0,Z.02.A115
8402110,Rente liquide middelen rentebaten en soortgelijke opbrengsten,Rente liquide middelen,8402110,WFbeRlmRlm,expense,l10n_nl_rgs.account_tag_8402000,0,Z.02.A070
8402120,Rentebaten interne lening,Rentebaten interne lening,8402120,WFbeRlmRil,expense,l10n_nl_rgs.account_tag_8402000,0,Z.02.A125
8402130,Rentebaten kasgeld,Rentebaten kasgeld,8402130,WFbeRlmKgd,expense,l10n_nl_rgs.account_tag_8402000,0,Z.02.A130
8402140,Rente baten collateral,Rente baten collateral,8402140,WFbeRlmCol,expense,l10n_nl_rgs.account_tag_8402000,0,Z.02.A140
8402150,Rentebaten CFV,Rentebaten CFV,8402150,WFbeRlmCfv,expense,l10n_nl_rgs.account_tag_8402000,0,Z.02.A150
8402190,Rentebaten incasso,Rentebaten incasso,8402190,WFbeRlmInc,expense,l10n_nl_rgs.account_tag_8402000,0,Z.02.A200
8402200,Marktwaardecorrectie van de vastrentende lening,Marktwaardecorrectie van de vastrentende lening,8402200,WFbeRlmMvl,expense,l10n_nl_rgs.account_tag_8402000,0,Z.02.A210
8403010,Rentebaten belastingen rentebaten en soortgelijke opbrengsten,Rentebaten belastingen,8403010,WFbeRlmRbb,expense,l10n_nl_rgs.account_tag_8402000,0,Z.02.A120
8403020,Overige rentebaten rentebaten en soortgelijke opbrengsten,Overige rentebaten,8403020,WFbeRlmAre,expense,l10n_nl_rgs.account_tag_8402000,0,Z.02.A190
8403030,Kwijtscheldingswinst,Kwijtscheldingswinst,8403030,WFbeRlmKsw,expense,l10n_nl_rgs.account_tag_8402000,0,Z.02.A180
8404010,Rentelasten achtergestelde leningen,Rentelasten achtergestelde leningen,8404010,WFbeRlsRal,expense,l10n_nl_rgs.account_tag_8404000,0,Z.02.B010
8404015,Rentelasten converteerbare leningen,Rentelasten converteerbare leningen,8404015,WFbeRlsRcl,expense,l10n_nl_rgs.account_tag_8404000,0,Z.02.B015
8404020,Rentelasten obligatieleningen,Rentelasten obligatieleningen,8404020,WFbeRlsRob,expense,l10n_nl_rgs.account_tag_8404000,0,Z.02.B020
8404030,Rentelasten onderhandse leningen,Rentelasten onderhandse leningen,8404030,WFbeRlsRol,expense,l10n_nl_rgs.account_tag_8404000,0,Z.02.B030
8404040,Rentelasten hypethecaire leningen,Rentelasten hypethecaire leningen,8404040,WFbeRlsRhl,expense,l10n_nl_rgs.account_tag_8404000,0,Z.02.B040
8404050,Rentelasten overige leningen,Rentelasten overige leningen,8404050,WFbeRlsRle,expense,l10n_nl_rgs.account_tag_8404000,0,Z.02.B050
8404060,Rentelasten financieringen,Rentelasten financieringen,8404060,WFbeRlsRef,expense,l10n_nl_rgs.account_tag_8404000,0,Z.02.B060
8404065,Rentelasten  kredietinstellingen,Rentelasten  kredietinstellingen,8404065,WFbeRlsRlk,expense,l10n_nl_rgs.account_tag_8404000,0,Z.02.B065
8404070,Rentelasten leaseverplichtingen,Rentelasten leaseverplichtingen,8404070,WFbeRlsRlv,expense,l10n_nl_rgs.account_tag_8404000,0,Z.02.B070
8404075,Rentelasten overheid,Rentelasten overheid,8404075,WFbeRlsRlo,expense,l10n_nl_rgs.account_tag_8404000,0,Z.02.B075
8404080,Rentelasten schulden groepsmaatschappijen binnenland,Rentelasten schulden groepsmaatschappijen binnenland,8404080,WFbeRlsRgi,expense,l10n_nl_rgs.account_tag_8404000,0,Z.02.B080
8404090,Rentelasten schulden groepsmaatschappijen buitenland,Rentelasten schulden groepsmaatschappijen buitenland,8404090,WFbeRlsRgu,expense,l10n_nl_rgs.account_tag_8404000,0,Z.02.B090
8404110,Rentelasten schulden op deelnemingen binnenland,Rentelasten schulden op deelnemingen binnenland,8404110,WFbeRlsRdi,expense,l10n_nl_rgs.account_tag_8404000,0,Z.02.B130
8404120,Rentelasten schulden op deelnemingen buitenland,Rentelasten schulden op deelnemingen buitenland,8404120,WFbeRlsRdu,expense,l10n_nl_rgs.account_tag_8404000,0,Z.02.B140
8404130,Rentelasten schulden aan aandeelhouders,Rentelasten schulden aan aandeelhouders,8404130,WFbeRlsRsa,expense,l10n_nl_rgs.account_tag_8404000,0,Z.02.B150
8404135,Rentelasten schulden aan firmanten,Rentelasten schulden aan firmanten,8404135,WFbeRlsRsf,expense,l10n_nl_rgs.account_tag_8404000,0,Z.02.B155
8404140,Rentelasten schulden aan bestuurders,Rentelasten schulden aan bestuurders,8404140,WFbeRlsRsd,expense,l10n_nl_rgs.account_tag_8404000,0,Z.02.B160
8404145,Rentelasten schulden aan commissarissenn,Rentelasten schulden aan commissarissen,8404145,WFbeRlsRsc,expense,l10n_nl_rgs.account_tag_8404000,0,Z.02.B170
8404150,Rentelasten schulden overige verbonden maatschappijen binnenland,Rentelasten schulden overige verbonden maatschappijen binnenland,8404150,WFbeRlsRmi,expense,l10n_nl_rgs.account_tag_8404000,0,Z.02.B100
8404160,Rentelasten schulden overige verbonden maatschappijen buitenland,Rentelasten schulden overige verbonden maatschappijen buitenland,8404160,WFbeRlsRmu,expense,l10n_nl_rgs.account_tag_8404000,0,Z.02.B110
8404190,Rentelasten interne lening,Rentelasten interne lening,8404190,WFbeRlsRil,expense,l10n_nl_rgs.account_tag_8404000,0,Z.02.B190
8404200,Rente payerswaps,Rente payerswaps,8404200,WFbeRlsRps,expense,l10n_nl_rgs.account_tag_8404000,0,Z.02.B200
8404210,Nog toe te rekenen hedgeresultaat renteswaps,Nog toe te rekenen hedgeresultaat renteswaps,8404210,WFbeRlsNhr,expense,l10n_nl_rgs.account_tag_8404000,0,Z.02.B210
8405004,Bijzondere waardeverminderingen van financiële vaste activa,Bijzondere waardeverminderingen van financiële vaste activa,8405004,WWfaBwvFva,expense,l10n_nl_rgs.account_tag_8405000,0,Z.01.A
8405050,Bijzondere waardeverminderingen van effecten,Bijzondere waardeverminderingen van effecten,8405050,WWfaBwvOef,expense,l10n_nl_rgs.account_tag_8405000,0,Z.01.A080
8405080,Bijzondere waardestijgingen van effecten,Bijzondere waardestijgingen van effecten,8405080,WWfaBwvWse,expense,l10n_nl_rgs.account_tag_8405000,0,Z.01.A075
8405100,Terugneming van bijzondere waardeverminderingen van financiële vaste activa,Terugneming van bijzondere waardeverminderingen van financiële vaste activa,8405100,WWfaBwvTwf,expense,l10n_nl_rgs.account_tag_8405000,0,Z.01.A090
8405110,Terugneming van bijzondere waardeverminderingen van effecten,Terugneming van bijzondere waardeverminderingen van effecten,8405110,WWfaBwvTwe,expense,l10n_nl_rgs.account_tag_8405000,0,Z.01.A100
8405120,Verkoopopbrengst vastgoedportefeuille Verkoop Onder Voorwaarden,Verkoopopbrengst vastgoedportefeuille VOV,8405120,WWfaBwvOvp,expense,l10n_nl_rgs.account_tag_8405000,0,Z.01.A110
8405130,Toegerekende organisatiekosten,Toegerekende organisatiekosten VOV,8405130,WWfaBwvTok,expense,l10n_nl_rgs.account_tag_8405000,0,Z.01.A120
8405131,Boekwaarde verkochte vastgoedportefeuille,Boekwaarde verkochte vastgoedportefeuille VOV,8405131,WWfaBwvLsc,expense,l10n_nl_rgs.account_tag_8405000,0,Z.01.A130
8405132,"Verkoopkosten (makelaar, notaris e.d.)",Verkoopkosten VOV,8405132,WWfaBwvVvk,expense,l10n_nl_rgs.account_tag_8405000,0,Z.01.A140
8405133,Verkoopbevorderende maatregelen,Verkoopbevorderende maatregelen VOV,8405133,WWfaBwvVbm,expense,l10n_nl_rgs.account_tag_8405000,0,Z.01.A150
8406010,Rentelasten pensioenverplichtingen,Rentelasten pensioenverplichtingen,8406010,WFbeOrlRpe,expense,l10n_nl_rgs.account_tag_8406000,0,Z.02.C010
8406020,Rentelasten lijfrenteverplichtingen,Rentelasten lijfrenteverplichtingen,8406020,WFbeOrlRli,expense,l10n_nl_rgs.account_tag_8406000,0,Z.02.C020
8406030,Rentelasten belastingen,Rentelasten belastingen,8406030,WFbeOrlRlb,expense,l10n_nl_rgs.account_tag_8406000,0,Z.02.C030
8406040,Rentelasten overige schulden rentelasten en soortgelijke kosten,Rentelasten overige schulden,8406040,WFbeOrlRos,expense,l10n_nl_rgs.account_tag_8406000,0,Z.02.C040
8406050,Rente en kosten bank,Rente en kosten bank,8406050,WFbeOrlRkb,expense,l10n_nl_rgs.account_tag_8406000,0,Z.02.C050
8406060,Rente waarborgsommen,Rente waarborgsommen,8406060,WFbeOrlWbs,expense,l10n_nl_rgs.account_tag_8406000,0,Z.02.C060
8406070,Rente disagio,Rente disagio,8406070,WFbeOrlRld,expense,l10n_nl_rgs.account_tag_8406000,0,Z.02.C070
8406080,Rentelasten steun,Rentelasten steun,8406080,WFbeOrlRls,expense,l10n_nl_rgs.account_tag_8406000,0,Z.02.C080
8406090,Overige rentelasten,Overige rentelasten,8406090,WFbeOrlOrl,expense,l10n_nl_rgs.account_tag_8406000,0,Z.02.C090
8406100,Borgstellingsvergoeding WSW,Borgstellingsvergoeding WSW,8406100,WFbeOrlWsw,expense,l10n_nl_rgs.account_tag_8406000,0,Z.02.C100
8406110,Bereidstellingsprovisie Obligolening WSW,Bereidstellingsprovisie Obligolening WSW,8406110,WFbeOrlObl,expense,l10n_nl_rgs.account_tag_8406000,0,Z.02.C110
8407010,Valutakoersverschillen winst,Valutakoersverschillen rentelasten en soortgelijke kosten,8407010,WFbeWisWis,expense,l10n_nl_rgs.account_tag_8407000,0,Z.02.D020
8408010,Kosten van beleggingen,Kosten van beleggingen,8408010,WFbeKvbKvb,expense,l10n_nl_rgs.account_tag_8408000,0,Z.02.E020
8409010,Kosten van beheer en administratie,Kosten van beheer en administratie,8409010,WFbeKbaKba,expense,l10n_nl_rgs.account_tag_8409000,0,Z.02.F020
8410010,Resultaat deelnemingen (dividend),Resultaat deelnemingen (dividend),8410010,WRedAirAwd,income_other,l10n_nl_rgs.account_tag_8410000,0,Z.04.A010
8410015,Aandeel in winst (verlies) van deelnemingen in groepsmaatschappijen,Aandeel in winst (verlies) van deelnemingen in groepsmaatschappijen,8410015,WRedAirGrp,income_other,l10n_nl_rgs.account_tag_8410000,0,Z.04.A020
8410016,Aandeel in winst (verlies) van overige deelnemingen,Aandeel in winst (verlies) van overige deelnemingen,8410016,WRedAirOvd,income_other,l10n_nl_rgs.account_tag_8410000,0,Z.04.A030
8410020,Dotatie voorziening in verband met deelnemingen,Dotatie voorziening in verband met deelnemingen,8410020,WRedAirDvn,income_other,l10n_nl_rgs.account_tag_8410000,0,Z.04.A040
8410030,Vrijval voorziening in verband met deelnemingen,Vrijval voorziening in verband met deelnemingen,8410030,WRedAirVvi,income_other,l10n_nl_rgs.account_tag_8410000,0,Z.04.A050
8410040,Aandeel in winst (verlies) bestuurders,Aandeel in winst (verlies) bestuurders,8410040,WRedAirAwb,income_other,l10n_nl_rgs.account_tag_8410000,0,Z.04.A060
8420010,Resultaat deelnemingen (dividend) - vrijstelling,Resultaat deelnemingen (dividend) - vrijstelling,8420010,WRedArvAwd,income_other,l10n_nl_rgs.account_tag_8420000,0,Z.04.B010
8420015,Aandeel in winst (verlies) van deelnemingen in groepsmaatschappijen - vrijstelling,Aandeel in winst (verlies) van deelnemingen in groepsmaatschappijen - vrijstelling,8420015,WRedArvGrp,income_other,l10n_nl_rgs.account_tag_8420000,0,Z.04.B020
8420016,Aandeel in winst (verlies) van overige deelnemingen - vrijstelling,Aandeel in winst (verlies) van overige deelnemingen - vrijstelling,8420016,WRedArvOvd,income_other,l10n_nl_rgs.account_tag_8420000,0,Z.04.B030
8420020,Dotatie voorziening in verband met deelnemingen - vrijstelling,Dotatie voorziening in verband met deelnemingen - vrijstelling,8420020,WRedArvDvn,income_other,l10n_nl_rgs.account_tag_8420000,0,Z.04.B040
8420030,Vrijval voorziening in verband met deelnemingen - vrijstelling,Vrijval voorziening in verband met deelnemingen - vrijstelling,8420030,WRedArvVvi,income_other,l10n_nl_rgs.account_tag_8420000,0,Z.04.B050
8420040,Aandeel in winst (verlies) bestuurders - vrijstelling,Aandeel in winst (verlies) bestuurders - vrijstelling,8420040,WRedArvAwb,expense,l10n_nl_rgs.account_tag_8420000,0,Z.04.B060
8497010,Opbrengsten uit niet op netto-vermogenswaarde e.d. gewaardeerde deelnemingen,Opbrengsten uit niet op netto-vermogenswaarde e.d. gewaardeerde deelnemingen,8497010,WFbeOnnOnn,expense,l10n_nl_rgs.account_tag_8497000,0,Z.02.G010
8498010,Waardeveranderingen van niet op netto-vermogenswaarde e.d. gewaardeerde deelnemingen,Waardeveranderingen van niet op netto-vermogenswaarde e.d. gewaardeerde deelnemingen,8498010,WFbeWnnWnn,expense,l10n_nl_rgs.account_tag_8498000,0,Z.02.H010
8499010,Doorberekende financiële baten,Doorberekende financiële baten,8499010,WFbeDfbDrb,expense,l10n_nl_rgs.account_tag_8499000,0,Z.02.N010
8499020,Doorberekende financiële lasten,Doorberekende financiële lasten,8499020,WFbeDfbDrl,expense,l10n_nl_rgs.account_tag_8499000,0,Z.02.N020
8499030,Doorberekende overige financiële baten en lasten,Doorberekende overige financiële baten en lasten,8499030,WFbeDfbDof,expense,l10n_nl_rgs.account_tag_8499000,0,Z.02.N030
8500010,Mutatie marktwaarde derivaten,Mutatie marktwaarde derivaten,8500010,WFbeDerMmd,expense,l10n_nl_rgs.account_tag_8500000,0,Z.02.I010
8500020,Mutatie amortisatie leningen,Mutatie amortisatie leningen,8500020,WFbeDerMal,expense,l10n_nl_rgs.account_tag_8500000,0,Z.02.I020
8500030,Mutatie marktwaarde embedded derivaten,Mutatie marktwaarde embedded derivaten,8500030,WFbeDerMme,expense,l10n_nl_rgs.account_tag_8500000,0,Z.02.I030
8500040,Mutatie amortisatie embedded leningen,Mutatie amortisatie embedded leningen,8500040,WFbeDerMae,expense,l10n_nl_rgs.account_tag_8500000,0,Z.02.I040
8510100,Positieve verschil tussen het ontvangen bedrag en de bij het aangaan van de lening als schuld erkende hoofdsom,Positieve verschil tussen het ontvangen bedrag en de bij het aangaan van de lening als schuld erkende hoofdsom,8510100,WFbePolPol,expense,l10n_nl_rgs.account_tag_8510000,0,Z.02.J010
8511100,Positieve herwaarderingen van puttable financiële instrumenten,Positieve herwaarderingen van puttable financiële instrumenten,8511100,WFbePhpPhp,expense,l10n_nl_rgs.account_tag_8511000,0,Z.02.K010
8512100,(Amortisatie van) agio en disagio,(Amortisatie van) agio en disagio,8512100,WFbeAadAad,expense,l10n_nl_rgs.account_tag_8512000,0,Z.02.L010
8513100,Negatieve verschil tussen het ontvangen bedrag en de bij het aangaan van de lening als schuld erkende hoofdsom,Negatieve verschil tussen het ontvangen bedrag en de bij het aangaan van de lening als schuld erkende hoofdsom,8513100,WFbeNolNol,expense,l10n_nl_rgs.account_tag_8513000,0,Z.02.M010
8514100,Negatieve herwaarderingen van puttable financiële instrumenten,Negatieve herwaarderingen van puttable financiële instrumenten,8514100,WFbeNhpNhp,expense,l10n_nl_rgs.account_tag_8514000,0,Z.02.O010
8515100,Aflossingspremies,Aflossingspremies,8515100,WFbeAlpAlp,expense,l10n_nl_rgs.account_tag_8515000,0,Z.02.P010
8516100,Emissiekosten,Emissiekosten,8516100,WFbeEmkEmk,expense,l10n_nl_rgs.account_tag_8516000,0,Z.02.Q010
8517100,Kosten bij vervroegde aflossing (eenmalig),Kosten bij vervroegde aflossing (eenmalig),8517100,WFbeKvaKva,expense,l10n_nl_rgs.account_tag_8517000,0,Z.02.R010
8518100,Bijkomende kosten ter afsluiting van een financiering,Bijkomende kosten ter afsluiting van een financiering,8518100,WFbeBkfBkf,expense,l10n_nl_rgs.account_tag_8518000,0,Z.02.S010
8519100,Valutaverschillen op leningen voor zover zij als een correctie van de verschuldigde rentekosten kunnen worden aangemerkt,Valutaverschillen op leningen voor zover zij als een correctie van de verschuldigde rentekosten kunnen worden aangemerkt,8519100,WFbeVlrVlr,expense,l10n_nl_rgs.account_tag_8519000,0,Z.02.T010
8520100,Rentekosten begrepen in de leasetermijn in geval van financiële leasing,Rentekosten begrepen in de leasetermijn in geval van financiële leasing,8520100,WFbeRflRfl,expense,l10n_nl_rgs.account_tag_8520000,0,Z.02.U010
9001010,Resultaat aandeel van derden,Resultaat aandeel van derden,9001010,WAadRavRav,expense,l10n_nl_rgs.account_tag_9001000,0,Z.07.A010
9001110,Ledenbetalingen (inclusief reeds betaalde voorschotten),Ledenbetalingen (inclusief reeds betaalde voorschotten),9001110,WLbeLbvLbv,expense,l10n_nl_rgs.account_tag_9001100,0,Z.06.A010
9101005,Latente belastingen,Latente belastingen,9101005,WBelBgrLab,expense,l10n_nl_rgs.account_tag_9101000,0,Z.03.A010
9101006,Dotatie voorziening voor latente belastingen,Dotatie voorziening voor latente belastingen,9101006,WBelBgrDlb,expense,l10n_nl_rgs.account_tag_9101000,0,Z.03.A015
9101007,Vrijval voorziening voor latente belastingen,Vrijval voorziening voor latente belastingen,9101007,WBelBgrVlb,expense,l10n_nl_rgs.account_tag_9101000,0,Z.03.A020
9101010,Belastingen uit huidig boekjaar,Belastingen uit huidig boekjaar,9101010,WBelBgrBgr,expense,l10n_nl_rgs.account_tag_9101000,0,Z.03.A030
9101020,Belastingen uit voorgaande boekjaren,Belastingen uit voorgaande boekjaren,9101020,WBelBgrBuv,expense,l10n_nl_rgs.account_tag_9101000,0,Z.03.A040
9101025,Waardevermindering van latente belastingvorderingen,Waardevermindering van latente belastingvorderingen,9101025,WBelBgrWlb,expense,l10n_nl_rgs.account_tag_9101000,0,Z.03.A045
9101030,Overige belastingen,Overige belastingen,9101030,WBelBgrOvb,expense,l10n_nl_rgs.account_tag_9101000,0,Z.03.A050
9104010,Mutatie fiscale oudedagsreserve,Mutatie fiscale oudedagsreserve,9104010,WMfoBelMfo,expense,l10n_nl_rgs.account_tag_9104000,0,Z.09.A010
9999010,Netto resultaat na belastingen (B.V.),Netto resultaat na belastingen (B.V.),9999010,WNerNewNew,expense,l10n_nl_rgs.account_tag_9999000,0,Z.08.A010
9999110,Netto resultaat (EZ-VOF),Netto resultaat (EZ-VOF),9999110,WNerKapKap,expense,l10n_nl_rgs.account_tag_9999100,0,Z.08.B010
pay,Handelscrediteuren nominaal schulden aan leveranciers en handelskredieten,Handelscrediteuren nominaal,1203010,BSchCreHac,liability_payable,l10n_nl_rgs.account_tag_1203000,1,M.D.A
recv,Handelsdebiteuren nominaal,Handelsdebiteuren nominaal,1101010,BVorDebHad,asset_receivable,l10n_nl_rgs.account_tag_1101000,1,G.A.010
vat_payable_0,Af te dragen BTW overige tarieven,Te betalen Omzetbelasting,1205010.02,BSchBepBtw,liability_current,l10n_nl_rgs.account_tag_1205009,0,M.K.A
vat_payable_0_d,Af te dragen BTW overige tarieven diensten,Te betalen Omzetbelasting,1205010.42,BSchBepBtw,liability_current,l10n_nl_rgs.account_tag_1205009,0,M.K.A
vat_payable_0_d_eu,Af te dragen BTW overige tarieven binnen de EU diensten,Te betalen EU omzetbelasting,1205020.78,BSchBepEob,liability_current,l10n_nl_rgs.account_tag_1205009,0,M.K.A200
vat_payable_0_d_non_eu,Af te dragen BTW overige tarieven buiten de EU diensten,Te betalen Omzetbelasting,1205010.75,BSchBepBtw,liability_current,l10n_nl_rgs.account_tag_1205009,0,M.K.A
vat_payable_0_eu,Af te dragen BTW overige tarieven binnen de EU,Te betalen EU omzetbelasting,1205020.18,BSchBepEob,liability_current,l10n_nl_rgs.account_tag_1205009,0,M.K.A200
vat_payable_0_non_eu,Af te dragen BTW overige tarieven buiten de EU,Te betalen Omzetbelasting,1205010.15,BSchBepBtw,liability_current,l10n_nl_rgs.account_tag_1205009,0,M.K.A
vat_payable_h,Af te dragen BTW hoog tarief,Te betalen Omzetbelasting,1205010,BSchBepBtw,liability_current,l10n_nl_rgs.account_tag_1205009,0,M.K.A
vat_payable_h_d,Af te dragen BTW hoog tarief diensten,Te betalen Omzetbelasting,1205010.4,BSchBepBtw,liability_current,l10n_nl_rgs.account_tag_1205009,0,M.K.A
vat_payable_h_d_eu,Af te dragen BTW hoog tarief binnen de EU diensten,Te betalen EU omzetbelasting,1205020.76,BSchBepEob,liability_current,l10n_nl_rgs.account_tag_1205009,0,M.K.A200
vat_payable_h_d_non_eu,Af te dragen BTW hoog tarief buiten de EU diensten,Te betalen Omzetbelasting,1205010.73,BSchBepBtw,liability_current,l10n_nl_rgs.account_tag_1205009,0,M.K.A
vat_payable_h_eu,Af te dragen BTW hoog tarief binnen de EU,Te betalen EU omzetbelasting,1205020.16,BSchBepEob,liability_current,l10n_nl_rgs.account_tag_1205009,0,M.K.A200
vat_payable_h_non_eu,Af te dragen BTW hoog tarief buiten de EU,Te betalen Omzetbelasting,1205010.13,BSchBepBtw,liability_current,l10n_nl_rgs.account_tag_1205009,0,M.K.A
vat_payable_l,Af te dragen BTW laag tarief,Te betalen Omzetbelasting,1205010.01,BSchBepBtw,liability_current,l10n_nl_rgs.account_tag_1205009,0,M.K.A
vat_payable_l_d,Af te dragen BTW laag tarief diensten,Te betalen Omzetbelasting,1205010.41,BSchBepBtw,liability_current,l10n_nl_rgs.account_tag_1205009,0,M.K.A
vat_payable_l_d_eu,Af te dragen BTW laag tarief binnen de EU diensten,Te betalen EU omzetbelasting,1205020.77,BSchBepEob,liability_current,l10n_nl_rgs.account_tag_1205009,0,M.K.A200
vat_payable_l_d_non_eu,Af te dragen BTW laag tarief buiten de EU diensten,Te betalen Omzetbelasting,1205010.74,BSchBepBtw,liability_current,l10n_nl_rgs.account_tag_1205009,0,M.K.A
vat_payable_l_eu,Af te dragen BTW laag tarief binnen de EU,Te betalen EU omzetbelasting,1205020.17,BSchBepEob,liability_current,l10n_nl_rgs.account_tag_1205009,0,M.K.A200
vat_payable_l_non_eu,Af te dragen BTW laag tarief buiten de EU,Te betalen Omzetbelasting,1205010.14,BSchBepBtw,liability_current,l10n_nl_rgs.account_tag_1205009,0,M.K.A
vat_payable_v,Af te dragen BTW heffing verlegd,Te betalen Omzetbelasting,1205010.04,BSchBepBtw,liability_current,l10n_nl_rgs.account_tag_1205009,0,M.K.A
vat_payable_v_d,Af te dragen BTW heffing verlegd diensten,Te betalen Omzetbelasting,1205010.44,BSchBepBtw,liability_current,l10n_nl_rgs.account_tag_1205009,0,M.K.A
vat_refund_0,Voorbelasting overige,Terug te vorderen Omzetbelasting vorderingen uit hoofde van belastingen,1102010.1,BVorVbkTvo,liability_current,l10n_nl_rgs.account_tag_1103159,0,G.G.B
vat_refund_0_d,Voorbelasting overige diensten,Terug te vorderen Omzetbelasting vorderingen uit hoofde van belastingen,1102010.7,BVorVbkTvo,liability_current,l10n_nl_rgs.account_tag_1103159,0,G.G.B
vat_refund_0_d_eu,Voorbelasting overige binnen de EU diensten,Terug te vorderen Omzetbelasting vorderingen uit hoofde van belastingen,1102015.83,BVorVbkTvo,liability_current,l10n_nl_rgs.account_tag_1103159,0,G.G.B
vat_refund_0_d_non_eu,Voorbelasting overige buiten EU diensten,Terug te vorderen Omzetbelasting vorderingen uit hoofde van belastingen,1102010.87,BVorVbkTvo,liability_current,l10n_nl_rgs.account_tag_1103159,0,G.G.B
vat_refund_0_eu,Voorbelasting overige binnen de EU,Terug te vorderen Omzetbelasting vorderingen uit hoofde van belastingen,1102015.23,BVorVbkTvo,liability_current,l10n_nl_rgs.account_tag_1103159,0,G.G.B
vat_refund_0_non_eu,Voorbelasting overige buiten EU,Terug te vorderen Omzetbelasting vorderingen uit hoofde van belastingen,1102010.27,BVorVbkTvo,liability_current,l10n_nl_rgs.account_tag_1103159,0,G.G.B
vat_refund_h,Voorbelasting hoog,Terug te vorderen Omzetbelasting vorderingen uit hoofde van belastingen,1102010.2,BVorVbkTvo,liability_current,l10n_nl_rgs.account_tag_1103159,0,G.G.B
vat_refund_h_d,Voorbelasting hoog diensten,Terug te vorderen Omzetbelasting vorderingen uit hoofde van belastingen,1102010.8,BVorVbkTvo,liability_current,l10n_nl_rgs.account_tag_1103159,0,G.G.B
vat_refund_h_d_eu,Voorbelasting hoog binnen de EU diensten,Terug te vorderen Omzetbelasting vorderingen uit hoofde van belastingen,1102015.84,BVorVbkTvo,liability_current,l10n_nl_rgs.account_tag_1103159,0,G.G.B
vat_refund_h_d_non_eu,Voorbelasting hoog buiten EU diensten,Terug te vorderen Omzetbelasting vorderingen uit hoofde van belastingen,1102010.88,BVorVbkTvo,liability_current,l10n_nl_rgs.account_tag_1103159,0,G.G.B
vat_refund_h_eu,Voorbelasting hoog binnen de EU,Terug te vorderen Omzetbelasting vorderingen uit hoofde van belastingen,1102015.24,BVorVbkTvo,liability_current,l10n_nl_rgs.account_tag_1103159,0,G.G.B
vat_refund_h_non_eu,Voorbelasting hoog buiten EU,Terug te vorderen Omzetbelasting vorderingen uit hoofde van belastingen,1102010.28,BVorVbkTvo,liability_current,l10n_nl_rgs.account_tag_1103159,0,G.G.B
vat_refund_l,Voorbelasting laag,Terug te vorderen Omzetbelasting vorderingen uit hoofde van belastingen,1102010.21,BVorVbkTvo,liability_current,l10n_nl_rgs.account_tag_1103159,0,G.G.B
vat_refund_l_d,Voorbelasting laag diensten,Terug te vorderen Omzetbelasting vorderingen uit hoofde van belastingen,1102010.81,BVorVbkTvo,liability_current,l10n_nl_rgs.account_tag_1103159,0,G.G.B
vat_refund_l_d_eu,Voorbelasting laag binnen de EU diensten,Terug te vorderen Omzetbelasting vorderingen uit hoofde van belastingen,1102015.85,BVorVbkTvo,liability_current,l10n_nl_rgs.account_tag_1103159,0,G.G.B
vat_refund_l_d_non_eu,Voorbelasting laag buiten EU diensten,Terug te vorderen Omzetbelasting vorderingen uit hoofde van belastingen,1102010.89,BVorVbkTvo,liability_current,l10n_nl_rgs.account_tag_1103159,0,G.G.B
vat_refund_l_eu,Voorbelasting laag binnen de EU,Terug te vorderen Omzetbelasting vorderingen uit hoofde van belastingen,1102015.25,BVorVbkTvo,liability_current,l10n_nl_rgs.account_tag_1103159,0,G.G.B
vat_refund_l_non_eu,Voorbelasting laag buiten EU,Terug te vorderen Omzetbelasting vorderingen uit hoofde van belastingen,1102010.29,BVorVbkTvo,liability_current,l10n_nl_rgs.account_tag_1103159,0,G.G.B
vat_refund_v,Voorbelasting verlegd,Terug te vorderen Omzetbelasting vorderingen uit hoofde van belastingen,1102010.22,BVorVbkTvo,liability_current,l10n_nl_rgs.account_tag_1103159,0,G.G.B
vat_refund_v_d,Voorbelasting verlegd diensten,Terug te vorderen Omzetbelasting vorderingen uit hoofde van belastingen,1102010.82,BVorVbkTvo,liability_current,l10n_nl_rgs.account_tag_1103159,0,G.G.B
vat_refund_v_d_eu,Voorbelasting verlegd binnen de EU diensten,Terug te vorderen Omzetbelasting vorderingen uit hoofde van belastingen,1102010.86,BVorVbkTvo,liability_current,l10n_nl_rgs.account_tag_1103159,0,G.G.B
vat_refund_v_d_non_eu,Voorbelasting verlegd buiten EU diensten,Terug te vorderen Omzetbelasting vorderingen uit hoofde van belastingen,1102010.35,BVorVbkTvo,liability_current,l10n_nl_rgs.account_tag_1103159,0,G.G.B
vat_refund_v_eu,Voorbelasting verlegd binnen de EU,Terug te vorderen Omzetbelasting vorderingen uit hoofde van belastingen,1102015.26,BVorVbkTvo,liability_current,l10n_nl_rgs.account_tag_1103159,0,G.G.B
vat_refund_v_non_eu,Voorbelasting verlegd buiten EU,Terug te vorderen Omzetbelasting vorderingen uit hoofde van belastingen,1102010.3,BVorVbkTvo,liability_current,l10n_nl_rgs.account_tag_1103159,0,G.G.B
